2025-02-03 17:21:48.869 [    INFO] (           server.py: 288) Starting InstrumentServer RPyC server...
2025-02-03 17:21:48.869 [    INFO] (           server.py: 251) server started on [127.0.0.1]:42068
2025-02-03 17:21:49.014 [   DEBUG] (        highlevel.py:  47) SerialSession was correctly imported.
2025-02-03 17:21:49.041 [   DEBUG] (        highlevel.py:  54) USBSession and USBRawSession were correctly imported.
2025-02-03 17:21:49.045 [   DEBUG] (        highlevel.py:  61) TCPIPSession was correctly imported.
2025-02-03 17:21:49.045 [   DEBUG] (        highlevel.py:  70) GPIBSession was not imported No module named 'gpib'.
2025-02-03 17:21:49.057 [   DEBUG] (        highlevel.py: 201) Created library wrapper for py
2025-02-03 17:21:49.057 [   DEBUG] (        highlevel.py:3019) Created ResourceManager with session 5347664
2025-02-03 17:21:49.057 [   DEBUG] (         resource.py: 278) TCPIP0::10.135.70.65::inst0::INSTR - opening ...
2025-02-03 17:21:49.057 [   DEBUG] (              rpc.py: 481) RawTCPClient: connecting to socket at (10.135.70.65, 111)
2025-02-03 17:21:49.065 [   DEBUG] (              rpc.py: 227) Make call <PortMapperVersion.get_port: 3>, (395183, 1, 6, 0), <bound method PortMapperPacker.pack_mapping of <pyvisa_py.protocols.rpc.PortMapperPacker object at 0x00000260BAA6DE90>>, <bound method Unpacker.unpack_uint of <pyvisa_py.protocols.rpc.PortMapperUnpacker object at 0x00000260BABDDAD0>>
2025-02-03 17:21:49.065 [   DEBUG] (              rpc.py: 298) Sending record through <socket.socket fd=408, family=2, type=1, proto=0, laddr=('10.135.70.59', 52531), raddr=('10.135.70.65', 111)>: b'\x00\x00\x00\x01\x00\x00\x00\x00\x00\x00\x00\x02\x00\x01\x86\xa0\x00\x00\x00\x02\x00\x00\x00\x03\x00\x00\x00\x00\x00\x00\x00\x00\x00\x00\x00\x00\x00\x00\x00\x00\x00\x06\x07\xaf\x00\x00\x00\x01\x00\x00\x00\x06\x00\x00\x00\x00'
2025-02-03 17:21:49.065 [   DEBUG] (              rpc.py: 499) RawTCPClient: procedure type 3
2025-02-03 17:21:49.065 [   DEBUG] (              rpc.py: 332) Start receiving at least 1 packages
2025-02-03 17:21:49.065 [   DEBUG] (              rpc.py: 357) received b'\x80\x00\x00\x1c'
2025-02-03 17:21:49.065 [   DEBUG] (              rpc.py: 357) received b'\x00\x00\x00\x01\x00\x00\x00\x01\x00\x00\x00\x00\x00\x00\x00\x00\x00\x00\x00\x00\x00\x00\x00\x00\x00\x00\x03\xe8'
2025-02-03 17:21:49.065 [   DEBUG] (              rpc.py: 406) Received record through <socket.socket fd=408, family=2, type=1, proto=0, laddr=('10.135.70.59', 52531), raddr=('10.135.70.65', 111)>: bytearray(b'\x00\x00\x00\x01\x00\x00\x00\x01\x00\x00\x00\x00\x00\x00\x00\x00\x00\x00\x00\x00\x00\x00\x00\x00\x00\x00\x03\xe8')
2025-02-03 17:21:49.065 [   DEBUG] (              rpc.py: 489) RawTCPClient: closing socket
2025-02-03 17:21:49.065 [   DEBUG] (              rpc.py: 481) RawTCPClient: connecting to socket at (10.135.70.65, 1000)
2025-02-03 17:21:49.065 [   DEBUG] (              rpc.py: 227) Make call 10, (1537951521, 0, 10000, 'inst0'), <bound method Vxi11Packer.pack_create_link_parms of <pyvisa_py.protocols.vxi11.Vxi11Packer object at 0x00000260BABDD950>>, <bound method Vxi11Unpacker.unpack_create_link_resp of <pyvisa_py.protocols.vxi11.Vxi11Unpacker object at 0x00000260BABDD8D0>>
2025-02-03 17:21:49.065 [   DEBUG] (              rpc.py: 298) Sending record through <socket.socket fd=408, family=2, type=1, proto=0, laddr=('10.135.70.59', 52532), raddr=('10.135.70.65', 1000)>: b"\x00\x00\x00\x01\x00\x00\x00\x00\x00\x00\x00\x02\x00\x06\x07\xaf\x00\x00\x00\x01\x00\x00\x00\n\x00\x00\x00\x00\x00\x00\x00\x00\x00\x00\x00\x00\x00\x00\x00\x00[\xabG!\x00\x00\x00\x00\x00\x00'\x10\x00\x00\x00\x05inst0\x00\x00\x00"
2025-02-03 17:21:49.065 [   DEBUG] (              rpc.py: 499) RawTCPClient: procedure type 10
2025-02-03 17:21:49.065 [   DEBUG] (              rpc.py: 357) received b'\x80\x00\x00('
2025-02-03 17:21:49.065 [   DEBUG] (              rpc.py: 357) received b'\x00\x00\x00\x01\x00\x00\x00\x01\x00\x00\x00\x00\x00\x00\x00\x00\x00\x00\x00\x00\x00\x00\x00\x00\x00\x00\x00\x00\x00\x00\x00\x01\x00\x00\x03\xea\x00\x00\x01\x90'
2025-02-03 17:21:49.065 [   DEBUG] (              rpc.py: 406) Received record through <socket.socket fd=408, family=2, type=1, proto=0, laddr=('10.135.70.59', 52532), raddr=('10.135.70.65', 1000)>: bytearray(b'\x00\x00\x00\x01\x00\x00\x00\x01\x00\x00\x00\x00\x00\x00\x00\x00\x00\x00\x00\x00\x00\x00\x00\x00\x00\x00\x00\x00\x00\x00\x00\x01\x00\x00\x03\xea\x00\x00\x01\x90')
2025-02-03 17:21:49.065 [   DEBUG] (         resource.py: 303) TCPIP0::10.135.70.65::inst0::INSTR - is open with session 8088046
2025-02-03 17:21:49.065 [    INFO] (sg396_driver_current.py:  62) Connected to SG396 [TCPIP::10.135.70.65::inst0::INSTR].
2025-02-03 17:21:49.065 [    INFO] (           server.py: 212) Added device [sg] with args: ['TCPIP::10.135.70.65::inst0::INSTR'] kwargs: {}.
2025-02-03 17:21:49.769 [    INFO] (            utils.py: 148) Note: NumExpr detected 32 cores but "NUMEXPR_MAX_THREADS" not set, so enforcing safe limit of 16.
2025-02-03 17:21:49.769 [    INFO] (            utils.py: 161) NumExpr defaulting to 16 threads.
2025-02-03 17:21:53.150 [   DEBUG] (         byteflow.py:  90) bytecode dump:
>          0	NOP(arg=None, lineno=22)
           2	RESUME(arg=0, lineno=22)
           4	LOAD_FAST(arg=0, lineno=25)
           6	LOAD_FAST(arg=1, lineno=25)
           8	BINARY_SUBSCR(arg=None, lineno=25)
          18	RETURN_VALUE(arg=None, lineno=25)
2025-02-03 17:21:53.150 [   DEBUG] (         byteflow.py: 116) pending: deque([State(pc_initial=0 nstack_initial=0)])
2025-02-03 17:21:53.150 [   DEBUG] (         byteflow.py: 119) stack: []
2025-02-03 17:21:53.150 [   DEBUG] (         byteflow.py: 120) state.pc_initial: State(pc_initial=0 nstack_initial=0)
2025-02-03 17:21:53.150 [   DEBUG] (         byteflow.py: 350) dispatch pc=0, inst=NOP(arg=None, lineno=22)
2025-02-03 17:21:53.150 [   DEBUG] (         byteflow.py: 351) stack []
2025-02-03 17:21:53.150 [   DEBUG] (         byteflow.py: 350) dispatch pc=2, inst=RESUME(arg=0, lineno=22)
2025-02-03 17:21:53.150 [   DEBUG] (         byteflow.py: 351) stack []
2025-02-03 17:21:53.150 [   DEBUG] (         byteflow.py: 350) dispatch pc=4, inst=LOAD_FAST(arg=0, lineno=25)
2025-02-03 17:21:53.150 [   DEBUG] (         byteflow.py: 351) stack []
2025-02-03 17:21:53.150 [   DEBUG] (         byteflow.py: 350) dispatch pc=6, inst=LOAD_FAST(arg=1, lineno=25)
2025-02-03 17:21:53.150 [   DEBUG] (         byteflow.py: 351) stack ['$x4.0']
2025-02-03 17:21:53.150 [   DEBUG] (         byteflow.py: 350) dispatch pc=8, inst=BINARY_SUBSCR(arg=None, lineno=25)
2025-02-03 17:21:53.150 [   DEBUG] (         byteflow.py: 351) stack ['$x4.0', '$off6.1']
2025-02-03 17:21:53.150 [   DEBUG] (         byteflow.py: 350) dispatch pc=18, inst=RETURN_VALUE(arg=None, lineno=25)
2025-02-03 17:21:53.150 [   DEBUG] (         byteflow.py: 351) stack ['$8binary_subscr.2']
2025-02-03 17:21:53.150 [   DEBUG] (         byteflow.py: 138) end state. edges=[]
2025-02-03 17:21:53.150 [   DEBUG] (         byteflow.py: 219) -------------------------Prune PHIs-------------------------
2025-02-03 17:21:53.150 [   DEBUG] (         byteflow.py: 288) Used_phis: defaultdict(<class 'set'>, {State(pc_initial=0 nstack_initial=0): set()})
2025-02-03 17:21:53.150 [   DEBUG] (         byteflow.py: 245) defmap: {}
2025-02-03 17:21:53.150 [   DEBUG] (         byteflow.py: 246) phismap: defaultdict(<class 'set'>, {})
2025-02-03 17:21:53.150 [   DEBUG] (         byteflow.py: 267) changing phismap: defaultdict(<class 'set'>, {})
2025-02-03 17:21:53.150 [   DEBUG] (         byteflow.py: 276) keep phismap: {}
2025-02-03 17:21:53.150 [   DEBUG] (         byteflow.py: 282) new_out: defaultdict(<class 'dict'>, {})
2025-02-03 17:21:53.150 [   DEBUG] (         byteflow.py: 292) ----------------------DONE Prune PHIs-----------------------
2025-02-03 17:21:53.150 [   DEBUG] (         byteflow.py: 150) block_infos State(pc_initial=0 nstack_initial=0):
AdaptBlockInfo(insts=((0, {}), (2, {}), (4, {'res': '$x4.0'}), (6, {'res': '$off6.1'}), (8, {'index': '$off6.1', 'target': '$x4.0', 'res': '$8binary_subscr.2'}), (10, {}), (12, {}), (14, {}), (16, {}), (18, {'retval': '$8binary_subscr.2', 'castval': '$18return_value.3'})), outgoing_phis={}, blockstack=(), active_try_block=None, outgoing_edgepushed={})
2025-02-03 17:21:53.150 [   DEBUG] (      interpreter.py:1416) label 0:
    x = arg(0, name=x)                       ['x']
    off = arg(1, name=off)                   ['off']
    $8binary_subscr.2 = getitem(value=x, index=off, fn=<built-in function getitem>) ['$8binary_subscr.2', 'off', 'x']
    $18return_value.3 = cast(value=$8binary_subscr.2) ['$18return_value.3', '$8binary_subscr.2']
    return $18return_value.3                 ['$18return_value.3']

2025-02-03 17:21:53.160 [   DEBUG] (              ssa.py: 178) ==== SSA block analysis pass on 0
2025-02-03 17:21:53.160 [   DEBUG] (              ssa.py: 208) Running <numba.core.ssa._GatherDefsHandler object at 0x00000260C0C27F90>
2025-02-03 17:21:53.160 [   DEBUG] (              ssa.py: 210) on stmt: x = arg(0, name=x)
2025-02-03 17:21:53.160 [   DEBUG] (              ssa.py: 210) on stmt: off = arg(1, name=off)
2025-02-03 17:21:53.160 [   DEBUG] (              ssa.py: 210) on stmt: $8binary_subscr.2 = getitem(value=x, index=off, fn=<built-in function getitem>)
2025-02-03 17:21:53.160 [   DEBUG] (              ssa.py: 210) on stmt: $18return_value.3 = cast(value=$8binary_subscr.2)
2025-02-03 17:21:53.160 [   DEBUG] (              ssa.py: 210) on stmt: return $18return_value.3
2025-02-03 17:21:53.163 [   DEBUG] (              ssa.py: 157) defs defaultdict(<class 'list'>,
            {'$18return_value.3': [(<numba.core.ir.Assign object at 0x00000260C0C265D0>,
                                    0)],
             '$8binary_subscr.2': [(<numba.core.ir.Assign object at 0x00000260C0C262D0>,
                                    0)],
             'off': [(<numba.core.ir.Assign object at 0x00000260C0C25E50>, 0)],
             'x': [(<numba.core.ir.Assign object at 0x00000260C0C25D50>, 0)]})
2025-02-03 17:21:53.163 [   DEBUG] (              ssa.py: 172) SSA violators <numba.core.utils.OrderedSet object at 0x00000260C0C0F8D0>
2025-02-03 17:21:53.197 [   DEBUG] (         byteflow.py:  90) bytecode dump:
>          0	NOP(arg=None, lineno=26)
           2	RESUME(arg=0, lineno=26)
           4	LOAD_GLOBAL(arg=1, lineno=29)
          16	LOAD_ATTR(arg=1, lineno=29)
          26	LOAD_FAST(arg=0, lineno=29)
          28	LOAD_FAST(arg=1, lineno=29)
          30	LOAD_CONST(arg=1, lineno=29)
          32	BINARY_OP(arg=0, lineno=29)
          36	BINARY_SUBSCR(arg=None, lineno=29)
          46	LOAD_CONST(arg=2, lineno=29)
          48	BINARY_OP(arg=3, lineno=29)
          52	LOAD_FAST(arg=0, lineno=29)
          54	LOAD_FAST(arg=1, lineno=29)
          56	LOAD_CONST(arg=3, lineno=29)
          58	BINARY_OP(arg=0, lineno=29)
          62	BINARY_SUBSCR(arg=None, lineno=29)
          72	BINARY_OP(arg=0, lineno=29)
          76	PRECALL(arg=1, lineno=29)
          80	CALL(arg=1, lineno=29)
          90	RETURN_VALUE(arg=None, lineno=29)
2025-02-03 17:21:53.199 [   DEBUG] (         byteflow.py: 116) pending: deque([State(pc_initial=0 nstack_initial=0)])
2025-02-03 17:21:53.199 [   DEBUG] (         byteflow.py: 119) stack: []
2025-02-03 17:21:53.199 [   DEBUG] (         byteflow.py: 120) state.pc_initial: State(pc_initial=0 nstack_initial=0)
2025-02-03 17:21:53.199 [   DEBUG] (         byteflow.py: 350) dispatch pc=0, inst=NOP(arg=None, lineno=26)
2025-02-03 17:21:53.199 [   DEBUG] (         byteflow.py: 351) stack []
2025-02-03 17:21:53.199 [   DEBUG] (         byteflow.py: 350) dispatch pc=2, inst=RESUME(arg=0, lineno=26)
2025-02-03 17:21:53.199 [   DEBUG] (         byteflow.py: 351) stack []
2025-02-03 17:21:53.199 [   DEBUG] (         byteflow.py: 350) dispatch pc=4, inst=LOAD_GLOBAL(arg=1, lineno=29)
2025-02-03 17:21:53.199 [   DEBUG] (         byteflow.py: 351) stack []
2025-02-03 17:21:53.199 [   DEBUG] (         byteflow.py: 350) dispatch pc=16, inst=LOAD_ATTR(arg=1, lineno=29)
2025-02-03 17:21:53.199 [   DEBUG] (         byteflow.py: 351) stack ['$null$4.1', '$4load_global.0']
2025-02-03 17:21:53.199 [   DEBUG] (         byteflow.py: 350) dispatch pc=26, inst=LOAD_FAST(arg=0, lineno=29)
2025-02-03 17:21:53.199 [   DEBUG] (         byteflow.py: 351) stack ['$null$4.1', '$16load_attr.2']
2025-02-03 17:21:53.199 [   DEBUG] (         byteflow.py: 350) dispatch pc=28, inst=LOAD_FAST(arg=1, lineno=29)
2025-02-03 17:21:53.199 [   DEBUG] (         byteflow.py: 351) stack ['$null$4.1', '$16load_attr.2', '$x26.3']
2025-02-03 17:21:53.199 [   DEBUG] (         byteflow.py: 350) dispatch pc=30, inst=LOAD_CONST(arg=1, lineno=29)
2025-02-03 17:21:53.199 [   DEBUG] (         byteflow.py: 351) stack ['$null$4.1', '$16load_attr.2', '$x26.3', '$off28.4']
2025-02-03 17:21:53.199 [   DEBUG] (         byteflow.py: 350) dispatch pc=32, inst=BINARY_OP(arg=0, lineno=29)
2025-02-03 17:21:53.199 [   DEBUG] (         byteflow.py: 351) stack ['$null$4.1', '$16load_attr.2', '$x26.3', '$off28.4', '$const30.5']
2025-02-03 17:21:53.199 [   DEBUG] (         byteflow.py: 350) dispatch pc=36, inst=BINARY_SUBSCR(arg=None, lineno=29)
2025-02-03 17:21:53.199 [   DEBUG] (         byteflow.py: 351) stack ['$null$4.1', '$16load_attr.2', '$x26.3', '$binop_add32.6']
2025-02-03 17:21:53.199 [   DEBUG] (         byteflow.py: 350) dispatch pc=46, inst=LOAD_CONST(arg=2, lineno=29)
2025-02-03 17:21:53.201 [   DEBUG] (         byteflow.py: 351) stack ['$null$4.1', '$16load_attr.2', '$36binary_subscr.7']
2025-02-03 17:21:53.201 [   DEBUG] (         byteflow.py: 350) dispatch pc=48, inst=BINARY_OP(arg=3, lineno=29)
2025-02-03 17:21:53.201 [   DEBUG] (         byteflow.py: 351) stack ['$null$4.1', '$16load_attr.2', '$36binary_subscr.7', '$const46.8']
2025-02-03 17:21:53.201 [   DEBUG] (         byteflow.py: 350) dispatch pc=52, inst=LOAD_FAST(arg=0, lineno=29)
2025-02-03 17:21:53.201 [   DEBUG] (         byteflow.py: 351) stack ['$null$4.1', '$16load_attr.2', '$binop_lshift48.9']
2025-02-03 17:21:53.201 [   DEBUG] (         byteflow.py: 350) dispatch pc=54, inst=LOAD_FAST(arg=1, lineno=29)
2025-02-03 17:21:53.201 [   DEBUG] (         byteflow.py: 351) stack ['$null$4.1', '$16load_attr.2', '$binop_lshift48.9', '$x52.10']
2025-02-03 17:21:53.201 [   DEBUG] (         byteflow.py: 350) dispatch pc=56, inst=LOAD_CONST(arg=3, lineno=29)
2025-02-03 17:21:53.201 [   DEBUG] (         byteflow.py: 351) stack ['$null$4.1', '$16load_attr.2', '$binop_lshift48.9', '$x52.10', '$off54.11']
2025-02-03 17:21:53.201 [   DEBUG] (         byteflow.py: 350) dispatch pc=58, inst=BINARY_OP(arg=0, lineno=29)
2025-02-03 17:21:53.201 [   DEBUG] (         byteflow.py: 351) stack ['$null$4.1', '$16load_attr.2', '$binop_lshift48.9', '$x52.10', '$off54.11', '$const56.12']
2025-02-03 17:21:53.201 [   DEBUG] (         byteflow.py: 350) dispatch pc=62, inst=BINARY_SUBSCR(arg=None, lineno=29)
2025-02-03 17:21:53.201 [   DEBUG] (         byteflow.py: 351) stack ['$null$4.1', '$16load_attr.2', '$binop_lshift48.9', '$x52.10', '$binop_add58.13']
2025-02-03 17:21:53.201 [   DEBUG] (         byteflow.py: 350) dispatch pc=72, inst=BINARY_OP(arg=0, lineno=29)
2025-02-03 17:21:53.201 [   DEBUG] (         byteflow.py: 351) stack ['$null$4.1', '$16load_attr.2', '$binop_lshift48.9', '$62binary_subscr.14']
2025-02-03 17:21:53.201 [   DEBUG] (         byteflow.py: 350) dispatch pc=76, inst=PRECALL(arg=1, lineno=29)
2025-02-03 17:21:53.201 [   DEBUG] (         byteflow.py: 351) stack ['$null$4.1', '$16load_attr.2', '$binop_add72.15']
2025-02-03 17:21:53.201 [   DEBUG] (         byteflow.py: 350) dispatch pc=80, inst=CALL(arg=1, lineno=29)
2025-02-03 17:21:53.201 [   DEBUG] (         byteflow.py: 351) stack ['$null$4.1', '$16load_attr.2', '$binop_add72.15']
2025-02-03 17:21:53.201 [   DEBUG] (         byteflow.py: 350) dispatch pc=90, inst=RETURN_VALUE(arg=None, lineno=29)
2025-02-03 17:21:53.201 [   DEBUG] (         byteflow.py: 351) stack ['$80call.16']
2025-02-03 17:21:53.201 [   DEBUG] (         byteflow.py: 138) end state. edges=[]
2025-02-03 17:21:53.201 [   DEBUG] (         byteflow.py: 219) -------------------------Prune PHIs-------------------------
2025-02-03 17:21:53.201 [   DEBUG] (         byteflow.py: 288) Used_phis: defaultdict(<class 'set'>, {State(pc_initial=0 nstack_initial=0): set()})
2025-02-03 17:21:53.201 [   DEBUG] (         byteflow.py: 245) defmap: {}
2025-02-03 17:21:53.201 [   DEBUG] (         byteflow.py: 246) phismap: defaultdict(<class 'set'>, {})
2025-02-03 17:21:53.201 [   DEBUG] (         byteflow.py: 267) changing phismap: defaultdict(<class 'set'>, {})
2025-02-03 17:21:53.201 [   DEBUG] (         byteflow.py: 276) keep phismap: {}
2025-02-03 17:21:53.201 [   DEBUG] (         byteflow.py: 282) new_out: defaultdict(<class 'dict'>, {})
2025-02-03 17:21:53.201 [   DEBUG] (         byteflow.py: 292) ----------------------DONE Prune PHIs-----------------------
2025-02-03 17:21:53.201 [   DEBUG] (         byteflow.py: 150) block_infos State(pc_initial=0 nstack_initial=0):
AdaptBlockInfo(insts=((0, {}), (2, {}), (4, {'idx': 0, 'res': '$4load_global.0'}), (6, {}), (8, {}), (10, {}), (12, {}), (14, {}), (16, {'item': '$4load_global.0', 'res': '$16load_attr.2'}), (18, {}), (20, {}), (22, {}), (24, {}), (26, {'res': '$x26.3'}), (28, {'res': '$off28.4'}), (30, {'res': '$const30.5'}), (32, {'op': '+', 'lhs': '$off28.4', 'rhs': '$const30.5', 'res': '$binop_add32.6'}), (34, {}), (36, {'index': '$binop_add32.6', 'target': '$x26.3', 'res': '$36binary_subscr.7'}), (38, {}), (40, {}), (42, {}), (44, {}), (46, {'res': '$const46.8'}), (48, {'op': '<<', 'lhs': '$36binary_subscr.7', 'rhs': '$const46.8', 'res': '$binop_lshift48.9'}), (50, {}), (52, {'res': '$x52.10'}), (54, {'res': '$off54.11'}), (56, {'res': '$const56.12'}), (58, {'op': '+', 'lhs': '$off54.11', 'rhs': '$const56.12', 'res': '$binop_add58.13'}), (60, {}), (62, {'index': '$binop_add58.13', 'target': '$x52.10', 'res': '$62binary_subscr.14'}), (64, {}), (66, {}), (68, {}), (70, {}), (72, {'op': '+', 'lhs': '$binop_lshift48.9', 'rhs': '$62binary_subscr.14', 'res': '$binop_add72.15'}), (74, {}), (76, {}), (78, {}), (80, {'func': '$16load_attr.2', 'args': ['$binop_add72.15'], 'kw_names': None, 'res': '$80call.16'}), (82, {}), (84, {}), (86, {}), (88, {}), (90, {'retval': '$80call.16', 'castval': '$90return_value.17'})), outgoing_phis={}, blockstack=(), active_try_block=None, outgoing_edgepushed={})
2025-02-03 17:21:53.201 [   DEBUG] (      interpreter.py:1416) label 0:
    x = arg(0, name=x)                       ['x']
    off = arg(1, name=off)                   ['off']
    $4load_global.0 = global(nb: <module 'numba' from 'C:\\Users\\ejvil\\miniconda3\\envs\\nspyre\\Lib\\site-packages\\numba\\__init__.py'>) ['$4load_global.0']
    $16load_attr.2 = getattr(value=$4load_global.0, attr=u2) ['$16load_attr.2', '$4load_global.0']
    $const30.5 = const(int, 1)               ['$const30.5']
    $binop_add32.6 = off + $const30.5        ['$binop_add32.6', '$const30.5', 'off']
    $36binary_subscr.7 = getitem(value=x, index=$binop_add32.6, fn=<built-in function getitem>) ['$36binary_subscr.7', '$binop_add32.6', 'x']
    $const46.8 = const(int, 8)               ['$const46.8']
    $binop_lshift48.9 = $36binary_subscr.7 << $const46.8 ['$36binary_subscr.7', '$binop_lshift48.9', '$const46.8']
    $const56.12 = const(int, 0)              ['$const56.12']
    $binop_add58.13 = off + $const56.12      ['$binop_add58.13', '$const56.12', 'off']
    $62binary_subscr.14 = getitem(value=x, index=$binop_add58.13, fn=<built-in function getitem>) ['$62binary_subscr.14', '$binop_add58.13', 'x']
    $binop_add72.15 = $binop_lshift48.9 + $62binary_subscr.14 ['$62binary_subscr.14', '$binop_add72.15', '$binop_lshift48.9']
    $80call.16 = call $16load_attr.2($binop_add72.15, func=$16load_attr.2, args=[Var($binop_add72.15, nbtools.py:29)], kws=(), vararg=None, varkwarg=None, target=None) ['$16load_attr.2', '$80call.16', '$binop_add72.15']
    $90return_value.17 = cast(value=$80call.16) ['$80call.16', '$90return_value.17']
    return $90return_value.17                ['$90return_value.17']

2025-02-03 17:21:53.201 [   DEBUG] (              ssa.py: 178) ==== SSA block analysis pass on 0
2025-02-03 17:21:53.201 [   DEBUG] (              ssa.py: 208) Running <numba.core.ssa._GatherDefsHandler object at 0x00000260C0D1E9D0>
2025-02-03 17:21:53.201 [   DEBUG] (              ssa.py: 210) on stmt: x = arg(0, name=x)
2025-02-03 17:21:53.201 [   DEBUG] (              ssa.py: 210) on stmt: off = arg(1, name=off)
2025-02-03 17:21:53.201 [   DEBUG] (              ssa.py: 210) on stmt: $4load_global.0 = global(nb: <module 'numba' from 'C:\\Users\\ejvil\\miniconda3\\envs\\nspyre\\Lib\\site-packages\\numba\\__init__.py'>)
2025-02-03 17:21:53.201 [   DEBUG] (              ssa.py: 210) on stmt: $16load_attr.2 = getattr(value=$4load_global.0, attr=u2)
2025-02-03 17:21:53.201 [   DEBUG] (              ssa.py: 210) on stmt: $const30.5 = const(int, 1)
2025-02-03 17:21:53.201 [   DEBUG] (              ssa.py: 210) on stmt: $binop_add32.6 = off + $const30.5
2025-02-03 17:21:53.201 [   DEBUG] (              ssa.py: 210) on stmt: $36binary_subscr.7 = getitem(value=x, index=$binop_add32.6, fn=<built-in function getitem>)
2025-02-03 17:21:53.201 [   DEBUG] (              ssa.py: 210) on stmt: $const46.8 = const(int, 8)
2025-02-03 17:21:53.201 [   DEBUG] (              ssa.py: 210) on stmt: $binop_lshift48.9 = $36binary_subscr.7 << $const46.8
2025-02-03 17:21:53.201 [   DEBUG] (              ssa.py: 210) on stmt: $const56.12 = const(int, 0)
2025-02-03 17:21:53.201 [   DEBUG] (              ssa.py: 210) on stmt: $binop_add58.13 = off + $const56.12
2025-02-03 17:21:53.201 [   DEBUG] (              ssa.py: 210) on stmt: $62binary_subscr.14 = getitem(value=x, index=$binop_add58.13, fn=<built-in function getitem>)
2025-02-03 17:21:53.201 [   DEBUG] (              ssa.py: 210) on stmt: $binop_add72.15 = $binop_lshift48.9 + $62binary_subscr.14
2025-02-03 17:21:53.201 [   DEBUG] (              ssa.py: 210) on stmt: $80call.16 = call $16load_attr.2($binop_add72.15, func=$16load_attr.2, args=[Var($binop_add72.15, nbtools.py:29)], kws=(), vararg=None, varkwarg=None, target=None)
2025-02-03 17:21:53.201 [   DEBUG] (              ssa.py: 210) on stmt: $90return_value.17 = cast(value=$80call.16)
2025-02-03 17:21:53.201 [   DEBUG] (              ssa.py: 210) on stmt: return $90return_value.17
2025-02-03 17:21:53.201 [   DEBUG] (              ssa.py: 157) defs defaultdict(<class 'list'>,
            {'$16load_attr.2': [(<numba.core.ir.Assign object at 0x00000260C0CFDF50>,
                                 0)],
             '$36binary_subscr.7': [(<numba.core.ir.Assign object at 0x00000260C0CFEA10>,
                                     0)],
             '$4load_global.0': [(<numba.core.ir.Assign object at 0x00000260C0CFDC50>,
                                  0)],
             '$62binary_subscr.14': [(<numba.core.ir.Assign object at 0x00000260C0CFF810>,
                                      0)],
             '$80call.16': [(<numba.core.ir.Assign object at 0x00000260C0CFFDD0>,
                             0)],
             '$90return_value.17': [(<numba.core.ir.Assign object at 0x00000260C0D1C0D0>,
                                     0)],
             '$binop_add32.6': [(<numba.core.ir.Assign object at 0x00000260C0CFE7D0>,
                                 0)],
             '$binop_add58.13': [(<numba.core.ir.Assign object at 0x00000260C0CFF5D0>,
                                  0)],
             '$binop_add72.15': [(<numba.core.ir.Assign object at 0x00000260C0CFFB10>,
                                  0)],
             '$binop_lshift48.9': [(<numba.core.ir.Assign object at 0x00000260C0CFEED0>,
                                    0)],
             '$const30.5': [(<numba.core.ir.Assign object at 0x00000260C0CFE590>,
                             0)],
             '$const46.8': [(<numba.core.ir.Assign object at 0x00000260C0CFEC90>,
                             0)],
             '$const56.12': [(<numba.core.ir.Assign object at 0x00000260C0CFF390>,
                              0)],
             'off': [(<numba.core.ir.Assign object at 0x00000260C0CFDA10>, 0)],
             'x': [(<numba.core.ir.Assign object at 0x00000260C0CFD950>, 0)]})
2025-02-03 17:21:53.201 [   DEBUG] (              ssa.py: 172) SSA violators <numba.core.utils.OrderedSet object at 0x00000260C0D1E9D0>
2025-02-03 17:21:53.242 [   DEBUG] (         byteflow.py:  90) bytecode dump:
>          0	NOP(arg=None, lineno=30)
           2	RESUME(arg=0, lineno=30)
           4	LOAD_GLOBAL(arg=1, lineno=33)
          16	LOAD_ATTR(arg=1, lineno=33)
          26	LOAD_FAST(arg=0, lineno=33)
          28	LOAD_FAST(arg=1, lineno=33)
          30	LOAD_CONST(arg=1, lineno=33)
          32	BINARY_OP(arg=0, lineno=33)
          36	BINARY_SUBSCR(arg=None, lineno=33)
          46	LOAD_CONST(arg=2, lineno=33)
          48	BINARY_OP(arg=3, lineno=33)
          52	LOAD_FAST(arg=0, lineno=33)
          54	LOAD_FAST(arg=1, lineno=33)
          56	LOAD_CONST(arg=3, lineno=33)
          58	BINARY_OP(arg=0, lineno=33)
          62	BINARY_SUBSCR(arg=None, lineno=33)
          72	LOAD_CONST(arg=4, lineno=33)
          74	BINARY_OP(arg=3, lineno=33)
          78	BINARY_OP(arg=0, lineno=33)
          82	LOAD_FAST(arg=0, lineno=33)
          84	LOAD_FAST(arg=1, lineno=33)
          86	LOAD_CONST(arg=5, lineno=33)
          88	BINARY_OP(arg=0, lineno=33)
          92	BINARY_SUBSCR(arg=None, lineno=33)
         102	LOAD_CONST(arg=6, lineno=33)
         104	BINARY_OP(arg=3, lineno=33)
         108	BINARY_OP(arg=0, lineno=33)
         112	LOAD_FAST(arg=0, lineno=33)
         114	LOAD_FAST(arg=1, lineno=33)
         116	LOAD_CONST(arg=7, lineno=33)
         118	BINARY_OP(arg=0, lineno=33)
         122	BINARY_SUBSCR(arg=None, lineno=33)
         132	BINARY_OP(arg=0, lineno=33)
         136	PRECALL(arg=1, lineno=33)
         140	CALL(arg=1, lineno=33)
         150	RETURN_VALUE(arg=None, lineno=33)
2025-02-03 17:21:53.242 [   DEBUG] (         byteflow.py: 116) pending: deque([State(pc_initial=0 nstack_initial=0)])
2025-02-03 17:21:53.242 [   DEBUG] (         byteflow.py: 119) stack: []
2025-02-03 17:21:53.242 [   DEBUG] (         byteflow.py: 120) state.pc_initial: State(pc_initial=0 nstack_initial=0)
2025-02-03 17:21:53.242 [   DEBUG] (         byteflow.py: 350) dispatch pc=0, inst=NOP(arg=None, lineno=30)
2025-02-03 17:21:53.242 [   DEBUG] (         byteflow.py: 351) stack []
2025-02-03 17:21:53.242 [   DEBUG] (         byteflow.py: 350) dispatch pc=2, inst=RESUME(arg=0, lineno=30)
2025-02-03 17:21:53.242 [   DEBUG] (         byteflow.py: 351) stack []
2025-02-03 17:21:53.242 [   DEBUG] (         byteflow.py: 350) dispatch pc=4, inst=LOAD_GLOBAL(arg=1, lineno=33)
2025-02-03 17:21:53.242 [   DEBUG] (         byteflow.py: 351) stack []
2025-02-03 17:21:53.242 [   DEBUG] (         byteflow.py: 350) dispatch pc=16, inst=LOAD_ATTR(arg=1, lineno=33)
2025-02-03 17:21:53.242 [   DEBUG] (         byteflow.py: 351) stack ['$null$4.1', '$4load_global.0']
2025-02-03 17:21:53.242 [   DEBUG] (         byteflow.py: 350) dispatch pc=26, inst=LOAD_FAST(arg=0, lineno=33)
2025-02-03 17:21:53.242 [   DEBUG] (         byteflow.py: 351) stack ['$null$4.1', '$16load_attr.2']
2025-02-03 17:21:53.242 [   DEBUG] (         byteflow.py: 350) dispatch pc=28, inst=LOAD_FAST(arg=1, lineno=33)
2025-02-03 17:21:53.242 [   DEBUG] (         byteflow.py: 351) stack ['$null$4.1', '$16load_attr.2', '$x26.3']
2025-02-03 17:21:53.242 [   DEBUG] (         byteflow.py: 350) dispatch pc=30, inst=LOAD_CONST(arg=1, lineno=33)
2025-02-03 17:21:53.242 [   DEBUG] (         byteflow.py: 351) stack ['$null$4.1', '$16load_attr.2', '$x26.3', '$off28.4']
2025-02-03 17:21:53.242 [   DEBUG] (         byteflow.py: 350) dispatch pc=32, inst=BINARY_OP(arg=0, lineno=33)
2025-02-03 17:21:53.242 [   DEBUG] (         byteflow.py: 351) stack ['$null$4.1', '$16load_attr.2', '$x26.3', '$off28.4', '$const30.5']
2025-02-03 17:21:53.242 [   DEBUG] (         byteflow.py: 350) dispatch pc=36, inst=BINARY_SUBSCR(arg=None, lineno=33)
2025-02-03 17:21:53.242 [   DEBUG] (         byteflow.py: 351) stack ['$null$4.1', '$16load_attr.2', '$x26.3', '$binop_add32.6']
2025-02-03 17:21:53.242 [   DEBUG] (         byteflow.py: 350) dispatch pc=46, inst=LOAD_CONST(arg=2, lineno=33)
2025-02-03 17:21:53.242 [   DEBUG] (         byteflow.py: 351) stack ['$null$4.1', '$16load_attr.2', '$36binary_subscr.7']
2025-02-03 17:21:53.242 [   DEBUG] (         byteflow.py: 350) dispatch pc=48, inst=BINARY_OP(arg=3, lineno=33)
2025-02-03 17:21:53.242 [   DEBUG] (         byteflow.py: 351) stack ['$null$4.1', '$16load_attr.2', '$36binary_subscr.7', '$const46.8']
2025-02-03 17:21:53.242 [   DEBUG] (         byteflow.py: 350) dispatch pc=52, inst=LOAD_FAST(arg=0, lineno=33)
2025-02-03 17:21:53.242 [   DEBUG] (         byteflow.py: 351) stack ['$null$4.1', '$16load_attr.2', '$binop_lshift48.9']
2025-02-03 17:21:53.242 [   DEBUG] (         byteflow.py: 350) dispatch pc=54, inst=LOAD_FAST(arg=1, lineno=33)
2025-02-03 17:21:53.242 [   DEBUG] (         byteflow.py: 351) stack ['$null$4.1', '$16load_attr.2', '$binop_lshift48.9', '$x52.10']
2025-02-03 17:21:53.242 [   DEBUG] (         byteflow.py: 350) dispatch pc=56, inst=LOAD_CONST(arg=3, lineno=33)
2025-02-03 17:21:53.242 [   DEBUG] (         byteflow.py: 351) stack ['$null$4.1', '$16load_attr.2', '$binop_lshift48.9', '$x52.10', '$off54.11']
2025-02-03 17:21:53.242 [   DEBUG] (         byteflow.py: 350) dispatch pc=58, inst=BINARY_OP(arg=0, lineno=33)
2025-02-03 17:21:53.242 [   DEBUG] (         byteflow.py: 351) stack ['$null$4.1', '$16load_attr.2', '$binop_lshift48.9', '$x52.10', '$off54.11', '$const56.12']
2025-02-03 17:21:53.242 [   DEBUG] (         byteflow.py: 350) dispatch pc=62, inst=BINARY_SUBSCR(arg=None, lineno=33)
2025-02-03 17:21:53.242 [   DEBUG] (         byteflow.py: 351) stack ['$null$4.1', '$16load_attr.2', '$binop_lshift48.9', '$x52.10', '$binop_add58.13']
2025-02-03 17:21:53.242 [   DEBUG] (         byteflow.py: 350) dispatch pc=72, inst=LOAD_CONST(arg=4, lineno=33)
2025-02-03 17:21:53.242 [   DEBUG] (         byteflow.py: 351) stack ['$null$4.1', '$16load_attr.2', '$binop_lshift48.9', '$62binary_subscr.14']
2025-02-03 17:21:53.242 [   DEBUG] (         byteflow.py: 350) dispatch pc=74, inst=BINARY_OP(arg=3, lineno=33)
2025-02-03 17:21:53.242 [   DEBUG] (         byteflow.py: 351) stack ['$null$4.1', '$16load_attr.2', '$binop_lshift48.9', '$62binary_subscr.14', '$const72.15']
2025-02-03 17:21:53.242 [   DEBUG] (         byteflow.py: 350) dispatch pc=78, inst=BINARY_OP(arg=0, lineno=33)
2025-02-03 17:21:53.242 [   DEBUG] (         byteflow.py: 351) stack ['$null$4.1', '$16load_attr.2', '$binop_lshift48.9', '$binop_lshift74.16']
2025-02-03 17:21:53.242 [   DEBUG] (         byteflow.py: 350) dispatch pc=82, inst=LOAD_FAST(arg=0, lineno=33)
2025-02-03 17:21:53.242 [   DEBUG] (         byteflow.py: 351) stack ['$null$4.1', '$16load_attr.2', '$binop_add78.17']
2025-02-03 17:21:53.242 [   DEBUG] (         byteflow.py: 350) dispatch pc=84, inst=LOAD_FAST(arg=1, lineno=33)
2025-02-03 17:21:53.242 [   DEBUG] (         byteflow.py: 351) stack ['$null$4.1', '$16load_attr.2', '$binop_add78.17', '$x82.18']
2025-02-03 17:21:53.242 [   DEBUG] (         byteflow.py: 350) dispatch pc=86, inst=LOAD_CONST(arg=5, lineno=33)
2025-02-03 17:21:53.242 [   DEBUG] (         byteflow.py: 351) stack ['$null$4.1', '$16load_attr.2', '$binop_add78.17', '$x82.18', '$off84.19']
2025-02-03 17:21:53.242 [   DEBUG] (         byteflow.py: 350) dispatch pc=88, inst=BINARY_OP(arg=0, lineno=33)
2025-02-03 17:21:53.242 [   DEBUG] (         byteflow.py: 351) stack ['$null$4.1', '$16load_attr.2', '$binop_add78.17', '$x82.18', '$off84.19', '$const86.20']
2025-02-03 17:21:53.242 [   DEBUG] (         byteflow.py: 350) dispatch pc=92, inst=BINARY_SUBSCR(arg=None, lineno=33)
2025-02-03 17:21:53.242 [   DEBUG] (         byteflow.py: 351) stack ['$null$4.1', '$16load_attr.2', '$binop_add78.17', '$x82.18', '$binop_add88.21']
2025-02-03 17:21:53.242 [   DEBUG] (         byteflow.py: 350) dispatch pc=102, inst=LOAD_CONST(arg=6, lineno=33)
2025-02-03 17:21:53.242 [   DEBUG] (         byteflow.py: 351) stack ['$null$4.1', '$16load_attr.2', '$binop_add78.17', '$92binary_subscr.22']
2025-02-03 17:21:53.242 [   DEBUG] (         byteflow.py: 350) dispatch pc=104, inst=BINARY_OP(arg=3, lineno=33)
2025-02-03 17:21:53.242 [   DEBUG] (         byteflow.py: 351) stack ['$null$4.1', '$16load_attr.2', '$binop_add78.17', '$92binary_subscr.22', '$const102.23']
2025-02-03 17:21:53.242 [   DEBUG] (         byteflow.py: 350) dispatch pc=108, inst=BINARY_OP(arg=0, lineno=33)
2025-02-03 17:21:53.242 [   DEBUG] (         byteflow.py: 351) stack ['$null$4.1', '$16load_attr.2', '$binop_add78.17', '$binop_lshift104.24']
2025-02-03 17:21:53.242 [   DEBUG] (         byteflow.py: 350) dispatch pc=112, inst=LOAD_FAST(arg=0, lineno=33)
2025-02-03 17:21:53.242 [   DEBUG] (         byteflow.py: 351) stack ['$null$4.1', '$16load_attr.2', '$binop_add108.25']
2025-02-03 17:21:53.242 [   DEBUG] (         byteflow.py: 350) dispatch pc=114, inst=LOAD_FAST(arg=1, lineno=33)
2025-02-03 17:21:53.242 [   DEBUG] (         byteflow.py: 351) stack ['$null$4.1', '$16load_attr.2', '$binop_add108.25', '$x112.26']
2025-02-03 17:21:53.242 [   DEBUG] (         byteflow.py: 350) dispatch pc=116, inst=LOAD_CONST(arg=7, lineno=33)
2025-02-03 17:21:53.242 [   DEBUG] (         byteflow.py: 351) stack ['$null$4.1', '$16load_attr.2', '$binop_add108.25', '$x112.26', '$off114.27']
2025-02-03 17:21:53.242 [   DEBUG] (         byteflow.py: 350) dispatch pc=118, inst=BINARY_OP(arg=0, lineno=33)
2025-02-03 17:21:53.242 [   DEBUG] (         byteflow.py: 351) stack ['$null$4.1', '$16load_attr.2', '$binop_add108.25', '$x112.26', '$off114.27', '$const116.28']
2025-02-03 17:21:53.242 [   DEBUG] (         byteflow.py: 350) dispatch pc=122, inst=BINARY_SUBSCR(arg=None, lineno=33)
2025-02-03 17:21:53.242 [   DEBUG] (         byteflow.py: 351) stack ['$null$4.1', '$16load_attr.2', '$binop_add108.25', '$x112.26', '$binop_add118.29']
2025-02-03 17:21:53.242 [   DEBUG] (         byteflow.py: 350) dispatch pc=132, inst=BINARY_OP(arg=0, lineno=33)
2025-02-03 17:21:53.242 [   DEBUG] (         byteflow.py: 351) stack ['$null$4.1', '$16load_attr.2', '$binop_add108.25', '$122binary_subscr.30']
2025-02-03 17:21:53.242 [   DEBUG] (         byteflow.py: 350) dispatch pc=136, inst=PRECALL(arg=1, lineno=33)
2025-02-03 17:21:53.242 [   DEBUG] (         byteflow.py: 351) stack ['$null$4.1', '$16load_attr.2', '$binop_add132.31']
2025-02-03 17:21:53.242 [   DEBUG] (         byteflow.py: 350) dispatch pc=140, inst=CALL(arg=1, lineno=33)
2025-02-03 17:21:53.242 [   DEBUG] (         byteflow.py: 351) stack ['$null$4.1', '$16load_attr.2', '$binop_add132.31']
2025-02-03 17:21:53.242 [   DEBUG] (         byteflow.py: 350) dispatch pc=150, inst=RETURN_VALUE(arg=None, lineno=33)
2025-02-03 17:21:53.242 [   DEBUG] (         byteflow.py: 351) stack ['$140call.32']
2025-02-03 17:21:53.242 [   DEBUG] (         byteflow.py: 138) end state. edges=[]
2025-02-03 17:21:53.242 [   DEBUG] (         byteflow.py: 219) -------------------------Prune PHIs-------------------------
2025-02-03 17:21:53.242 [   DEBUG] (         byteflow.py: 288) Used_phis: defaultdict(<class 'set'>, {State(pc_initial=0 nstack_initial=0): set()})
2025-02-03 17:21:53.242 [   DEBUG] (         byteflow.py: 245) defmap: {}
2025-02-03 17:21:53.252 [   DEBUG] (         byteflow.py: 246) phismap: defaultdict(<class 'set'>, {})
2025-02-03 17:21:53.252 [   DEBUG] (         byteflow.py: 267) changing phismap: defaultdict(<class 'set'>, {})
2025-02-03 17:21:53.252 [   DEBUG] (         byteflow.py: 276) keep phismap: {}
2025-02-03 17:21:53.252 [   DEBUG] (         byteflow.py: 282) new_out: defaultdict(<class 'dict'>, {})
2025-02-03 17:21:53.252 [   DEBUG] (         byteflow.py: 292) ----------------------DONE Prune PHIs-----------------------
2025-02-03 17:21:53.252 [   DEBUG] (         byteflow.py: 150) block_infos State(pc_initial=0 nstack_initial=0):
AdaptBlockInfo(insts=((0, {}), (2, {}), (4, {'idx': 0, 'res': '$4load_global.0'}), (6, {}), (8, {}), (10, {}), (12, {}), (14, {}), (16, {'item': '$4load_global.0', 'res': '$16load_attr.2'}), (18, {}), (20, {}), (22, {}), (24, {}), (26, {'res': '$x26.3'}), (28, {'res': '$off28.4'}), (30, {'res': '$const30.5'}), (32, {'op': '+', 'lhs': '$off28.4', 'rhs': '$const30.5', 'res': '$binop_add32.6'}), (34, {}), (36, {'index': '$binop_add32.6', 'target': '$x26.3', 'res': '$36binary_subscr.7'}), (38, {}), (40, {}), (42, {}), (44, {}), (46, {'res': '$const46.8'}), (48, {'op': '<<', 'lhs': '$36binary_subscr.7', 'rhs': '$const46.8', 'res': '$binop_lshift48.9'}), (50, {}), (52, {'res': '$x52.10'}), (54, {'res': '$off54.11'}), (56, {'res': '$const56.12'}), (58, {'op': '+', 'lhs': '$off54.11', 'rhs': '$const56.12', 'res': '$binop_add58.13'}), (60, {}), (62, {'index': '$binop_add58.13', 'target': '$x52.10', 'res': '$62binary_subscr.14'}), (64, {}), (66, {}), (68, {}), (70, {}), (72, {'res': '$const72.15'}), (74, {'op': '<<', 'lhs': '$62binary_subscr.14', 'rhs': '$const72.15', 'res': '$binop_lshift74.16'}), (76, {}), (78, {'op': '+', 'lhs': '$binop_lshift48.9', 'rhs': '$binop_lshift74.16', 'res': '$binop_add78.17'}), (80, {}), (82, {'res': '$x82.18'}), (84, {'res': '$off84.19'}), (86, {'res': '$const86.20'}), (88, {'op': '+', 'lhs': '$off84.19', 'rhs': '$const86.20', 'res': '$binop_add88.21'}), (90, {}), (92, {'index': '$binop_add88.21', 'target': '$x82.18', 'res': '$92binary_subscr.22'}), (94, {}), (96, {}), (98, {}), (100, {}), (102, {'res': '$const102.23'}), (104, {'op': '<<', 'lhs': '$92binary_subscr.22', 'rhs': '$const102.23', 'res': '$binop_lshift104.24'}), (106, {}), (108, {'op': '+', 'lhs': '$binop_add78.17', 'rhs': '$binop_lshift104.24', 'res': '$binop_add108.25'}), (110, {}), (112, {'res': '$x112.26'}), (114, {'res': '$off114.27'}), (116, {'res': '$const116.28'}), (118, {'op': '+', 'lhs': '$off114.27', 'rhs': '$const116.28', 'res': '$binop_add118.29'}), (120, {}), (122, {'index': '$binop_add118.29', 'target': '$x112.26', 'res': '$122binary_subscr.30'}), (124, {}), (126, {}), (128, {}), (130, {}), (132, {'op': '+', 'lhs': '$binop_add108.25', 'rhs': '$122binary_subscr.30', 'res': '$binop_add132.31'}), (134, {}), (136, {}), (138, {}), (140, {'func': '$16load_attr.2', 'args': ['$binop_add132.31'], 'kw_names': None, 'res': '$140call.32'}), (142, {}), (144, {}), (146, {}), (148, {}), (150, {'retval': '$140call.32', 'castval': '$150return_value.33'})), outgoing_phis={}, blockstack=(), active_try_block=None, outgoing_edgepushed={})
2025-02-03 17:21:53.252 [   DEBUG] (      interpreter.py:1416) label 0:
    x = arg(0, name=x)                       ['x']
    off = arg(1, name=off)                   ['off']
    $4load_global.0 = global(nb: <module 'numba' from 'C:\\Users\\ejvil\\miniconda3\\envs\\nspyre\\Lib\\site-packages\\numba\\__init__.py'>) ['$4load_global.0']
    $16load_attr.2 = getattr(value=$4load_global.0, attr=u4) ['$16load_attr.2', '$4load_global.0']
    $const30.5 = const(int, 3)               ['$const30.5']
    $binop_add32.6 = off + $const30.5        ['$binop_add32.6', '$const30.5', 'off']
    $36binary_subscr.7 = getitem(value=x, index=$binop_add32.6, fn=<built-in function getitem>) ['$36binary_subscr.7', '$binop_add32.6', 'x']
    $const46.8 = const(int, 24)              ['$const46.8']
    $binop_lshift48.9 = $36binary_subscr.7 << $const46.8 ['$36binary_subscr.7', '$binop_lshift48.9', '$const46.8']
    $const56.12 = const(int, 2)              ['$const56.12']
    $binop_add58.13 = off + $const56.12      ['$binop_add58.13', '$const56.12', 'off']
    $62binary_subscr.14 = getitem(value=x, index=$binop_add58.13, fn=<built-in function getitem>) ['$62binary_subscr.14', '$binop_add58.13', 'x']
    $const72.15 = const(int, 16)             ['$const72.15']
    $binop_lshift74.16 = $62binary_subscr.14 << $const72.15 ['$62binary_subscr.14', '$binop_lshift74.16', '$const72.15']
    $binop_add78.17 = $binop_lshift48.9 + $binop_lshift74.16 ['$binop_add78.17', '$binop_lshift48.9', '$binop_lshift74.16']
    $const86.20 = const(int, 1)              ['$const86.20']
    $binop_add88.21 = off + $const86.20      ['$binop_add88.21', '$const86.20', 'off']
    $92binary_subscr.22 = getitem(value=x, index=$binop_add88.21, fn=<built-in function getitem>) ['$92binary_subscr.22', '$binop_add88.21', 'x']
    $const102.23 = const(int, 8)             ['$const102.23']
    $binop_lshift104.24 = $92binary_subscr.22 << $const102.23 ['$92binary_subscr.22', '$binop_lshift104.24', '$const102.23']
    $binop_add108.25 = $binop_add78.17 + $binop_lshift104.24 ['$binop_add108.25', '$binop_add78.17', '$binop_lshift104.24']
    $const116.28 = const(int, 0)             ['$const116.28']
    $binop_add118.29 = off + $const116.28    ['$binop_add118.29', '$const116.28', 'off']
    $122binary_subscr.30 = getitem(value=x, index=$binop_add118.29, fn=<built-in function getitem>) ['$122binary_subscr.30', '$binop_add118.29', 'x']
    $binop_add132.31 = $binop_add108.25 + $122binary_subscr.30 ['$122binary_subscr.30', '$binop_add108.25', '$binop_add132.31']
    $140call.32 = call $16load_attr.2($binop_add132.31, func=$16load_attr.2, args=[Var($binop_add132.31, nbtools.py:33)], kws=(), vararg=None, varkwarg=None, target=None) ['$140call.32', '$16load_attr.2', '$binop_add132.31']
    $150return_value.33 = cast(value=$140call.32) ['$140call.32', '$150return_value.33']
    return $150return_value.33               ['$150return_value.33']

2025-02-03 17:21:53.254 [   DEBUG] (              ssa.py: 178) ==== SSA block analysis pass on 0
2025-02-03 17:21:53.254 [   DEBUG] (              ssa.py: 208) Running <numba.core.ssa._GatherDefsHandler object at 0x00000260C0CD6F10>
2025-02-03 17:21:53.254 [   DEBUG] (              ssa.py: 210) on stmt: x = arg(0, name=x)
2025-02-03 17:21:53.254 [   DEBUG] (              ssa.py: 210) on stmt: off = arg(1, name=off)
2025-02-03 17:21:53.254 [   DEBUG] (              ssa.py: 210) on stmt: $4load_global.0 = global(nb: <module 'numba' from 'C:\\Users\\ejvil\\miniconda3\\envs\\nspyre\\Lib\\site-packages\\numba\\__init__.py'>)
2025-02-03 17:21:53.254 [   DEBUG] (              ssa.py: 210) on stmt: $16load_attr.2 = getattr(value=$4load_global.0, attr=u4)
2025-02-03 17:21:53.254 [   DEBUG] (              ssa.py: 210) on stmt: $const30.5 = const(int, 3)
2025-02-03 17:21:53.254 [   DEBUG] (              ssa.py: 210) on stmt: $binop_add32.6 = off + $const30.5
2025-02-03 17:21:53.254 [   DEBUG] (              ssa.py: 210) on stmt: $36binary_subscr.7 = getitem(value=x, index=$binop_add32.6, fn=<built-in function getitem>)
2025-02-03 17:21:53.261 [   DEBUG] (              ssa.py: 210) on stmt: $const46.8 = const(int, 24)
2025-02-03 17:21:53.261 [   DEBUG] (              ssa.py: 210) on stmt: $binop_lshift48.9 = $36binary_subscr.7 << $const46.8
2025-02-03 17:21:53.261 [   DEBUG] (              ssa.py: 210) on stmt: $const56.12 = const(int, 2)
2025-02-03 17:21:53.261 [   DEBUG] (              ssa.py: 210) on stmt: $binop_add58.13 = off + $const56.12
2025-02-03 17:21:53.261 [   DEBUG] (              ssa.py: 210) on stmt: $62binary_subscr.14 = getitem(value=x, index=$binop_add58.13, fn=<built-in function getitem>)
2025-02-03 17:21:53.261 [   DEBUG] (              ssa.py: 210) on stmt: $const72.15 = const(int, 16)
2025-02-03 17:21:53.261 [   DEBUG] (              ssa.py: 210) on stmt: $binop_lshift74.16 = $62binary_subscr.14 << $const72.15
2025-02-03 17:21:53.261 [   DEBUG] (              ssa.py: 210) on stmt: $binop_add78.17 = $binop_lshift48.9 + $binop_lshift74.16
2025-02-03 17:21:53.261 [   DEBUG] (              ssa.py: 210) on stmt: $const86.20 = const(int, 1)
2025-02-03 17:21:53.261 [   DEBUG] (              ssa.py: 210) on stmt: $binop_add88.21 = off + $const86.20
2025-02-03 17:21:53.261 [   DEBUG] (              ssa.py: 210) on stmt: $92binary_subscr.22 = getitem(value=x, index=$binop_add88.21, fn=<built-in function getitem>)
2025-02-03 17:21:53.261 [   DEBUG] (              ssa.py: 210) on stmt: $const102.23 = const(int, 8)
2025-02-03 17:21:53.261 [   DEBUG] (              ssa.py: 210) on stmt: $binop_lshift104.24 = $92binary_subscr.22 << $const102.23
2025-02-03 17:21:53.261 [   DEBUG] (              ssa.py: 210) on stmt: $binop_add108.25 = $binop_add78.17 + $binop_lshift104.24
2025-02-03 17:21:53.261 [   DEBUG] (              ssa.py: 210) on stmt: $const116.28 = const(int, 0)
2025-02-03 17:21:53.261 [   DEBUG] (              ssa.py: 210) on stmt: $binop_add118.29 = off + $const116.28
2025-02-03 17:21:53.261 [   DEBUG] (              ssa.py: 210) on stmt: $122binary_subscr.30 = getitem(value=x, index=$binop_add118.29, fn=<built-in function getitem>)
2025-02-03 17:21:53.261 [   DEBUG] (              ssa.py: 210) on stmt: $binop_add132.31 = $binop_add108.25 + $122binary_subscr.30
2025-02-03 17:21:53.261 [   DEBUG] (              ssa.py: 210) on stmt: $140call.32 = call $16load_attr.2($binop_add132.31, func=$16load_attr.2, args=[Var($binop_add132.31, nbtools.py:33)], kws=(), vararg=None, varkwarg=None, target=None)
2025-02-03 17:21:53.261 [   DEBUG] (              ssa.py: 210) on stmt: $150return_value.33 = cast(value=$140call.32)
2025-02-03 17:21:53.261 [   DEBUG] (              ssa.py: 210) on stmt: return $150return_value.33
2025-02-03 17:21:53.262 [   DEBUG] (              ssa.py: 157) defs defaultdict(<class 'list'>,
            {'$122binary_subscr.30': [(<numba.core.ir.Assign object at 0x00000260C0D4CFD0>,
                                       0)],
             '$140call.32': [(<numba.core.ir.Assign object at 0x00000260C0D4D5D0>,
                              0)],
             '$150return_value.33': [(<numba.core.ir.Assign object at 0x00000260C0D4D850>,
                                      0)],
             '$16load_attr.2': [(<numba.core.ir.Assign object at 0x00000260C0D45690>,
                                 0)],
             '$36binary_subscr.7': [(<numba.core.ir.Assign object at 0x00000260C0D46150>,
                                     0)],
             '$4load_global.0': [(<numba.core.ir.Assign object at 0x00000260C0D45390>,
                                  0)],
             '$62binary_subscr.14': [(<numba.core.ir.Assign object at 0x00000260C0D46F10>,
                                      0)],
             '$92binary_subscr.22': [(<numba.core.ir.Assign object at 0x00000260C0D47F50>,
                                      0)],
             '$binop_add108.25': [(<numba.core.ir.Assign object at 0x00000260C0D4C690>,
                                   0)],
             '$binop_add118.29': [(<numba.core.ir.Assign object at 0x00000260C0D4CD90>,
                                   0)],
             '$binop_add132.31': [(<numba.core.ir.Assign object at 0x00000260C0D4D310>,
                                   0)],
             '$binop_add32.6': [(<numba.core.ir.Assign object at 0x00000260C0D45F10>,
                                 0)],
             '$binop_add58.13': [(<numba.core.ir.Assign object at 0x00000260C0D46CD0>,
                                  0)],
             '$binop_add78.17': [(<numba.core.ir.Assign object at 0x00000260C0D47650>,
                                  0)],
             '$binop_add88.21': [(<numba.core.ir.Assign object at 0x00000260C0D47D10>,
                                  0)],
             '$binop_lshift104.24': [(<numba.core.ir.Assign object at 0x00000260C0D4C410>,
                                      0)],
             '$binop_lshift48.9': [(<numba.core.ir.Assign object at 0x00000260C0D46590>,
                                    0)],
             '$binop_lshift74.16': [(<numba.core.ir.Assign object at 0x00000260C0D47410>,
                                     0)],
             '$const102.23': [(<numba.core.ir.Assign object at 0x00000260C0D4C1D0>,
                               0)],
             '$const116.28': [(<numba.core.ir.Assign object at 0x00000260C0D4CB10>,
                               0)],
             '$const30.5': [(<numba.core.ir.Assign object at 0x00000260C0D45CD0>,
                             0)],
             '$const46.8': [(<numba.core.ir.Assign object at 0x00000260C0D46350>,
                             0)],
             '$const56.12': [(<numba.core.ir.Assign object at 0x00000260C0D46A90>,
                              0)],
             '$const72.15': [(<numba.core.ir.Assign object at 0x00000260C0D471D0>,
                              0)],
             '$const86.20': [(<numba.core.ir.Assign object at 0x00000260C0D47B10>,
                              0)],
             'off': [(<numba.core.ir.Assign object at 0x00000260C0D450D0>, 0)],
             'x': [(<numba.core.ir.Assign object at 0x00000260C0D44FD0>, 0)]})
2025-02-03 17:21:53.262 [   DEBUG] (              ssa.py: 172) SSA violators <numba.core.utils.OrderedSet object at 0x00000260C0CD6F10>
2025-02-03 17:21:53.303 [   DEBUG] (         byteflow.py:  90) bytecode dump:
>          0	NOP(arg=None, lineno=34)
           2	RESUME(arg=0, lineno=34)
           4	LOAD_GLOBAL(arg=1, lineno=37)
          16	LOAD_ATTR(arg=1, lineno=37)
          26	LOAD_FAST(arg=0, lineno=37)
          28	LOAD_FAST(arg=1, lineno=37)
          30	LOAD_CONST(arg=1, lineno=37)
          32	BINARY_OP(arg=0, lineno=37)
          36	BINARY_SUBSCR(arg=None, lineno=37)
          46	LOAD_CONST(arg=2, lineno=37)
          48	BINARY_OP(arg=3, lineno=37)
          52	LOAD_FAST(arg=0, lineno=37)
          54	LOAD_FAST(arg=1, lineno=37)
          56	LOAD_CONST(arg=3, lineno=37)
          58	BINARY_OP(arg=0, lineno=37)
          62	BINARY_SUBSCR(arg=None, lineno=37)
          72	LOAD_CONST(arg=4, lineno=37)
          74	BINARY_OP(arg=3, lineno=37)
          78	BINARY_OP(arg=0, lineno=37)
          82	LOAD_FAST(arg=0, lineno=37)
          84	LOAD_FAST(arg=1, lineno=37)
          86	LOAD_CONST(arg=5, lineno=37)
          88	BINARY_OP(arg=0, lineno=37)
          92	BINARY_SUBSCR(arg=None, lineno=37)
         102	LOAD_CONST(arg=6, lineno=37)
         104	BINARY_OP(arg=3, lineno=37)
         108	BINARY_OP(arg=0, lineno=37)
         112	LOAD_FAST(arg=0, lineno=37)
         114	LOAD_FAST(arg=1, lineno=37)
         116	LOAD_CONST(arg=7, lineno=37)
         118	BINARY_OP(arg=0, lineno=37)
         122	BINARY_SUBSCR(arg=None, lineno=37)
         132	LOAD_CONST(arg=8, lineno=37)
         134	BINARY_OP(arg=3, lineno=37)
         138	BINARY_OP(arg=0, lineno=37)
         142	LOAD_FAST(arg=0, lineno=37)
         144	LOAD_FAST(arg=1, lineno=37)
         146	LOAD_CONST(arg=9, lineno=37)
         148	BINARY_OP(arg=0, lineno=37)
         152	BINARY_SUBSCR(arg=None, lineno=37)
         162	LOAD_CONST(arg=10, lineno=37)
         164	BINARY_OP(arg=3, lineno=37)
         168	BINARY_OP(arg=0, lineno=37)
         172	LOAD_FAST(arg=0, lineno=37)
         174	LOAD_FAST(arg=1, lineno=37)
         176	LOAD_CONST(arg=11, lineno=37)
         178	BINARY_OP(arg=0, lineno=37)
         182	BINARY_SUBSCR(arg=None, lineno=37)
         192	LOAD_CONST(arg=12, lineno=37)
         194	BINARY_OP(arg=3, lineno=37)
         198	BINARY_OP(arg=0, lineno=37)
         202	LOAD_FAST(arg=0, lineno=37)
         204	LOAD_FAST(arg=1, lineno=37)
         206	LOAD_CONST(arg=13, lineno=37)
         208	BINARY_OP(arg=0, lineno=37)
         212	BINARY_SUBSCR(arg=None, lineno=37)
         222	LOAD_CONST(arg=14, lineno=37)
         224	BINARY_OP(arg=3, lineno=37)
         228	BINARY_OP(arg=0, lineno=37)
         232	LOAD_FAST(arg=0, lineno=37)
         234	LOAD_FAST(arg=1, lineno=37)
         236	LOAD_CONST(arg=15, lineno=37)
         238	BINARY_OP(arg=0, lineno=37)
         242	BINARY_SUBSCR(arg=None, lineno=37)
         252	BINARY_OP(arg=0, lineno=37)
         256	PRECALL(arg=1, lineno=37)
         260	CALL(arg=1, lineno=37)
         270	RETURN_VALUE(arg=None, lineno=37)
2025-02-03 17:21:53.303 [   DEBUG] (         byteflow.py: 116) pending: deque([State(pc_initial=0 nstack_initial=0)])
2025-02-03 17:21:53.303 [   DEBUG] (         byteflow.py: 119) stack: []
2025-02-03 17:21:53.303 [   DEBUG] (         byteflow.py: 120) state.pc_initial: State(pc_initial=0 nstack_initial=0)
2025-02-03 17:21:53.303 [   DEBUG] (         byteflow.py: 350) dispatch pc=0, inst=NOP(arg=None, lineno=34)
2025-02-03 17:21:53.303 [   DEBUG] (         byteflow.py: 351) stack []
2025-02-03 17:21:53.303 [   DEBUG] (         byteflow.py: 350) dispatch pc=2, inst=RESUME(arg=0, lineno=34)
2025-02-03 17:21:53.303 [   DEBUG] (         byteflow.py: 351) stack []
2025-02-03 17:21:53.303 [   DEBUG] (         byteflow.py: 350) dispatch pc=4, inst=LOAD_GLOBAL(arg=1, lineno=37)
2025-02-03 17:21:53.303 [   DEBUG] (         byteflow.py: 351) stack []
2025-02-03 17:21:53.303 [   DEBUG] (         byteflow.py: 350) dispatch pc=16, inst=LOAD_ATTR(arg=1, lineno=37)
2025-02-03 17:21:53.303 [   DEBUG] (         byteflow.py: 351) stack ['$null$4.1', '$4load_global.0']
2025-02-03 17:21:53.303 [   DEBUG] (         byteflow.py: 350) dispatch pc=26, inst=LOAD_FAST(arg=0, lineno=37)
2025-02-03 17:21:53.303 [   DEBUG] (         byteflow.py: 351) stack ['$null$4.1', '$16load_attr.2']
2025-02-03 17:21:53.303 [   DEBUG] (         byteflow.py: 350) dispatch pc=28, inst=LOAD_FAST(arg=1, lineno=37)
2025-02-03 17:21:53.303 [   DEBUG] (         byteflow.py: 351) stack ['$null$4.1', '$16load_attr.2', '$x26.3']
2025-02-03 17:21:53.303 [   DEBUG] (         byteflow.py: 350) dispatch pc=30, inst=LOAD_CONST(arg=1, lineno=37)
2025-02-03 17:21:53.303 [   DEBUG] (         byteflow.py: 351) stack ['$null$4.1', '$16load_attr.2', '$x26.3', '$off28.4']
2025-02-03 17:21:53.303 [   DEBUG] (         byteflow.py: 350) dispatch pc=32, inst=BINARY_OP(arg=0, lineno=37)
2025-02-03 17:21:53.303 [   DEBUG] (         byteflow.py: 351) stack ['$null$4.1', '$16load_attr.2', '$x26.3', '$off28.4', '$const30.5']
2025-02-03 17:21:53.303 [   DEBUG] (         byteflow.py: 350) dispatch pc=36, inst=BINARY_SUBSCR(arg=None, lineno=37)
2025-02-03 17:21:53.303 [   DEBUG] (         byteflow.py: 351) stack ['$null$4.1', '$16load_attr.2', '$x26.3', '$binop_add32.6']
2025-02-03 17:21:53.303 [   DEBUG] (         byteflow.py: 350) dispatch pc=46, inst=LOAD_CONST(arg=2, lineno=37)
2025-02-03 17:21:53.303 [   DEBUG] (         byteflow.py: 351) stack ['$null$4.1', '$16load_attr.2', '$36binary_subscr.7']
2025-02-03 17:21:53.303 [   DEBUG] (         byteflow.py: 350) dispatch pc=48, inst=BINARY_OP(arg=3, lineno=37)
2025-02-03 17:21:53.303 [   DEBUG] (         byteflow.py: 351) stack ['$null$4.1', '$16load_attr.2', '$36binary_subscr.7', '$const46.8']
2025-02-03 17:21:53.303 [   DEBUG] (         byteflow.py: 350) dispatch pc=52, inst=LOAD_FAST(arg=0, lineno=37)
2025-02-03 17:21:53.303 [   DEBUG] (         byteflow.py: 351) stack ['$null$4.1', '$16load_attr.2', '$binop_lshift48.9']
2025-02-03 17:21:53.303 [   DEBUG] (         byteflow.py: 350) dispatch pc=54, inst=LOAD_FAST(arg=1, lineno=37)
2025-02-03 17:21:53.303 [   DEBUG] (         byteflow.py: 351) stack ['$null$4.1', '$16load_attr.2', '$binop_lshift48.9', '$x52.10']
2025-02-03 17:21:53.303 [   DEBUG] (         byteflow.py: 350) dispatch pc=56, inst=LOAD_CONST(arg=3, lineno=37)
2025-02-03 17:21:53.303 [   DEBUG] (         byteflow.py: 351) stack ['$null$4.1', '$16load_attr.2', '$binop_lshift48.9', '$x52.10', '$off54.11']
2025-02-03 17:21:53.303 [   DEBUG] (         byteflow.py: 350) dispatch pc=58, inst=BINARY_OP(arg=0, lineno=37)
2025-02-03 17:21:53.313 [   DEBUG] (         byteflow.py: 351) stack ['$null$4.1', '$16load_attr.2', '$binop_lshift48.9', '$x52.10', '$off54.11', '$const56.12']
2025-02-03 17:21:53.313 [   DEBUG] (         byteflow.py: 350) dispatch pc=62, inst=BINARY_SUBSCR(arg=None, lineno=37)
2025-02-03 17:21:53.313 [   DEBUG] (         byteflow.py: 351) stack ['$null$4.1', '$16load_attr.2', '$binop_lshift48.9', '$x52.10', '$binop_add58.13']
2025-02-03 17:21:53.313 [   DEBUG] (         byteflow.py: 350) dispatch pc=72, inst=LOAD_CONST(arg=4, lineno=37)
2025-02-03 17:21:53.313 [   DEBUG] (         byteflow.py: 351) stack ['$null$4.1', '$16load_attr.2', '$binop_lshift48.9', '$62binary_subscr.14']
2025-02-03 17:21:53.313 [   DEBUG] (         byteflow.py: 350) dispatch pc=74, inst=BINARY_OP(arg=3, lineno=37)
2025-02-03 17:21:53.313 [   DEBUG] (         byteflow.py: 351) stack ['$null$4.1', '$16load_attr.2', '$binop_lshift48.9', '$62binary_subscr.14', '$const72.15']
2025-02-03 17:21:53.313 [   DEBUG] (         byteflow.py: 350) dispatch pc=78, inst=BINARY_OP(arg=0, lineno=37)
2025-02-03 17:21:53.313 [   DEBUG] (         byteflow.py: 351) stack ['$null$4.1', '$16load_attr.2', '$binop_lshift48.9', '$binop_lshift74.16']
2025-02-03 17:21:53.313 [   DEBUG] (         byteflow.py: 350) dispatch pc=82, inst=LOAD_FAST(arg=0, lineno=37)
2025-02-03 17:21:53.313 [   DEBUG] (         byteflow.py: 351) stack ['$null$4.1', '$16load_attr.2', '$binop_add78.17']
2025-02-03 17:21:53.313 [   DEBUG] (         byteflow.py: 350) dispatch pc=84, inst=LOAD_FAST(arg=1, lineno=37)
2025-02-03 17:21:53.313 [   DEBUG] (         byteflow.py: 351) stack ['$null$4.1', '$16load_attr.2', '$binop_add78.17', '$x82.18']
2025-02-03 17:21:53.313 [   DEBUG] (         byteflow.py: 350) dispatch pc=86, inst=LOAD_CONST(arg=5, lineno=37)
2025-02-03 17:21:53.313 [   DEBUG] (         byteflow.py: 351) stack ['$null$4.1', '$16load_attr.2', '$binop_add78.17', '$x82.18', '$off84.19']
2025-02-03 17:21:53.313 [   DEBUG] (         byteflow.py: 350) dispatch pc=88, inst=BINARY_OP(arg=0, lineno=37)
2025-02-03 17:21:53.313 [   DEBUG] (         byteflow.py: 351) stack ['$null$4.1', '$16load_attr.2', '$binop_add78.17', '$x82.18', '$off84.19', '$const86.20']
2025-02-03 17:21:53.313 [   DEBUG] (         byteflow.py: 350) dispatch pc=92, inst=BINARY_SUBSCR(arg=None, lineno=37)
2025-02-03 17:21:53.313 [   DEBUG] (         byteflow.py: 351) stack ['$null$4.1', '$16load_attr.2', '$binop_add78.17', '$x82.18', '$binop_add88.21']
2025-02-03 17:21:53.313 [   DEBUG] (         byteflow.py: 350) dispatch pc=102, inst=LOAD_CONST(arg=6, lineno=37)
2025-02-03 17:21:53.313 [   DEBUG] (         byteflow.py: 351) stack ['$null$4.1', '$16load_attr.2', '$binop_add78.17', '$92binary_subscr.22']
2025-02-03 17:21:53.313 [   DEBUG] (         byteflow.py: 350) dispatch pc=104, inst=BINARY_OP(arg=3, lineno=37)
2025-02-03 17:21:53.313 [   DEBUG] (         byteflow.py: 351) stack ['$null$4.1', '$16load_attr.2', '$binop_add78.17', '$92binary_subscr.22', '$const102.23']
2025-02-03 17:21:53.313 [   DEBUG] (         byteflow.py: 350) dispatch pc=108, inst=BINARY_OP(arg=0, lineno=37)
2025-02-03 17:21:53.313 [   DEBUG] (         byteflow.py: 351) stack ['$null$4.1', '$16load_attr.2', '$binop_add78.17', '$binop_lshift104.24']
2025-02-03 17:21:53.313 [   DEBUG] (         byteflow.py: 350) dispatch pc=112, inst=LOAD_FAST(arg=0, lineno=37)
2025-02-03 17:21:53.313 [   DEBUG] (         byteflow.py: 351) stack ['$null$4.1', '$16load_attr.2', '$binop_add108.25']
2025-02-03 17:21:53.313 [   DEBUG] (         byteflow.py: 350) dispatch pc=114, inst=LOAD_FAST(arg=1, lineno=37)
2025-02-03 17:21:53.313 [   DEBUG] (         byteflow.py: 351) stack ['$null$4.1', '$16load_attr.2', '$binop_add108.25', '$x112.26']
2025-02-03 17:21:53.313 [   DEBUG] (         byteflow.py: 350) dispatch pc=116, inst=LOAD_CONST(arg=7, lineno=37)
2025-02-03 17:21:53.313 [   DEBUG] (         byteflow.py: 351) stack ['$null$4.1', '$16load_attr.2', '$binop_add108.25', '$x112.26', '$off114.27']
2025-02-03 17:21:53.313 [   DEBUG] (         byteflow.py: 350) dispatch pc=118, inst=BINARY_OP(arg=0, lineno=37)
2025-02-03 17:21:53.313 [   DEBUG] (         byteflow.py: 351) stack ['$null$4.1', '$16load_attr.2', '$binop_add108.25', '$x112.26', '$off114.27', '$const116.28']
2025-02-03 17:21:53.313 [   DEBUG] (         byteflow.py: 350) dispatch pc=122, inst=BINARY_SUBSCR(arg=None, lineno=37)
2025-02-03 17:21:53.313 [   DEBUG] (         byteflow.py: 351) stack ['$null$4.1', '$16load_attr.2', '$binop_add108.25', '$x112.26', '$binop_add118.29']
2025-02-03 17:21:53.313 [   DEBUG] (         byteflow.py: 350) dispatch pc=132, inst=LOAD_CONST(arg=8, lineno=37)
2025-02-03 17:21:53.313 [   DEBUG] (         byteflow.py: 351) stack ['$null$4.1', '$16load_attr.2', '$binop_add108.25', '$122binary_subscr.30']
2025-02-03 17:21:53.313 [   DEBUG] (         byteflow.py: 350) dispatch pc=134, inst=BINARY_OP(arg=3, lineno=37)
2025-02-03 17:21:53.313 [   DEBUG] (         byteflow.py: 351) stack ['$null$4.1', '$16load_attr.2', '$binop_add108.25', '$122binary_subscr.30', '$const132.31']
2025-02-03 17:21:53.313 [   DEBUG] (         byteflow.py: 350) dispatch pc=138, inst=BINARY_OP(arg=0, lineno=37)
2025-02-03 17:21:53.313 [   DEBUG] (         byteflow.py: 351) stack ['$null$4.1', '$16load_attr.2', '$binop_add108.25', '$binop_lshift134.32']
2025-02-03 17:21:53.313 [   DEBUG] (         byteflow.py: 350) dispatch pc=142, inst=LOAD_FAST(arg=0, lineno=37)
2025-02-03 17:21:53.313 [   DEBUG] (         byteflow.py: 351) stack ['$null$4.1', '$16load_attr.2', '$binop_add138.33']
2025-02-03 17:21:53.313 [   DEBUG] (         byteflow.py: 350) dispatch pc=144, inst=LOAD_FAST(arg=1, lineno=37)
2025-02-03 17:21:53.313 [   DEBUG] (         byteflow.py: 351) stack ['$null$4.1', '$16load_attr.2', '$binop_add138.33', '$x142.34']
2025-02-03 17:21:53.313 [   DEBUG] (         byteflow.py: 350) dispatch pc=146, inst=LOAD_CONST(arg=9, lineno=37)
2025-02-03 17:21:53.317 [   DEBUG] (         byteflow.py: 351) stack ['$null$4.1', '$16load_attr.2', '$binop_add138.33', '$x142.34', '$off144.35']
2025-02-03 17:21:53.317 [   DEBUG] (         byteflow.py: 350) dispatch pc=148, inst=BINARY_OP(arg=0, lineno=37)
2025-02-03 17:21:53.317 [   DEBUG] (         byteflow.py: 351) stack ['$null$4.1', '$16load_attr.2', '$binop_add138.33', '$x142.34', '$off144.35', '$const146.36']
2025-02-03 17:21:53.317 [   DEBUG] (         byteflow.py: 350) dispatch pc=152, inst=BINARY_SUBSCR(arg=None, lineno=37)
2025-02-03 17:21:53.317 [   DEBUG] (         byteflow.py: 351) stack ['$null$4.1', '$16load_attr.2', '$binop_add138.33', '$x142.34', '$binop_add148.37']
2025-02-03 17:21:53.317 [   DEBUG] (         byteflow.py: 350) dispatch pc=162, inst=LOAD_CONST(arg=10, lineno=37)
2025-02-03 17:21:53.317 [   DEBUG] (         byteflow.py: 351) stack ['$null$4.1', '$16load_attr.2', '$binop_add138.33', '$152binary_subscr.38']
2025-02-03 17:21:53.317 [   DEBUG] (         byteflow.py: 350) dispatch pc=164, inst=BINARY_OP(arg=3, lineno=37)
2025-02-03 17:21:53.317 [   DEBUG] (         byteflow.py: 351) stack ['$null$4.1', '$16load_attr.2', '$binop_add138.33', '$152binary_subscr.38', '$const162.39']
2025-02-03 17:21:53.317 [   DEBUG] (         byteflow.py: 350) dispatch pc=168, inst=BINARY_OP(arg=0, lineno=37)
2025-02-03 17:21:53.317 [   DEBUG] (         byteflow.py: 351) stack ['$null$4.1', '$16load_attr.2', '$binop_add138.33', '$binop_lshift164.40']
2025-02-03 17:21:53.317 [   DEBUG] (         byteflow.py: 350) dispatch pc=172, inst=LOAD_FAST(arg=0, lineno=37)
2025-02-03 17:21:53.317 [   DEBUG] (         byteflow.py: 351) stack ['$null$4.1', '$16load_attr.2', '$binop_add168.41']
2025-02-03 17:21:53.317 [   DEBUG] (         byteflow.py: 350) dispatch pc=174, inst=LOAD_FAST(arg=1, lineno=37)
2025-02-03 17:21:53.317 [   DEBUG] (         byteflow.py: 351) stack ['$null$4.1', '$16load_attr.2', '$binop_add168.41', '$x172.42']
2025-02-03 17:21:53.317 [   DEBUG] (         byteflow.py: 350) dispatch pc=176, inst=LOAD_CONST(arg=11, lineno=37)
2025-02-03 17:21:53.317 [   DEBUG] (         byteflow.py: 351) stack ['$null$4.1', '$16load_attr.2', '$binop_add168.41', '$x172.42', '$off174.43']
2025-02-03 17:21:53.317 [   DEBUG] (         byteflow.py: 350) dispatch pc=178, inst=BINARY_OP(arg=0, lineno=37)
2025-02-03 17:21:53.317 [   DEBUG] (         byteflow.py: 351) stack ['$null$4.1', '$16load_attr.2', '$binop_add168.41', '$x172.42', '$off174.43', '$const176.44']
2025-02-03 17:21:53.317 [   DEBUG] (         byteflow.py: 350) dispatch pc=182, inst=BINARY_SUBSCR(arg=None, lineno=37)
2025-02-03 17:21:53.317 [   DEBUG] (         byteflow.py: 351) stack ['$null$4.1', '$16load_attr.2', '$binop_add168.41', '$x172.42', '$binop_add178.45']
2025-02-03 17:21:53.319 [   DEBUG] (         byteflow.py: 350) dispatch pc=192, inst=LOAD_CONST(arg=12, lineno=37)
2025-02-03 17:21:53.319 [   DEBUG] (         byteflow.py: 351) stack ['$null$4.1', '$16load_attr.2', '$binop_add168.41', '$182binary_subscr.46']
2025-02-03 17:21:53.319 [   DEBUG] (         byteflow.py: 350) dispatch pc=194, inst=BINARY_OP(arg=3, lineno=37)
2025-02-03 17:21:53.319 [   DEBUG] (         byteflow.py: 351) stack ['$null$4.1', '$16load_attr.2', '$binop_add168.41', '$182binary_subscr.46', '$const192.47']
2025-02-03 17:21:53.319 [   DEBUG] (         byteflow.py: 350) dispatch pc=198, inst=BINARY_OP(arg=0, lineno=37)
2025-02-03 17:21:53.319 [   DEBUG] (         byteflow.py: 351) stack ['$null$4.1', '$16load_attr.2', '$binop_add168.41', '$binop_lshift194.48']
2025-02-03 17:21:53.319 [   DEBUG] (         byteflow.py: 350) dispatch pc=202, inst=LOAD_FAST(arg=0, lineno=37)
2025-02-03 17:21:53.319 [   DEBUG] (         byteflow.py: 351) stack ['$null$4.1', '$16load_attr.2', '$binop_add198.49']
2025-02-03 17:21:53.319 [   DEBUG] (         byteflow.py: 350) dispatch pc=204, inst=LOAD_FAST(arg=1, lineno=37)
2025-02-03 17:21:53.319 [   DEBUG] (         byteflow.py: 351) stack ['$null$4.1', '$16load_attr.2', '$binop_add198.49', '$x202.50']
2025-02-03 17:21:53.319 [   DEBUG] (         byteflow.py: 350) dispatch pc=206, inst=LOAD_CONST(arg=13, lineno=37)
2025-02-03 17:21:53.319 [   DEBUG] (         byteflow.py: 351) stack ['$null$4.1', '$16load_attr.2', '$binop_add198.49', '$x202.50', '$off204.51']
2025-02-03 17:21:53.319 [   DEBUG] (         byteflow.py: 350) dispatch pc=208, inst=BINARY_OP(arg=0, lineno=37)
2025-02-03 17:21:53.319 [   DEBUG] (         byteflow.py: 351) stack ['$null$4.1', '$16load_attr.2', '$binop_add198.49', '$x202.50', '$off204.51', '$const206.52']
2025-02-03 17:21:53.319 [   DEBUG] (         byteflow.py: 350) dispatch pc=212, inst=BINARY_SUBSCR(arg=None, lineno=37)
2025-02-03 17:21:53.319 [   DEBUG] (         byteflow.py: 351) stack ['$null$4.1', '$16load_attr.2', '$binop_add198.49', '$x202.50', '$binop_add208.53']
2025-02-03 17:21:53.319 [   DEBUG] (         byteflow.py: 350) dispatch pc=222, inst=LOAD_CONST(arg=14, lineno=37)
2025-02-03 17:21:53.319 [   DEBUG] (         byteflow.py: 351) stack ['$null$4.1', '$16load_attr.2', '$binop_add198.49', '$212binary_subscr.54']
2025-02-03 17:21:53.319 [   DEBUG] (         byteflow.py: 350) dispatch pc=224, inst=BINARY_OP(arg=3, lineno=37)
2025-02-03 17:21:53.319 [   DEBUG] (         byteflow.py: 351) stack ['$null$4.1', '$16load_attr.2', '$binop_add198.49', '$212binary_subscr.54', '$const222.55']
2025-02-03 17:21:53.319 [   DEBUG] (         byteflow.py: 350) dispatch pc=228, inst=BINARY_OP(arg=0, lineno=37)
2025-02-03 17:21:53.319 [   DEBUG] (         byteflow.py: 351) stack ['$null$4.1', '$16load_attr.2', '$binop_add198.49', '$binop_lshift224.56']
2025-02-03 17:21:53.319 [   DEBUG] (         byteflow.py: 350) dispatch pc=232, inst=LOAD_FAST(arg=0, lineno=37)
2025-02-03 17:21:53.319 [   DEBUG] (         byteflow.py: 351) stack ['$null$4.1', '$16load_attr.2', '$binop_add228.57']
2025-02-03 17:21:53.319 [   DEBUG] (         byteflow.py: 350) dispatch pc=234, inst=LOAD_FAST(arg=1, lineno=37)
2025-02-03 17:21:53.319 [   DEBUG] (         byteflow.py: 351) stack ['$null$4.1', '$16load_attr.2', '$binop_add228.57', '$x232.58']
2025-02-03 17:21:53.319 [   DEBUG] (         byteflow.py: 350) dispatch pc=236, inst=LOAD_CONST(arg=15, lineno=37)
2025-02-03 17:21:53.319 [   DEBUG] (         byteflow.py: 351) stack ['$null$4.1', '$16load_attr.2', '$binop_add228.57', '$x232.58', '$off234.59']
2025-02-03 17:21:53.319 [   DEBUG] (         byteflow.py: 350) dispatch pc=238, inst=BINARY_OP(arg=0, lineno=37)
2025-02-03 17:21:53.319 [   DEBUG] (         byteflow.py: 351) stack ['$null$4.1', '$16load_attr.2', '$binop_add228.57', '$x232.58', '$off234.59', '$const236.60']
2025-02-03 17:21:53.319 [   DEBUG] (         byteflow.py: 350) dispatch pc=242, inst=BINARY_SUBSCR(arg=None, lineno=37)
2025-02-03 17:21:53.319 [   DEBUG] (         byteflow.py: 351) stack ['$null$4.1', '$16load_attr.2', '$binop_add228.57', '$x232.58', '$binop_add238.61']
2025-02-03 17:21:53.319 [   DEBUG] (         byteflow.py: 350) dispatch pc=252, inst=BINARY_OP(arg=0, lineno=37)
2025-02-03 17:21:53.319 [   DEBUG] (         byteflow.py: 351) stack ['$null$4.1', '$16load_attr.2', '$binop_add228.57', '$242binary_subscr.62']
2025-02-03 17:21:53.319 [   DEBUG] (         byteflow.py: 350) dispatch pc=256, inst=PRECALL(arg=1, lineno=37)
2025-02-03 17:21:53.319 [   DEBUG] (         byteflow.py: 351) stack ['$null$4.1', '$16load_attr.2', '$binop_add252.63']
2025-02-03 17:21:53.319 [   DEBUG] (         byteflow.py: 350) dispatch pc=260, inst=CALL(arg=1, lineno=37)
2025-02-03 17:21:53.319 [   DEBUG] (         byteflow.py: 351) stack ['$null$4.1', '$16load_attr.2', '$binop_add252.63']
2025-02-03 17:21:53.319 [   DEBUG] (         byteflow.py: 350) dispatch pc=270, inst=RETURN_VALUE(arg=None, lineno=37)
2025-02-03 17:21:53.319 [   DEBUG] (         byteflow.py: 351) stack ['$260call.64']
2025-02-03 17:21:53.319 [   DEBUG] (         byteflow.py: 138) end state. edges=[]
2025-02-03 17:21:53.319 [   DEBUG] (         byteflow.py: 219) -------------------------Prune PHIs-------------------------
2025-02-03 17:21:53.319 [   DEBUG] (         byteflow.py: 288) Used_phis: defaultdict(<class 'set'>, {State(pc_initial=0 nstack_initial=0): set()})
2025-02-03 17:21:53.319 [   DEBUG] (         byteflow.py: 245) defmap: {}
2025-02-03 17:21:53.319 [   DEBUG] (         byteflow.py: 246) phismap: defaultdict(<class 'set'>, {})
2025-02-03 17:21:53.319 [   DEBUG] (         byteflow.py: 267) changing phismap: defaultdict(<class 'set'>, {})
2025-02-03 17:21:53.319 [   DEBUG] (         byteflow.py: 276) keep phismap: {}
2025-02-03 17:21:53.319 [   DEBUG] (         byteflow.py: 282) new_out: defaultdict(<class 'dict'>, {})
2025-02-03 17:21:53.319 [   DEBUG] (         byteflow.py: 292) ----------------------DONE Prune PHIs-----------------------
2025-02-03 17:21:53.319 [   DEBUG] (         byteflow.py: 150) block_infos State(pc_initial=0 nstack_initial=0):
AdaptBlockInfo(insts=((0, {}), (2, {}), (4, {'idx': 0, 'res': '$4load_global.0'}), (6, {}), (8, {}), (10, {}), (12, {}), (14, {}), (16, {'item': '$4load_global.0', 'res': '$16load_attr.2'}), (18, {}), (20, {}), (22, {}), (24, {}), (26, {'res': '$x26.3'}), (28, {'res': '$off28.4'}), (30, {'res': '$const30.5'}), (32, {'op': '+', 'lhs': '$off28.4', 'rhs': '$const30.5', 'res': '$binop_add32.6'}), (34, {}), (36, {'index': '$binop_add32.6', 'target': '$x26.3', 'res': '$36binary_subscr.7'}), (38, {}), (40, {}), (42, {}), (44, {}), (46, {'res': '$const46.8'}), (48, {'op': '<<', 'lhs': '$36binary_subscr.7', 'rhs': '$const46.8', 'res': '$binop_lshift48.9'}), (50, {}), (52, {'res': '$x52.10'}), (54, {'res': '$off54.11'}), (56, {'res': '$const56.12'}), (58, {'op': '+', 'lhs': '$off54.11', 'rhs': '$const56.12', 'res': '$binop_add58.13'}), (60, {}), (62, {'index': '$binop_add58.13', 'target': '$x52.10', 'res': '$62binary_subscr.14'}), (64, {}), (66, {}), (68, {}), (70, {}), (72, {'res': '$const72.15'}), (74, {'op': '<<', 'lhs': '$62binary_subscr.14', 'rhs': '$const72.15', 'res': '$binop_lshift74.16'}), (76, {}), (78, {'op': '+', 'lhs': '$binop_lshift48.9', 'rhs': '$binop_lshift74.16', 'res': '$binop_add78.17'}), (80, {}), (82, {'res': '$x82.18'}), (84, {'res': '$off84.19'}), (86, {'res': '$const86.20'}), (88, {'op': '+', 'lhs': '$off84.19', 'rhs': '$const86.20', 'res': '$binop_add88.21'}), (90, {}), (92, {'index': '$binop_add88.21', 'target': '$x82.18', 'res': '$92binary_subscr.22'}), (94, {}), (96, {}), (98, {}), (100, {}), (102, {'res': '$const102.23'}), (104, {'op': '<<', 'lhs': '$92binary_subscr.22', 'rhs': '$const102.23', 'res': '$binop_lshift104.24'}), (106, {}), (108, {'op': '+', 'lhs': '$binop_add78.17', 'rhs': '$binop_lshift104.24', 'res': '$binop_add108.25'}), (110, {}), (112, {'res': '$x112.26'}), (114, {'res': '$off114.27'}), (116, {'res': '$const116.28'}), (118, {'op': '+', 'lhs': '$off114.27', 'rhs': '$const116.28', 'res': '$binop_add118.29'}), (120, {}), (122, {'index': '$binop_add118.29', 'target': '$x112.26', 'res': '$122binary_subscr.30'}), (124, {}), (126, {}), (128, {}), (130, {}), (132, {'res': '$const132.31'}), (134, {'op': '<<', 'lhs': '$122binary_subscr.30', 'rhs': '$const132.31', 'res': '$binop_lshift134.32'}), (136, {}), (138, {'op': '+', 'lhs': '$binop_add108.25', 'rhs': '$binop_lshift134.32', 'res': '$binop_add138.33'}), (140, {}), (142, {'res': '$x142.34'}), (144, {'res': '$off144.35'}), (146, {'res': '$const146.36'}), (148, {'op': '+', 'lhs': '$off144.35', 'rhs': '$const146.36', 'res': '$binop_add148.37'}), (150, {}), (152, {'index': '$binop_add148.37', 'target': '$x142.34', 'res': '$152binary_subscr.38'}), (154, {}), (156, {}), (158, {}), (160, {}), (162, {'res': '$const162.39'}), (164, {'op': '<<', 'lhs': '$152binary_subscr.38', 'rhs': '$const162.39', 'res': '$binop_lshift164.40'}), (166, {}), (168, {'op': '+', 'lhs': '$binop_add138.33', 'rhs': '$binop_lshift164.40', 'res': '$binop_add168.41'}), (170, {}), (172, {'res': '$x172.42'}), (174, {'res': '$off174.43'}), (176, {'res': '$const176.44'}), (178, {'op': '+', 'lhs': '$off174.43', 'rhs': '$const176.44', 'res': '$binop_add178.45'}), (180, {}), (182, {'index': '$binop_add178.45', 'target': '$x172.42', 'res': '$182binary_subscr.46'}), (184, {}), (186, {}), (188, {}), (190, {}), (192, {'res': '$const192.47'}), (194, {'op': '<<', 'lhs': '$182binary_subscr.46', 'rhs': '$const192.47', 'res': '$binop_lshift194.48'}), (196, {}), (198, {'op': '+', 'lhs': '$binop_add168.41', 'rhs': '$binop_lshift194.48', 'res': '$binop_add198.49'}), (200, {}), (202, {'res': '$x202.50'}), (204, {'res': '$off204.51'}), (206, {'res': '$const206.52'}), (208, {'op': '+', 'lhs': '$off204.51', 'rhs': '$const206.52', 'res': '$binop_add208.53'}), (210, {}), (212, {'index': '$binop_add208.53', 'target': '$x202.50', 'res': '$212binary_subscr.54'}), (214, {}), (216, {}), (218, {}), (220, {}), (222, {'res': '$const222.55'}), (224, {'op': '<<', 'lhs': '$212binary_subscr.54', 'rhs': '$const222.55', 'res': '$binop_lshift224.56'}), (226, {}), (228, {'op': '+', 'lhs': '$binop_add198.49', 'rhs': '$binop_lshift224.56', 'res': '$binop_add228.57'}), (230, {}), (232, {'res': '$x232.58'}), (234, {'res': '$off234.59'}), (236, {'res': '$const236.60'}), (238, {'op': '+', 'lhs': '$off234.59', 'rhs': '$const236.60', 'res': '$binop_add238.61'}), (240, {}), (242, {'index': '$binop_add238.61', 'target': '$x232.58', 'res': '$242binary_subscr.62'}), (244, {}), (246, {}), (248, {}), (250, {}), (252, {'op': '+', 'lhs': '$binop_add228.57', 'rhs': '$242binary_subscr.62', 'res': '$binop_add252.63'}), (254, {}), (256, {}), (258, {}), (260, {'func': '$16load_attr.2', 'args': ['$binop_add252.63'], 'kw_names': None, 'res': '$260call.64'}), (262, {}), (264, {}), (266, {}), (268, {}), (270, {'retval': '$260call.64', 'castval': '$270return_value.65'})), outgoing_phis={}, blockstack=(), active_try_block=None, outgoing_edgepushed={})
2025-02-03 17:21:53.323 [   DEBUG] (      interpreter.py:1416) label 0:
    x = arg(0, name=x)                       ['x']
    off = arg(1, name=off)                   ['off']
    $4load_global.0 = global(nb: <module 'numba' from 'C:\\Users\\ejvil\\miniconda3\\envs\\nspyre\\Lib\\site-packages\\numba\\__init__.py'>) ['$4load_global.0']
    $16load_attr.2 = getattr(value=$4load_global.0, attr=u8) ['$16load_attr.2', '$4load_global.0']
    $const30.5 = const(int, 7)               ['$const30.5']
    $binop_add32.6 = off + $const30.5        ['$binop_add32.6', '$const30.5', 'off']
    $36binary_subscr.7 = getitem(value=x, index=$binop_add32.6, fn=<built-in function getitem>) ['$36binary_subscr.7', '$binop_add32.6', 'x']
    $const46.8 = const(int, 56)              ['$const46.8']
    $binop_lshift48.9 = $36binary_subscr.7 << $const46.8 ['$36binary_subscr.7', '$binop_lshift48.9', '$const46.8']
    $const56.12 = const(int, 6)              ['$const56.12']
    $binop_add58.13 = off + $const56.12      ['$binop_add58.13', '$const56.12', 'off']
    $62binary_subscr.14 = getitem(value=x, index=$binop_add58.13, fn=<built-in function getitem>) ['$62binary_subscr.14', '$binop_add58.13', 'x']
    $const72.15 = const(int, 48)             ['$const72.15']
    $binop_lshift74.16 = $62binary_subscr.14 << $const72.15 ['$62binary_subscr.14', '$binop_lshift74.16', '$const72.15']
    $binop_add78.17 = $binop_lshift48.9 + $binop_lshift74.16 ['$binop_add78.17', '$binop_lshift48.9', '$binop_lshift74.16']
    $const86.20 = const(int, 5)              ['$const86.20']
    $binop_add88.21 = off + $const86.20      ['$binop_add88.21', '$const86.20', 'off']
    $92binary_subscr.22 = getitem(value=x, index=$binop_add88.21, fn=<built-in function getitem>) ['$92binary_subscr.22', '$binop_add88.21', 'x']
    $const102.23 = const(int, 40)            ['$const102.23']
    $binop_lshift104.24 = $92binary_subscr.22 << $const102.23 ['$92binary_subscr.22', '$binop_lshift104.24', '$const102.23']
    $binop_add108.25 = $binop_add78.17 + $binop_lshift104.24 ['$binop_add108.25', '$binop_add78.17', '$binop_lshift104.24']
    $const116.28 = const(int, 4)             ['$const116.28']
    $binop_add118.29 = off + $const116.28    ['$binop_add118.29', '$const116.28', 'off']
    $122binary_subscr.30 = getitem(value=x, index=$binop_add118.29, fn=<built-in function getitem>) ['$122binary_subscr.30', '$binop_add118.29', 'x']
    $const132.31 = const(int, 32)            ['$const132.31']
    $binop_lshift134.32 = $122binary_subscr.30 << $const132.31 ['$122binary_subscr.30', '$binop_lshift134.32', '$const132.31']
    $binop_add138.33 = $binop_add108.25 + $binop_lshift134.32 ['$binop_add108.25', '$binop_add138.33', '$binop_lshift134.32']
    $const146.36 = const(int, 3)             ['$const146.36']
    $binop_add148.37 = off + $const146.36    ['$binop_add148.37', '$const146.36', 'off']
    $152binary_subscr.38 = getitem(value=x, index=$binop_add148.37, fn=<built-in function getitem>) ['$152binary_subscr.38', '$binop_add148.37', 'x']
    $const162.39 = const(int, 24)            ['$const162.39']
    $binop_lshift164.40 = $152binary_subscr.38 << $const162.39 ['$152binary_subscr.38', '$binop_lshift164.40', '$const162.39']
    $binop_add168.41 = $binop_add138.33 + $binop_lshift164.40 ['$binop_add138.33', '$binop_add168.41', '$binop_lshift164.40']
    $const176.44 = const(int, 2)             ['$const176.44']
    $binop_add178.45 = off + $const176.44    ['$binop_add178.45', '$const176.44', 'off']
    $182binary_subscr.46 = getitem(value=x, index=$binop_add178.45, fn=<built-in function getitem>) ['$182binary_subscr.46', '$binop_add178.45', 'x']
    $const192.47 = const(int, 16)            ['$const192.47']
    $binop_lshift194.48 = $182binary_subscr.46 << $const192.47 ['$182binary_subscr.46', '$binop_lshift194.48', '$const192.47']
    $binop_add198.49 = $binop_add168.41 + $binop_lshift194.48 ['$binop_add168.41', '$binop_add198.49', '$binop_lshift194.48']
    $const206.52 = const(int, 1)             ['$const206.52']
    $binop_add208.53 = off + $const206.52    ['$binop_add208.53', '$const206.52', 'off']
    $212binary_subscr.54 = getitem(value=x, index=$binop_add208.53, fn=<built-in function getitem>) ['$212binary_subscr.54', '$binop_add208.53', 'x']
    $const222.55 = const(int, 8)             ['$const222.55']
    $binop_lshift224.56 = $212binary_subscr.54 << $const222.55 ['$212binary_subscr.54', '$binop_lshift224.56', '$const222.55']
    $binop_add228.57 = $binop_add198.49 + $binop_lshift224.56 ['$binop_add198.49', '$binop_add228.57', '$binop_lshift224.56']
    $const236.60 = const(int, 0)             ['$const236.60']
    $binop_add238.61 = off + $const236.60    ['$binop_add238.61', '$const236.60', 'off']
    $242binary_subscr.62 = getitem(value=x, index=$binop_add238.61, fn=<built-in function getitem>) ['$242binary_subscr.62', '$binop_add238.61', 'x']
    $binop_add252.63 = $binop_add228.57 + $242binary_subscr.62 ['$242binary_subscr.62', '$binop_add228.57', '$binop_add252.63']
    $260call.64 = call $16load_attr.2($binop_add252.63, func=$16load_attr.2, args=[Var($binop_add252.63, nbtools.py:37)], kws=(), vararg=None, varkwarg=None, target=None) ['$16load_attr.2', '$260call.64', '$binop_add252.63']
    $270return_value.65 = cast(value=$260call.64) ['$260call.64', '$270return_value.65']
    return $270return_value.65               ['$270return_value.65']

2025-02-03 17:21:53.333 [   DEBUG] (              ssa.py: 178) ==== SSA block analysis pass on 0
2025-02-03 17:21:53.333 [   DEBUG] (              ssa.py: 208) Running <numba.core.ssa._GatherDefsHandler object at 0x00000260C0D7ADD0>
2025-02-03 17:21:53.333 [   DEBUG] (              ssa.py: 210) on stmt: x = arg(0, name=x)
2025-02-03 17:21:53.333 [   DEBUG] (              ssa.py: 210) on stmt: off = arg(1, name=off)
2025-02-03 17:21:53.333 [   DEBUG] (              ssa.py: 210) on stmt: $4load_global.0 = global(nb: <module 'numba' from 'C:\\Users\\ejvil\\miniconda3\\envs\\nspyre\\Lib\\site-packages\\numba\\__init__.py'>)
2025-02-03 17:21:53.333 [   DEBUG] (              ssa.py: 210) on stmt: $16load_attr.2 = getattr(value=$4load_global.0, attr=u8)
2025-02-03 17:21:53.333 [   DEBUG] (              ssa.py: 210) on stmt: $const30.5 = const(int, 7)
2025-02-03 17:21:53.333 [   DEBUG] (              ssa.py: 210) on stmt: $binop_add32.6 = off + $const30.5
2025-02-03 17:21:53.333 [   DEBUG] (              ssa.py: 210) on stmt: $36binary_subscr.7 = getitem(value=x, index=$binop_add32.6, fn=<built-in function getitem>)
2025-02-03 17:21:53.333 [   DEBUG] (              ssa.py: 210) on stmt: $const46.8 = const(int, 56)
2025-02-03 17:21:53.333 [   DEBUG] (              ssa.py: 210) on stmt: $binop_lshift48.9 = $36binary_subscr.7 << $const46.8
2025-02-03 17:21:53.333 [   DEBUG] (              ssa.py: 210) on stmt: $const56.12 = const(int, 6)
2025-02-03 17:21:53.333 [   DEBUG] (              ssa.py: 210) on stmt: $binop_add58.13 = off + $const56.12
2025-02-03 17:21:53.333 [   DEBUG] (              ssa.py: 210) on stmt: $62binary_subscr.14 = getitem(value=x, index=$binop_add58.13, fn=<built-in function getitem>)
2025-02-03 17:21:53.333 [   DEBUG] (              ssa.py: 210) on stmt: $const72.15 = const(int, 48)
2025-02-03 17:21:53.333 [   DEBUG] (              ssa.py: 210) on stmt: $binop_lshift74.16 = $62binary_subscr.14 << $const72.15
2025-02-03 17:21:53.333 [   DEBUG] (              ssa.py: 210) on stmt: $binop_add78.17 = $binop_lshift48.9 + $binop_lshift74.16
2025-02-03 17:21:53.335 [   DEBUG] (              ssa.py: 210) on stmt: $const86.20 = const(int, 5)
2025-02-03 17:21:53.335 [   DEBUG] (              ssa.py: 210) on stmt: $binop_add88.21 = off + $const86.20
2025-02-03 17:21:53.335 [   DEBUG] (              ssa.py: 210) on stmt: $92binary_subscr.22 = getitem(value=x, index=$binop_add88.21, fn=<built-in function getitem>)
2025-02-03 17:21:53.335 [   DEBUG] (              ssa.py: 210) on stmt: $const102.23 = const(int, 40)
2025-02-03 17:21:53.335 [   DEBUG] (              ssa.py: 210) on stmt: $binop_lshift104.24 = $92binary_subscr.22 << $const102.23
2025-02-03 17:21:53.335 [   DEBUG] (              ssa.py: 210) on stmt: $binop_add108.25 = $binop_add78.17 + $binop_lshift104.24
2025-02-03 17:21:53.335 [   DEBUG] (              ssa.py: 210) on stmt: $const116.28 = const(int, 4)
2025-02-03 17:21:53.335 [   DEBUG] (              ssa.py: 210) on stmt: $binop_add118.29 = off + $const116.28
2025-02-03 17:21:53.335 [   DEBUG] (              ssa.py: 210) on stmt: $122binary_subscr.30 = getitem(value=x, index=$binop_add118.29, fn=<built-in function getitem>)
2025-02-03 17:21:53.335 [   DEBUG] (              ssa.py: 210) on stmt: $const132.31 = const(int, 32)
2025-02-03 17:21:53.335 [   DEBUG] (              ssa.py: 210) on stmt: $binop_lshift134.32 = $122binary_subscr.30 << $const132.31
2025-02-03 17:21:53.335 [   DEBUG] (              ssa.py: 210) on stmt: $binop_add138.33 = $binop_add108.25 + $binop_lshift134.32
2025-02-03 17:21:53.335 [   DEBUG] (              ssa.py: 210) on stmt: $const146.36 = const(int, 3)
2025-02-03 17:21:53.335 [   DEBUG] (              ssa.py: 210) on stmt: $binop_add148.37 = off + $const146.36
2025-02-03 17:21:53.335 [   DEBUG] (              ssa.py: 210) on stmt: $152binary_subscr.38 = getitem(value=x, index=$binop_add148.37, fn=<built-in function getitem>)
2025-02-03 17:21:53.335 [   DEBUG] (              ssa.py: 210) on stmt: $const162.39 = const(int, 24)
2025-02-03 17:21:53.335 [   DEBUG] (              ssa.py: 210) on stmt: $binop_lshift164.40 = $152binary_subscr.38 << $const162.39
2025-02-03 17:21:53.335 [   DEBUG] (              ssa.py: 210) on stmt: $binop_add168.41 = $binop_add138.33 + $binop_lshift164.40
2025-02-03 17:21:53.335 [   DEBUG] (              ssa.py: 210) on stmt: $const176.44 = const(int, 2)
2025-02-03 17:21:53.335 [   DEBUG] (              ssa.py: 210) on stmt: $binop_add178.45 = off + $const176.44
2025-02-03 17:21:53.335 [   DEBUG] (              ssa.py: 210) on stmt: $182binary_subscr.46 = getitem(value=x, index=$binop_add178.45, fn=<built-in function getitem>)
2025-02-03 17:21:53.335 [   DEBUG] (              ssa.py: 210) on stmt: $const192.47 = const(int, 16)
2025-02-03 17:21:53.335 [   DEBUG] (              ssa.py: 210) on stmt: $binop_lshift194.48 = $182binary_subscr.46 << $const192.47
2025-02-03 17:21:53.335 [   DEBUG] (              ssa.py: 210) on stmt: $binop_add198.49 = $binop_add168.41 + $binop_lshift194.48
2025-02-03 17:21:53.335 [   DEBUG] (              ssa.py: 210) on stmt: $const206.52 = const(int, 1)
2025-02-03 17:21:53.335 [   DEBUG] (              ssa.py: 210) on stmt: $binop_add208.53 = off + $const206.52
2025-02-03 17:21:53.337 [   DEBUG] (              ssa.py: 210) on stmt: $212binary_subscr.54 = getitem(value=x, index=$binop_add208.53, fn=<built-in function getitem>)
2025-02-03 17:21:53.337 [   DEBUG] (              ssa.py: 210) on stmt: $const222.55 = const(int, 8)
2025-02-03 17:21:53.337 [   DEBUG] (              ssa.py: 210) on stmt: $binop_lshift224.56 = $212binary_subscr.54 << $const222.55
2025-02-03 17:21:53.337 [   DEBUG] (              ssa.py: 210) on stmt: $binop_add228.57 = $binop_add198.49 + $binop_lshift224.56
2025-02-03 17:21:53.337 [   DEBUG] (              ssa.py: 210) on stmt: $const236.60 = const(int, 0)
2025-02-03 17:21:53.337 [   DEBUG] (              ssa.py: 210) on stmt: $binop_add238.61 = off + $const236.60
2025-02-03 17:21:53.337 [   DEBUG] (              ssa.py: 210) on stmt: $242binary_subscr.62 = getitem(value=x, index=$binop_add238.61, fn=<built-in function getitem>)
2025-02-03 17:21:53.337 [   DEBUG] (              ssa.py: 210) on stmt: $binop_add252.63 = $binop_add228.57 + $242binary_subscr.62
2025-02-03 17:21:53.337 [   DEBUG] (              ssa.py: 210) on stmt: $260call.64 = call $16load_attr.2($binop_add252.63, func=$16load_attr.2, args=[Var($binop_add252.63, nbtools.py:37)], kws=(), vararg=None, varkwarg=None, target=None)
2025-02-03 17:21:53.337 [   DEBUG] (              ssa.py: 210) on stmt: $270return_value.65 = cast(value=$260call.64)
2025-02-03 17:21:53.337 [   DEBUG] (              ssa.py: 210) on stmt: return $270return_value.65
2025-02-03 17:21:53.337 [   DEBUG] (              ssa.py: 157) defs defaultdict(<class 'list'>,
            {'$122binary_subscr.30': [(<numba.core.ir.Assign object at 0x00000260C0D844D0>,
                                       0)],
             '$152binary_subscr.38': [(<numba.core.ir.Assign object at 0x00000260C0D87150>,
                                       0)],
             '$16load_attr.2': [(<numba.core.ir.Assign object at 0x00000260C0D94FD0>,
                                 0)],
             '$182binary_subscr.46': [(<numba.core.ir.Assign object at 0x00000260C0DA0DD0>,
                                       0)],
             '$212binary_subscr.54': [(<numba.core.ir.Assign object at 0x00000260C0DA1250>,
                                       0)],
             '$242binary_subscr.62': [(<numba.core.ir.Assign object at 0x00000260C0DA3B50>,
                                       0)],
             '$260call.64': [(<numba.core.ir.Assign object at 0x00000260C0DA3750>,
                              0)],
             '$270return_value.65': [(<numba.core.ir.Assign object at 0x00000260C0DA2990>,
                                      0)],
             '$36binary_subscr.7': [(<numba.core.ir.Assign object at 0x00000260C0D84D50>,
                                     0)],
             '$4load_global.0': [(<numba.core.ir.Assign object at 0x00000260C0D94E50>,
                                  0)],
             '$62binary_subscr.14': [(<numba.core.ir.Assign object at 0x00000260C0D87CD0>,
                                      0)],
             '$92binary_subscr.22': [(<numba.core.ir.Assign object at 0x00000260C0D85A90>,
                                      0)],
             '$binop_add108.25': [(<numba.core.ir.Assign object at 0x00000260C0D85690>,
                                   0)],
             '$binop_add118.29': [(<numba.core.ir.Assign object at 0x00000260C0D84750>,
                                   0)],
             '$binop_add138.33': [(<numba.core.ir.Assign object at 0x00000260C0D84B50>,
                                   0)],
             '$binop_add148.37': [(<numba.core.ir.Assign object at 0x00000260C0D86890>,
                                   0)],
             '$binop_add168.41': [(<numba.core.ir.Assign object at 0x00000260C0DA1710>,
                                   0)],
             '$binop_add178.45': [(<numba.core.ir.Assign object at 0x00000260C0DA19D0>,
                                   0)],
             '$binop_add198.49': [(<numba.core.ir.Assign object at 0x00000260C0DA06D0>,
                                   0)],
             '$binop_add208.53': [(<numba.core.ir.Assign object at 0x00000260C0DA08D0>,
                                   0)],
             '$binop_add228.57': [(<numba.core.ir.Assign object at 0x00000260C0DA3C90>,
                                   0)],
             '$binop_add238.61': [(<numba.core.ir.Assign object at 0x00000260C0DA3490>,
                                   0)],
             '$binop_add252.63': [(<numba.core.ir.Assign object at 0x00000260C0DA3250>,
                                   0)],
             '$binop_add32.6': [(<numba.core.ir.Assign object at 0x00000260C0D96D10>,
                                 0)],
             '$binop_add58.13': [(<numba.core.ir.Assign object at 0x00000260C0D87BD0>,
                                  0)],
             '$binop_add78.17': [(<numba.core.ir.Assign object at 0x00000260C0D86190>,
                                  0)],
             '$binop_add88.21': [(<numba.core.ir.Assign object at 0x00000260C0D86390>,
                                  0)],
             '$binop_lshift104.24': [(<numba.core.ir.Assign object at 0x00000260C0D85910>,
                                      0)],
             '$binop_lshift134.32': [(<numba.core.ir.Assign object at 0x00000260C0D85B50>,
                                      0)],
             '$binop_lshift164.40': [(<numba.core.ir.Assign object at 0x00000260C0DA1ED0>,
                                      0)],
             '$binop_lshift194.48': [(<numba.core.ir.Assign object at 0x00000260C0DA0690>,
                                      0)],
             '$binop_lshift224.56': [(<numba.core.ir.Assign object at 0x00000260C0DA3E10>,
                                      0)],
             '$binop_lshift48.9': [(<numba.core.ir.Assign object at 0x00000260C0D87250>,
                                    0)],
             '$binop_lshift74.16': [(<numba.core.ir.Assign object at 0x00000260C0D87310>,
                                     0)],
             '$const102.23': [(<numba.core.ir.Assign object at 0x00000260C0D85F50>,
                               0)],
             '$const116.28': [(<numba.core.ir.Assign object at 0x00000260C0D85390>,
                               0)],
             '$const132.31': [(<numba.core.ir.Assign object at 0x00000260C0D85350>,
                               0)],
             '$const146.36': [(<numba.core.ir.Assign object at 0x00000260C0D85510>,
                               0)],
             '$const162.39': [(<numba.core.ir.Assign object at 0x00000260C0DA2390>,
                               0)],
             '$const176.44': [(<numba.core.ir.Assign object at 0x00000260C0DA1AD0>,
                               0)],
             '$const192.47': [(<numba.core.ir.Assign object at 0x00000260C0DA0A50>,
                               0)],
             '$const206.52': [(<numba.core.ir.Assign object at 0x00000260C0DA00D0>,
                               0)],
             '$const222.55': [(<numba.core.ir.Assign object at 0x00000260C0DA3010>,
                               0)],
             '$const236.60': [(<numba.core.ir.Assign object at 0x00000260C0DA3550>,
                               0)],
             '$const30.5': [(<numba.core.ir.Assign object at 0x00000260C0D956D0>,
                             0)],
             '$const46.8': [(<numba.core.ir.Assign object at 0x00000260C0D84FD0>,
                             0)],
             '$const56.12': [(<numba.core.ir.Assign object at 0x00000260C0D878D0>,
                              0)],
             '$const72.15': [(<numba.core.ir.Assign object at 0x00000260C0D86E10>,
                              0)],
             '$const86.20': [(<numba.core.ir.Assign object at 0x00000260C0D86C90>,
                              0)],
             'off': [(<numba.core.ir.Assign object at 0x00000260C0D94450>, 0)],
             'x': [(<numba.core.ir.Assign object at 0x00000260C0D957D0>, 0)]})
2025-02-03 17:21:53.337 [   DEBUG] (              ssa.py: 172) SSA violators <numba.core.utils.OrderedSet object at 0x00000260C0D38AD0>
2025-02-03 17:21:53.414 [   DEBUG] (         byteflow.py:  90) bytecode dump:
>          0	NOP(arg=None, lineno=39)
           2	RESUME(arg=0, lineno=39)
           4	LOAD_GLOBAL(arg=1, lineno=42)
          16	LOAD_ATTR(arg=1, lineno=42)
          26	LOAD_FAST(arg=0, lineno=42)
          28	LOAD_FAST(arg=1, lineno=42)
          30	BINARY_SUBSCR(arg=None, lineno=42)
          40	PRECALL(arg=1, lineno=42)
          44	CALL(arg=1, lineno=42)
          54	RETURN_VALUE(arg=None, lineno=42)
2025-02-03 17:21:53.414 [   DEBUG] (         byteflow.py: 116) pending: deque([State(pc_initial=0 nstack_initial=0)])
2025-02-03 17:21:53.414 [   DEBUG] (         byteflow.py: 119) stack: []
2025-02-03 17:21:53.414 [   DEBUG] (         byteflow.py: 120) state.pc_initial: State(pc_initial=0 nstack_initial=0)
2025-02-03 17:21:53.414 [   DEBUG] (         byteflow.py: 350) dispatch pc=0, inst=NOP(arg=None, lineno=39)
2025-02-03 17:21:53.414 [   DEBUG] (         byteflow.py: 351) stack []
2025-02-03 17:21:53.414 [   DEBUG] (         byteflow.py: 350) dispatch pc=2, inst=RESUME(arg=0, lineno=39)
2025-02-03 17:21:53.414 [   DEBUG] (         byteflow.py: 351) stack []
2025-02-03 17:21:53.414 [   DEBUG] (         byteflow.py: 350) dispatch pc=4, inst=LOAD_GLOBAL(arg=1, lineno=42)
2025-02-03 17:21:53.414 [   DEBUG] (         byteflow.py: 351) stack []
2025-02-03 17:21:53.414 [   DEBUG] (         byteflow.py: 350) dispatch pc=16, inst=LOAD_ATTR(arg=1, lineno=42)
2025-02-03 17:21:53.414 [   DEBUG] (         byteflow.py: 351) stack ['$null$4.1', '$4load_global.0']
2025-02-03 17:21:53.414 [   DEBUG] (         byteflow.py: 350) dispatch pc=26, inst=LOAD_FAST(arg=0, lineno=42)
2025-02-03 17:21:53.414 [   DEBUG] (         byteflow.py: 351) stack ['$null$4.1', '$16load_attr.2']
2025-02-03 17:21:53.414 [   DEBUG] (         byteflow.py: 350) dispatch pc=28, inst=LOAD_FAST(arg=1, lineno=42)
2025-02-03 17:21:53.414 [   DEBUG] (         byteflow.py: 351) stack ['$null$4.1', '$16load_attr.2', '$x26.3']
2025-02-03 17:21:53.414 [   DEBUG] (         byteflow.py: 350) dispatch pc=30, inst=BINARY_SUBSCR(arg=None, lineno=42)
2025-02-03 17:21:53.414 [   DEBUG] (         byteflow.py: 351) stack ['$null$4.1', '$16load_attr.2', '$x26.3', '$off28.4']
2025-02-03 17:21:53.414 [   DEBUG] (         byteflow.py: 350) dispatch pc=40, inst=PRECALL(arg=1, lineno=42)
2025-02-03 17:21:53.414 [   DEBUG] (         byteflow.py: 351) stack ['$null$4.1', '$16load_attr.2', '$30binary_subscr.5']
2025-02-03 17:21:53.414 [   DEBUG] (         byteflow.py: 350) dispatch pc=44, inst=CALL(arg=1, lineno=42)
2025-02-03 17:21:53.414 [   DEBUG] (         byteflow.py: 351) stack ['$null$4.1', '$16load_attr.2', '$30binary_subscr.5']
2025-02-03 17:21:53.414 [   DEBUG] (         byteflow.py: 350) dispatch pc=54, inst=RETURN_VALUE(arg=None, lineno=42)
2025-02-03 17:21:53.414 [   DEBUG] (         byteflow.py: 351) stack ['$44call.6']
2025-02-03 17:21:53.414 [   DEBUG] (         byteflow.py: 138) end state. edges=[]
2025-02-03 17:21:53.414 [   DEBUG] (         byteflow.py: 219) -------------------------Prune PHIs-------------------------
2025-02-03 17:21:53.414 [   DEBUG] (         byteflow.py: 288) Used_phis: defaultdict(<class 'set'>, {State(pc_initial=0 nstack_initial=0): set()})
2025-02-03 17:21:53.414 [   DEBUG] (         byteflow.py: 245) defmap: {}
2025-02-03 17:21:53.414 [   DEBUG] (         byteflow.py: 246) phismap: defaultdict(<class 'set'>, {})
2025-02-03 17:21:53.414 [   DEBUG] (         byteflow.py: 267) changing phismap: defaultdict(<class 'set'>, {})
2025-02-03 17:21:53.414 [   DEBUG] (         byteflow.py: 276) keep phismap: {}
2025-02-03 17:21:53.414 [   DEBUG] (         byteflow.py: 282) new_out: defaultdict(<class 'dict'>, {})
2025-02-03 17:21:53.414 [   DEBUG] (         byteflow.py: 292) ----------------------DONE Prune PHIs-----------------------
2025-02-03 17:21:53.414 [   DEBUG] (         byteflow.py: 150) block_infos State(pc_initial=0 nstack_initial=0):
AdaptBlockInfo(insts=((0, {}), (2, {}), (4, {'idx': 0, 'res': '$4load_global.0'}), (6, {}), (8, {}), (10, {}), (12, {}), (14, {}), (16, {'item': '$4load_global.0', 'res': '$16load_attr.2'}), (18, {}), (20, {}), (22, {}), (24, {}), (26, {'res': '$x26.3'}), (28, {'res': '$off28.4'}), (30, {'index': '$off28.4', 'target': '$x26.3', 'res': '$30binary_subscr.5'}), (32, {}), (34, {}), (36, {}), (38, {}), (40, {}), (42, {}), (44, {'func': '$16load_attr.2', 'args': ['$30binary_subscr.5'], 'kw_names': None, 'res': '$44call.6'}), (46, {}), (48, {}), (50, {}), (52, {}), (54, {'retval': '$44call.6', 'castval': '$54return_value.7'})), outgoing_phis={}, blockstack=(), active_try_block=None, outgoing_edgepushed={})
2025-02-03 17:21:53.414 [   DEBUG] (      interpreter.py:1416) label 0:
    x = arg(0, name=x)                       ['x']
    off = arg(1, name=off)                   ['off']
    $4load_global.0 = global(nb: <module 'numba' from 'C:\\Users\\ejvil\\miniconda3\\envs\\nspyre\\Lib\\site-packages\\numba\\__init__.py'>) ['$4load_global.0']
    $16load_attr.2 = getattr(value=$4load_global.0, attr=i1) ['$16load_attr.2', '$4load_global.0']
    $30binary_subscr.5 = getitem(value=x, index=off, fn=<built-in function getitem>) ['$30binary_subscr.5', 'off', 'x']
    $44call.6 = call $16load_attr.2($30binary_subscr.5, func=$16load_attr.2, args=[Var($30binary_subscr.5, nbtools.py:42)], kws=(), vararg=None, varkwarg=None, target=None) ['$16load_attr.2', '$30binary_subscr.5', '$44call.6']
    $54return_value.7 = cast(value=$44call.6) ['$44call.6', '$54return_value.7']
    return $54return_value.7                 ['$54return_value.7']

2025-02-03 17:21:53.424 [   DEBUG] (              ssa.py: 178) ==== SSA block analysis pass on 0
2025-02-03 17:21:53.424 [   DEBUG] (              ssa.py: 208) Running <numba.core.ssa._GatherDefsHandler object at 0x00000260C0DED210>
2025-02-03 17:21:53.424 [   DEBUG] (              ssa.py: 210) on stmt: x = arg(0, name=x)
2025-02-03 17:21:53.424 [   DEBUG] (              ssa.py: 210) on stmt: off = arg(1, name=off)
2025-02-03 17:21:53.424 [   DEBUG] (              ssa.py: 210) on stmt: $4load_global.0 = global(nb: <module 'numba' from 'C:\\Users\\ejvil\\miniconda3\\envs\\nspyre\\Lib\\site-packages\\numba\\__init__.py'>)
2025-02-03 17:21:53.424 [   DEBUG] (              ssa.py: 210) on stmt: $16load_attr.2 = getattr(value=$4load_global.0, attr=i1)
2025-02-03 17:21:53.424 [   DEBUG] (              ssa.py: 210) on stmt: $30binary_subscr.5 = getitem(value=x, index=off, fn=<built-in function getitem>)
2025-02-03 17:21:53.424 [   DEBUG] (              ssa.py: 210) on stmt: $44call.6 = call $16load_attr.2($30binary_subscr.5, func=$16load_attr.2, args=[Var($30binary_subscr.5, nbtools.py:42)], kws=(), vararg=None, varkwarg=None, target=None)
2025-02-03 17:21:53.424 [   DEBUG] (              ssa.py: 210) on stmt: $54return_value.7 = cast(value=$44call.6)
2025-02-03 17:21:53.424 [   DEBUG] (              ssa.py: 210) on stmt: return $54return_value.7
2025-02-03 17:21:53.424 [   DEBUG] (              ssa.py: 157) defs defaultdict(<class 'list'>,
            {'$16load_attr.2': [(<numba.core.ir.Assign object at 0x00000260C0DE2810>,
                                 0)],
             '$30binary_subscr.5': [(<numba.core.ir.Assign object at 0x00000260C0DE2E50>,
                                     0)],
             '$44call.6': [(<numba.core.ir.Assign object at 0x00000260C0DE3210>,
                            0)],
             '$4load_global.0': [(<numba.core.ir.Assign object at 0x00000260C0DE25D0>,
                                  0)],
             '$54return_value.7': [(<numba.core.ir.Assign object at 0x00000260C0DE34D0>,
                                    0)],
             'off': [(<numba.core.ir.Assign object at 0x00000260C0DE2390>, 0)],
             'x': [(<numba.core.ir.Assign object at 0x00000260C0DE2290>, 0)]})
2025-02-03 17:21:53.424 [   DEBUG] (              ssa.py: 172) SSA violators <numba.core.utils.OrderedSet object at 0x00000260C0DED210>
2025-02-03 17:21:53.444 [   DEBUG] (         byteflow.py:  90) bytecode dump:
>          0	NOP(arg=None, lineno=43)
           2	RESUME(arg=0, lineno=43)
           4	LOAD_GLOBAL(arg=1, lineno=46)
          16	LOAD_ATTR(arg=1, lineno=46)
          26	LOAD_FAST(arg=0, lineno=46)
          28	LOAD_FAST(arg=1, lineno=46)
          30	LOAD_CONST(arg=1, lineno=46)
          32	BINARY_OP(arg=0, lineno=46)
          36	BINARY_SUBSCR(arg=None, lineno=46)
          46	LOAD_CONST(arg=2, lineno=46)
          48	BINARY_OP(arg=3, lineno=46)
          52	LOAD_FAST(arg=0, lineno=46)
          54	LOAD_FAST(arg=1, lineno=46)
          56	LOAD_CONST(arg=3, lineno=46)
          58	BINARY_OP(arg=0, lineno=46)
          62	BINARY_SUBSCR(arg=None, lineno=46)
          72	BINARY_OP(arg=0, lineno=46)
          76	PRECALL(arg=1, lineno=46)
          80	CALL(arg=1, lineno=46)
          90	RETURN_VALUE(arg=None, lineno=46)
2025-02-03 17:21:53.444 [   DEBUG] (         byteflow.py: 116) pending: deque([State(pc_initial=0 nstack_initial=0)])
2025-02-03 17:21:53.444 [   DEBUG] (         byteflow.py: 119) stack: []
2025-02-03 17:21:53.444 [   DEBUG] (         byteflow.py: 120) state.pc_initial: State(pc_initial=0 nstack_initial=0)
2025-02-03 17:21:53.444 [   DEBUG] (         byteflow.py: 350) dispatch pc=0, inst=NOP(arg=None, lineno=43)
2025-02-03 17:21:53.444 [   DEBUG] (         byteflow.py: 351) stack []
2025-02-03 17:21:53.444 [   DEBUG] (         byteflow.py: 350) dispatch pc=2, inst=RESUME(arg=0, lineno=43)
2025-02-03 17:21:53.444 [   DEBUG] (         byteflow.py: 351) stack []
2025-02-03 17:21:53.444 [   DEBUG] (         byteflow.py: 350) dispatch pc=4, inst=LOAD_GLOBAL(arg=1, lineno=46)
2025-02-03 17:21:53.444 [   DEBUG] (         byteflow.py: 351) stack []
2025-02-03 17:21:53.444 [   DEBUG] (         byteflow.py: 350) dispatch pc=16, inst=LOAD_ATTR(arg=1, lineno=46)
2025-02-03 17:21:53.444 [   DEBUG] (         byteflow.py: 351) stack ['$null$4.1', '$4load_global.0']
2025-02-03 17:21:53.444 [   DEBUG] (         byteflow.py: 350) dispatch pc=26, inst=LOAD_FAST(arg=0, lineno=46)
2025-02-03 17:21:53.444 [   DEBUG] (         byteflow.py: 351) stack ['$null$4.1', '$16load_attr.2']
2025-02-03 17:21:53.444 [   DEBUG] (         byteflow.py: 350) dispatch pc=28, inst=LOAD_FAST(arg=1, lineno=46)
2025-02-03 17:21:53.444 [   DEBUG] (         byteflow.py: 351) stack ['$null$4.1', '$16load_attr.2', '$x26.3']
2025-02-03 17:21:53.444 [   DEBUG] (         byteflow.py: 350) dispatch pc=30, inst=LOAD_CONST(arg=1, lineno=46)
2025-02-03 17:21:53.444 [   DEBUG] (         byteflow.py: 351) stack ['$null$4.1', '$16load_attr.2', '$x26.3', '$off28.4']
2025-02-03 17:21:53.444 [   DEBUG] (         byteflow.py: 350) dispatch pc=32, inst=BINARY_OP(arg=0, lineno=46)
2025-02-03 17:21:53.444 [   DEBUG] (         byteflow.py: 351) stack ['$null$4.1', '$16load_attr.2', '$x26.3', '$off28.4', '$const30.5']
2025-02-03 17:21:53.444 [   DEBUG] (         byteflow.py: 350) dispatch pc=36, inst=BINARY_SUBSCR(arg=None, lineno=46)
2025-02-03 17:21:53.444 [   DEBUG] (         byteflow.py: 351) stack ['$null$4.1', '$16load_attr.2', '$x26.3', '$binop_add32.6']
2025-02-03 17:21:53.444 [   DEBUG] (         byteflow.py: 350) dispatch pc=46, inst=LOAD_CONST(arg=2, lineno=46)
2025-02-03 17:21:53.444 [   DEBUG] (         byteflow.py: 351) stack ['$null$4.1', '$16load_attr.2', '$36binary_subscr.7']
2025-02-03 17:21:53.444 [   DEBUG] (         byteflow.py: 350) dispatch pc=48, inst=BINARY_OP(arg=3, lineno=46)
2025-02-03 17:21:53.444 [   DEBUG] (         byteflow.py: 351) stack ['$null$4.1', '$16load_attr.2', '$36binary_subscr.7', '$const46.8']
2025-02-03 17:21:53.444 [   DEBUG] (         byteflow.py: 350) dispatch pc=52, inst=LOAD_FAST(arg=0, lineno=46)
2025-02-03 17:21:53.444 [   DEBUG] (         byteflow.py: 351) stack ['$null$4.1', '$16load_attr.2', '$binop_lshift48.9']
2025-02-03 17:21:53.444 [   DEBUG] (         byteflow.py: 350) dispatch pc=54, inst=LOAD_FAST(arg=1, lineno=46)
2025-02-03 17:21:53.444 [   DEBUG] (         byteflow.py: 351) stack ['$null$4.1', '$16load_attr.2', '$binop_lshift48.9', '$x52.10']
2025-02-03 17:21:53.444 [   DEBUG] (         byteflow.py: 350) dispatch pc=56, inst=LOAD_CONST(arg=3, lineno=46)
2025-02-03 17:21:53.444 [   DEBUG] (         byteflow.py: 351) stack ['$null$4.1', '$16load_attr.2', '$binop_lshift48.9', '$x52.10', '$off54.11']
2025-02-03 17:21:53.444 [   DEBUG] (         byteflow.py: 350) dispatch pc=58, inst=BINARY_OP(arg=0, lineno=46)
2025-02-03 17:21:53.444 [   DEBUG] (         byteflow.py: 351) stack ['$null$4.1', '$16load_attr.2', '$binop_lshift48.9', '$x52.10', '$off54.11', '$const56.12']
2025-02-03 17:21:53.444 [   DEBUG] (         byteflow.py: 350) dispatch pc=62, inst=BINARY_SUBSCR(arg=None, lineno=46)
2025-02-03 17:21:53.444 [   DEBUG] (         byteflow.py: 351) stack ['$null$4.1', '$16load_attr.2', '$binop_lshift48.9', '$x52.10', '$binop_add58.13']
2025-02-03 17:21:53.444 [   DEBUG] (         byteflow.py: 350) dispatch pc=72, inst=BINARY_OP(arg=0, lineno=46)
2025-02-03 17:21:53.444 [   DEBUG] (         byteflow.py: 351) stack ['$null$4.1', '$16load_attr.2', '$binop_lshift48.9', '$62binary_subscr.14']
2025-02-03 17:21:53.444 [   DEBUG] (         byteflow.py: 350) dispatch pc=76, inst=PRECALL(arg=1, lineno=46)
2025-02-03 17:21:53.444 [   DEBUG] (         byteflow.py: 351) stack ['$null$4.1', '$16load_attr.2', '$binop_add72.15']
2025-02-03 17:21:53.444 [   DEBUG] (         byteflow.py: 350) dispatch pc=80, inst=CALL(arg=1, lineno=46)
2025-02-03 17:21:53.444 [   DEBUG] (         byteflow.py: 351) stack ['$null$4.1', '$16load_attr.2', '$binop_add72.15']
2025-02-03 17:21:53.444 [   DEBUG] (         byteflow.py: 350) dispatch pc=90, inst=RETURN_VALUE(arg=None, lineno=46)
2025-02-03 17:21:53.444 [   DEBUG] (         byteflow.py: 351) stack ['$80call.16']
2025-02-03 17:21:53.444 [   DEBUG] (         byteflow.py: 138) end state. edges=[]
2025-02-03 17:21:53.444 [   DEBUG] (         byteflow.py: 219) -------------------------Prune PHIs-------------------------
2025-02-03 17:21:53.444 [   DEBUG] (         byteflow.py: 288) Used_phis: defaultdict(<class 'set'>, {State(pc_initial=0 nstack_initial=0): set()})
2025-02-03 17:21:53.444 [   DEBUG] (         byteflow.py: 245) defmap: {}
2025-02-03 17:21:53.444 [   DEBUG] (         byteflow.py: 246) phismap: defaultdict(<class 'set'>, {})
2025-02-03 17:21:53.444 [   DEBUG] (         byteflow.py: 267) changing phismap: defaultdict(<class 'set'>, {})
2025-02-03 17:21:53.444 [   DEBUG] (         byteflow.py: 276) keep phismap: {}
2025-02-03 17:21:53.444 [   DEBUG] (         byteflow.py: 282) new_out: defaultdict(<class 'dict'>, {})
2025-02-03 17:21:53.444 [   DEBUG] (         byteflow.py: 292) ----------------------DONE Prune PHIs-----------------------
2025-02-03 17:21:53.444 [   DEBUG] (         byteflow.py: 150) block_infos State(pc_initial=0 nstack_initial=0):
AdaptBlockInfo(insts=((0, {}), (2, {}), (4, {'idx': 0, 'res': '$4load_global.0'}), (6, {}), (8, {}), (10, {}), (12, {}), (14, {}), (16, {'item': '$4load_global.0', 'res': '$16load_attr.2'}), (18, {}), (20, {}), (22, {}), (24, {}), (26, {'res': '$x26.3'}), (28, {'res': '$off28.4'}), (30, {'res': '$const30.5'}), (32, {'op': '+', 'lhs': '$off28.4', 'rhs': '$const30.5', 'res': '$binop_add32.6'}), (34, {}), (36, {'index': '$binop_add32.6', 'target': '$x26.3', 'res': '$36binary_subscr.7'}), (38, {}), (40, {}), (42, {}), (44, {}), (46, {'res': '$const46.8'}), (48, {'op': '<<', 'lhs': '$36binary_subscr.7', 'rhs': '$const46.8', 'res': '$binop_lshift48.9'}), (50, {}), (52, {'res': '$x52.10'}), (54, {'res': '$off54.11'}), (56, {'res': '$const56.12'}), (58, {'op': '+', 'lhs': '$off54.11', 'rhs': '$const56.12', 'res': '$binop_add58.13'}), (60, {}), (62, {'index': '$binop_add58.13', 'target': '$x52.10', 'res': '$62binary_subscr.14'}), (64, {}), (66, {}), (68, {}), (70, {}), (72, {'op': '+', 'lhs': '$binop_lshift48.9', 'rhs': '$62binary_subscr.14', 'res': '$binop_add72.15'}), (74, {}), (76, {}), (78, {}), (80, {'func': '$16load_attr.2', 'args': ['$binop_add72.15'], 'kw_names': None, 'res': '$80call.16'}), (82, {}), (84, {}), (86, {}), (88, {}), (90, {'retval': '$80call.16', 'castval': '$90return_value.17'})), outgoing_phis={}, blockstack=(), active_try_block=None, outgoing_edgepushed={})
2025-02-03 17:21:53.444 [   DEBUG] (      interpreter.py:1416) label 0:
    x = arg(0, name=x)                       ['x']
    off = arg(1, name=off)                   ['off']
    $4load_global.0 = global(nb: <module 'numba' from 'C:\\Users\\ejvil\\miniconda3\\envs\\nspyre\\Lib\\site-packages\\numba\\__init__.py'>) ['$4load_global.0']
    $16load_attr.2 = getattr(value=$4load_global.0, attr=i2) ['$16load_attr.2', '$4load_global.0']
    $const30.5 = const(int, 1)               ['$const30.5']
    $binop_add32.6 = off + $const30.5        ['$binop_add32.6', '$const30.5', 'off']
    $36binary_subscr.7 = getitem(value=x, index=$binop_add32.6, fn=<built-in function getitem>) ['$36binary_subscr.7', '$binop_add32.6', 'x']
    $const46.8 = const(int, 8)               ['$const46.8']
    $binop_lshift48.9 = $36binary_subscr.7 << $const46.8 ['$36binary_subscr.7', '$binop_lshift48.9', '$const46.8']
    $const56.12 = const(int, 0)              ['$const56.12']
    $binop_add58.13 = off + $const56.12      ['$binop_add58.13', '$const56.12', 'off']
    $62binary_subscr.14 = getitem(value=x, index=$binop_add58.13, fn=<built-in function getitem>) ['$62binary_subscr.14', '$binop_add58.13', 'x']
    $binop_add72.15 = $binop_lshift48.9 + $62binary_subscr.14 ['$62binary_subscr.14', '$binop_add72.15', '$binop_lshift48.9']
    $80call.16 = call $16load_attr.2($binop_add72.15, func=$16load_attr.2, args=[Var($binop_add72.15, nbtools.py:46)], kws=(), vararg=None, varkwarg=None, target=None) ['$16load_attr.2', '$80call.16', '$binop_add72.15']
    $90return_value.17 = cast(value=$80call.16) ['$80call.16', '$90return_value.17']
    return $90return_value.17                ['$90return_value.17']

2025-02-03 17:21:53.455 [   DEBUG] (              ssa.py: 178) ==== SSA block analysis pass on 0
2025-02-03 17:21:53.455 [   DEBUG] (              ssa.py: 208) Running <numba.core.ssa._GatherDefsHandler object at 0x00000260C0C0F050>
2025-02-03 17:21:53.455 [   DEBUG] (              ssa.py: 210) on stmt: x = arg(0, name=x)
2025-02-03 17:21:53.455 [   DEBUG] (              ssa.py: 210) on stmt: off = arg(1, name=off)
2025-02-03 17:21:53.455 [   DEBUG] (              ssa.py: 210) on stmt: $4load_global.0 = global(nb: <module 'numba' from 'C:\\Users\\ejvil\\miniconda3\\envs\\nspyre\\Lib\\site-packages\\numba\\__init__.py'>)
2025-02-03 17:21:53.455 [   DEBUG] (              ssa.py: 210) on stmt: $16load_attr.2 = getattr(value=$4load_global.0, attr=i2)
2025-02-03 17:21:53.455 [   DEBUG] (              ssa.py: 210) on stmt: $const30.5 = const(int, 1)
2025-02-03 17:21:53.455 [   DEBUG] (              ssa.py: 210) on stmt: $binop_add32.6 = off + $const30.5
2025-02-03 17:21:53.455 [   DEBUG] (              ssa.py: 210) on stmt: $36binary_subscr.7 = getitem(value=x, index=$binop_add32.6, fn=<built-in function getitem>)
2025-02-03 17:21:53.455 [   DEBUG] (              ssa.py: 210) on stmt: $const46.8 = const(int, 8)
2025-02-03 17:21:53.455 [   DEBUG] (              ssa.py: 210) on stmt: $binop_lshift48.9 = $36binary_subscr.7 << $const46.8
2025-02-03 17:21:53.455 [   DEBUG] (              ssa.py: 210) on stmt: $const56.12 = const(int, 0)
2025-02-03 17:21:53.455 [   DEBUG] (              ssa.py: 210) on stmt: $binop_add58.13 = off + $const56.12
2025-02-03 17:21:53.455 [   DEBUG] (              ssa.py: 210) on stmt: $62binary_subscr.14 = getitem(value=x, index=$binop_add58.13, fn=<built-in function getitem>)
2025-02-03 17:21:53.455 [   DEBUG] (              ssa.py: 210) on stmt: $binop_add72.15 = $binop_lshift48.9 + $62binary_subscr.14
2025-02-03 17:21:53.455 [   DEBUG] (              ssa.py: 210) on stmt: $80call.16 = call $16load_attr.2($binop_add72.15, func=$16load_attr.2, args=[Var($binop_add72.15, nbtools.py:46)], kws=(), vararg=None, varkwarg=None, target=None)
2025-02-03 17:21:53.455 [   DEBUG] (              ssa.py: 210) on stmt: $90return_value.17 = cast(value=$80call.16)
2025-02-03 17:21:53.455 [   DEBUG] (              ssa.py: 210) on stmt: return $90return_value.17
2025-02-03 17:21:53.455 [   DEBUG] (              ssa.py: 157) defs defaultdict(<class 'list'>,
            {'$16load_attr.2': [(<numba.core.ir.Assign object at 0x00000260C0CD4450>,
                                 0)],
             '$36binary_subscr.7': [(<numba.core.ir.Assign object at 0x00000260C0CD4C10>,
                                     0)],
             '$4load_global.0': [(<numba.core.ir.Assign object at 0x00000260C0CD62D0>,
                                  0)],
             '$62binary_subscr.14': [(<numba.core.ir.Assign object at 0x00000260C0C4A810>,
                                      0)],
             '$80call.16': [(<numba.core.ir.Assign object at 0x00000260C0C49610>,
                             0)],
             '$90return_value.17': [(<numba.core.ir.Assign object at 0x00000260C0C4AC90>,
                                     0)],
             '$binop_add32.6': [(<numba.core.ir.Assign object at 0x00000260C0CD4AD0>,
                                 0)],
             '$binop_add58.13': [(<numba.core.ir.Assign object at 0x00000260C0C4A210>,
                                  0)],
             '$binop_add72.15': [(<numba.core.ir.Assign object at 0x00000260C0C4B510>,
                                  0)],
             '$binop_lshift48.9': [(<numba.core.ir.Assign object at 0x00000260C0C4AD50>,
                                    0)],
             '$const30.5': [(<numba.core.ir.Assign object at 0x00000260C0CD4D90>,
                             0)],
             '$const46.8': [(<numba.core.ir.Assign object at 0x00000260C0C4B810>,
                             0)],
             '$const56.12': [(<numba.core.ir.Assign object at 0x00000260C0C49250>,
                              0)],
             'off': [(<numba.core.ir.Assign object at 0x00000260C0CD7590>, 0)],
             'x': [(<numba.core.ir.Assign object at 0x00000260C0CD4290>, 0)]})
2025-02-03 17:21:53.455 [   DEBUG] (              ssa.py: 172) SSA violators <numba.core.utils.OrderedSet object at 0x00000260C0C0F050>
2025-02-03 17:21:53.491 [   DEBUG] (         byteflow.py:  90) bytecode dump:
>          0	NOP(arg=None, lineno=47)
           2	RESUME(arg=0, lineno=47)
           4	LOAD_GLOBAL(arg=1, lineno=50)
          16	LOAD_ATTR(arg=1, lineno=50)
          26	LOAD_FAST(arg=0, lineno=50)
          28	LOAD_FAST(arg=1, lineno=50)
          30	LOAD_CONST(arg=1, lineno=50)
          32	BINARY_OP(arg=0, lineno=50)
          36	BINARY_SUBSCR(arg=None, lineno=50)
          46	LOAD_CONST(arg=2, lineno=50)
          48	BINARY_OP(arg=3, lineno=50)
          52	LOAD_FAST(arg=0, lineno=50)
          54	LOAD_FAST(arg=1, lineno=50)
          56	LOAD_CONST(arg=3, lineno=50)
          58	BINARY_OP(arg=0, lineno=50)
          62	BINARY_SUBSCR(arg=None, lineno=50)
          72	LOAD_CONST(arg=4, lineno=50)
          74	BINARY_OP(arg=3, lineno=50)
          78	BINARY_OP(arg=0, lineno=50)
          82	LOAD_FAST(arg=0, lineno=50)
          84	LOAD_FAST(arg=1, lineno=50)
          86	LOAD_CONST(arg=5, lineno=50)
          88	BINARY_OP(arg=0, lineno=50)
          92	BINARY_SUBSCR(arg=None, lineno=50)
         102	LOAD_CONST(arg=6, lineno=50)
         104	BINARY_OP(arg=3, lineno=50)
         108	BINARY_OP(arg=0, lineno=50)
         112	LOAD_FAST(arg=0, lineno=50)
         114	LOAD_FAST(arg=1, lineno=50)
         116	LOAD_CONST(arg=7, lineno=50)
         118	BINARY_OP(arg=0, lineno=50)
         122	BINARY_SUBSCR(arg=None, lineno=50)
         132	BINARY_OP(arg=0, lineno=50)
         136	PRECALL(arg=1, lineno=50)
         140	CALL(arg=1, lineno=50)
         150	RETURN_VALUE(arg=None, lineno=50)
2025-02-03 17:21:53.491 [   DEBUG] (         byteflow.py: 116) pending: deque([State(pc_initial=0 nstack_initial=0)])
2025-02-03 17:21:53.491 [   DEBUG] (         byteflow.py: 119) stack: []
2025-02-03 17:21:53.491 [   DEBUG] (         byteflow.py: 120) state.pc_initial: State(pc_initial=0 nstack_initial=0)
2025-02-03 17:21:53.491 [   DEBUG] (         byteflow.py: 350) dispatch pc=0, inst=NOP(arg=None, lineno=47)
2025-02-03 17:21:53.491 [   DEBUG] (         byteflow.py: 351) stack []
2025-02-03 17:21:53.491 [   DEBUG] (         byteflow.py: 350) dispatch pc=2, inst=RESUME(arg=0, lineno=47)
2025-02-03 17:21:53.491 [   DEBUG] (         byteflow.py: 351) stack []
2025-02-03 17:21:53.491 [   DEBUG] (         byteflow.py: 350) dispatch pc=4, inst=LOAD_GLOBAL(arg=1, lineno=50)
2025-02-03 17:21:53.491 [   DEBUG] (         byteflow.py: 351) stack []
2025-02-03 17:21:53.491 [   DEBUG] (         byteflow.py: 350) dispatch pc=16, inst=LOAD_ATTR(arg=1, lineno=50)
2025-02-03 17:21:53.491 [   DEBUG] (         byteflow.py: 351) stack ['$null$4.1', '$4load_global.0']
2025-02-03 17:21:53.491 [   DEBUG] (         byteflow.py: 350) dispatch pc=26, inst=LOAD_FAST(arg=0, lineno=50)
2025-02-03 17:21:53.491 [   DEBUG] (         byteflow.py: 351) stack ['$null$4.1', '$16load_attr.2']
2025-02-03 17:21:53.491 [   DEBUG] (         byteflow.py: 350) dispatch pc=28, inst=LOAD_FAST(arg=1, lineno=50)
2025-02-03 17:21:53.491 [   DEBUG] (         byteflow.py: 351) stack ['$null$4.1', '$16load_attr.2', '$x26.3']
2025-02-03 17:21:53.491 [   DEBUG] (         byteflow.py: 350) dispatch pc=30, inst=LOAD_CONST(arg=1, lineno=50)
2025-02-03 17:21:53.491 [   DEBUG] (         byteflow.py: 351) stack ['$null$4.1', '$16load_attr.2', '$x26.3', '$off28.4']
2025-02-03 17:21:53.491 [   DEBUG] (         byteflow.py: 350) dispatch pc=32, inst=BINARY_OP(arg=0, lineno=50)
2025-02-03 17:21:53.491 [   DEBUG] (         byteflow.py: 351) stack ['$null$4.1', '$16load_attr.2', '$x26.3', '$off28.4', '$const30.5']
2025-02-03 17:21:53.493 [   DEBUG] (         byteflow.py: 350) dispatch pc=36, inst=BINARY_SUBSCR(arg=None, lineno=50)
2025-02-03 17:21:53.493 [   DEBUG] (         byteflow.py: 351) stack ['$null$4.1', '$16load_attr.2', '$x26.3', '$binop_add32.6']
2025-02-03 17:21:53.493 [   DEBUG] (         byteflow.py: 350) dispatch pc=46, inst=LOAD_CONST(arg=2, lineno=50)
2025-02-03 17:21:53.493 [   DEBUG] (         byteflow.py: 351) stack ['$null$4.1', '$16load_attr.2', '$36binary_subscr.7']
2025-02-03 17:21:53.493 [   DEBUG] (         byteflow.py: 350) dispatch pc=48, inst=BINARY_OP(arg=3, lineno=50)
2025-02-03 17:21:53.493 [   DEBUG] (         byteflow.py: 351) stack ['$null$4.1', '$16load_attr.2', '$36binary_subscr.7', '$const46.8']
2025-02-03 17:21:53.493 [   DEBUG] (         byteflow.py: 350) dispatch pc=52, inst=LOAD_FAST(arg=0, lineno=50)
2025-02-03 17:21:53.493 [   DEBUG] (         byteflow.py: 351) stack ['$null$4.1', '$16load_attr.2', '$binop_lshift48.9']
2025-02-03 17:21:53.493 [   DEBUG] (         byteflow.py: 350) dispatch pc=54, inst=LOAD_FAST(arg=1, lineno=50)
2025-02-03 17:21:53.493 [   DEBUG] (         byteflow.py: 351) stack ['$null$4.1', '$16load_attr.2', '$binop_lshift48.9', '$x52.10']
2025-02-03 17:21:53.493 [   DEBUG] (         byteflow.py: 350) dispatch pc=56, inst=LOAD_CONST(arg=3, lineno=50)
2025-02-03 17:21:53.493 [   DEBUG] (         byteflow.py: 351) stack ['$null$4.1', '$16load_attr.2', '$binop_lshift48.9', '$x52.10', '$off54.11']
2025-02-03 17:21:53.493 [   DEBUG] (         byteflow.py: 350) dispatch pc=58, inst=BINARY_OP(arg=0, lineno=50)
2025-02-03 17:21:53.493 [   DEBUG] (         byteflow.py: 351) stack ['$null$4.1', '$16load_attr.2', '$binop_lshift48.9', '$x52.10', '$off54.11', '$const56.12']
2025-02-03 17:21:53.493 [   DEBUG] (         byteflow.py: 350) dispatch pc=62, inst=BINARY_SUBSCR(arg=None, lineno=50)
2025-02-03 17:21:53.493 [   DEBUG] (         byteflow.py: 351) stack ['$null$4.1', '$16load_attr.2', '$binop_lshift48.9', '$x52.10', '$binop_add58.13']
2025-02-03 17:21:53.493 [   DEBUG] (         byteflow.py: 350) dispatch pc=72, inst=LOAD_CONST(arg=4, lineno=50)
2025-02-03 17:21:53.493 [   DEBUG] (         byteflow.py: 351) stack ['$null$4.1', '$16load_attr.2', '$binop_lshift48.9', '$62binary_subscr.14']
2025-02-03 17:21:53.493 [   DEBUG] (         byteflow.py: 350) dispatch pc=74, inst=BINARY_OP(arg=3, lineno=50)
2025-02-03 17:21:53.493 [   DEBUG] (         byteflow.py: 351) stack ['$null$4.1', '$16load_attr.2', '$binop_lshift48.9', '$62binary_subscr.14', '$const72.15']
2025-02-03 17:21:53.493 [   DEBUG] (         byteflow.py: 350) dispatch pc=78, inst=BINARY_OP(arg=0, lineno=50)
2025-02-03 17:21:53.493 [   DEBUG] (         byteflow.py: 351) stack ['$null$4.1', '$16load_attr.2', '$binop_lshift48.9', '$binop_lshift74.16']
2025-02-03 17:21:53.493 [   DEBUG] (         byteflow.py: 350) dispatch pc=82, inst=LOAD_FAST(arg=0, lineno=50)
2025-02-03 17:21:53.493 [   DEBUG] (         byteflow.py: 351) stack ['$null$4.1', '$16load_attr.2', '$binop_add78.17']
2025-02-03 17:21:53.493 [   DEBUG] (         byteflow.py: 350) dispatch pc=84, inst=LOAD_FAST(arg=1, lineno=50)
2025-02-03 17:21:53.493 [   DEBUG] (         byteflow.py: 351) stack ['$null$4.1', '$16load_attr.2', '$binop_add78.17', '$x82.18']
2025-02-03 17:21:53.493 [   DEBUG] (         byteflow.py: 350) dispatch pc=86, inst=LOAD_CONST(arg=5, lineno=50)
2025-02-03 17:21:53.493 [   DEBUG] (         byteflow.py: 351) stack ['$null$4.1', '$16load_attr.2', '$binop_add78.17', '$x82.18', '$off84.19']
2025-02-03 17:21:53.495 [   DEBUG] (         byteflow.py: 350) dispatch pc=88, inst=BINARY_OP(arg=0, lineno=50)
2025-02-03 17:21:53.495 [   DEBUG] (         byteflow.py: 351) stack ['$null$4.1', '$16load_attr.2', '$binop_add78.17', '$x82.18', '$off84.19', '$const86.20']
2025-02-03 17:21:53.495 [   DEBUG] (         byteflow.py: 350) dispatch pc=92, inst=BINARY_SUBSCR(arg=None, lineno=50)
2025-02-03 17:21:53.495 [   DEBUG] (         byteflow.py: 351) stack ['$null$4.1', '$16load_attr.2', '$binop_add78.17', '$x82.18', '$binop_add88.21']
2025-02-03 17:21:53.495 [   DEBUG] (         byteflow.py: 350) dispatch pc=102, inst=LOAD_CONST(arg=6, lineno=50)
2025-02-03 17:21:53.495 [   DEBUG] (         byteflow.py: 351) stack ['$null$4.1', '$16load_attr.2', '$binop_add78.17', '$92binary_subscr.22']
2025-02-03 17:21:53.495 [   DEBUG] (         byteflow.py: 350) dispatch pc=104, inst=BINARY_OP(arg=3, lineno=50)
2025-02-03 17:21:53.495 [   DEBUG] (         byteflow.py: 351) stack ['$null$4.1', '$16load_attr.2', '$binop_add78.17', '$92binary_subscr.22', '$const102.23']
2025-02-03 17:21:53.495 [   DEBUG] (         byteflow.py: 350) dispatch pc=108, inst=BINARY_OP(arg=0, lineno=50)
2025-02-03 17:21:53.495 [   DEBUG] (         byteflow.py: 351) stack ['$null$4.1', '$16load_attr.2', '$binop_add78.17', '$binop_lshift104.24']
2025-02-03 17:21:53.495 [   DEBUG] (         byteflow.py: 350) dispatch pc=112, inst=LOAD_FAST(arg=0, lineno=50)
2025-02-03 17:21:53.495 [   DEBUG] (         byteflow.py: 351) stack ['$null$4.1', '$16load_attr.2', '$binop_add108.25']
2025-02-03 17:21:53.495 [   DEBUG] (         byteflow.py: 350) dispatch pc=114, inst=LOAD_FAST(arg=1, lineno=50)
2025-02-03 17:21:53.495 [   DEBUG] (         byteflow.py: 351) stack ['$null$4.1', '$16load_attr.2', '$binop_add108.25', '$x112.26']
2025-02-03 17:21:53.495 [   DEBUG] (         byteflow.py: 350) dispatch pc=116, inst=LOAD_CONST(arg=7, lineno=50)
2025-02-03 17:21:53.495 [   DEBUG] (         byteflow.py: 351) stack ['$null$4.1', '$16load_attr.2', '$binop_add108.25', '$x112.26', '$off114.27']
2025-02-03 17:21:53.495 [   DEBUG] (         byteflow.py: 350) dispatch pc=118, inst=BINARY_OP(arg=0, lineno=50)
2025-02-03 17:21:53.495 [   DEBUG] (         byteflow.py: 351) stack ['$null$4.1', '$16load_attr.2', '$binop_add108.25', '$x112.26', '$off114.27', '$const116.28']
2025-02-03 17:21:53.495 [   DEBUG] (         byteflow.py: 350) dispatch pc=122, inst=BINARY_SUBSCR(arg=None, lineno=50)
2025-02-03 17:21:53.495 [   DEBUG] (         byteflow.py: 351) stack ['$null$4.1', '$16load_attr.2', '$binop_add108.25', '$x112.26', '$binop_add118.29']
2025-02-03 17:21:53.495 [   DEBUG] (         byteflow.py: 350) dispatch pc=132, inst=BINARY_OP(arg=0, lineno=50)
2025-02-03 17:21:53.495 [   DEBUG] (         byteflow.py: 351) stack ['$null$4.1', '$16load_attr.2', '$binop_add108.25', '$122binary_subscr.30']
2025-02-03 17:21:53.495 [   DEBUG] (         byteflow.py: 350) dispatch pc=136, inst=PRECALL(arg=1, lineno=50)
2025-02-03 17:21:53.495 [   DEBUG] (         byteflow.py: 351) stack ['$null$4.1', '$16load_attr.2', '$binop_add132.31']
2025-02-03 17:21:53.495 [   DEBUG] (         byteflow.py: 350) dispatch pc=140, inst=CALL(arg=1, lineno=50)
2025-02-03 17:21:53.495 [   DEBUG] (         byteflow.py: 351) stack ['$null$4.1', '$16load_attr.2', '$binop_add132.31']
2025-02-03 17:21:53.495 [   DEBUG] (         byteflow.py: 350) dispatch pc=150, inst=RETURN_VALUE(arg=None, lineno=50)
2025-02-03 17:21:53.495 [   DEBUG] (         byteflow.py: 351) stack ['$140call.32']
2025-02-03 17:21:53.495 [   DEBUG] (         byteflow.py: 138) end state. edges=[]
2025-02-03 17:21:53.495 [   DEBUG] (         byteflow.py: 219) -------------------------Prune PHIs-------------------------
2025-02-03 17:21:53.495 [   DEBUG] (         byteflow.py: 288) Used_phis: defaultdict(<class 'set'>, {State(pc_initial=0 nstack_initial=0): set()})
2025-02-03 17:21:53.495 [   DEBUG] (         byteflow.py: 245) defmap: {}
2025-02-03 17:21:53.495 [   DEBUG] (         byteflow.py: 246) phismap: defaultdict(<class 'set'>, {})
2025-02-03 17:21:53.495 [   DEBUG] (         byteflow.py: 267) changing phismap: defaultdict(<class 'set'>, {})
2025-02-03 17:21:53.495 [   DEBUG] (         byteflow.py: 276) keep phismap: {}
2025-02-03 17:21:53.495 [   DEBUG] (         byteflow.py: 282) new_out: defaultdict(<class 'dict'>, {})
2025-02-03 17:21:53.495 [   DEBUG] (         byteflow.py: 292) ----------------------DONE Prune PHIs-----------------------
2025-02-03 17:21:53.495 [   DEBUG] (         byteflow.py: 150) block_infos State(pc_initial=0 nstack_initial=0):
AdaptBlockInfo(insts=((0, {}), (2, {}), (4, {'idx': 0, 'res': '$4load_global.0'}), (6, {}), (8, {}), (10, {}), (12, {}), (14, {}), (16, {'item': '$4load_global.0', 'res': '$16load_attr.2'}), (18, {}), (20, {}), (22, {}), (24, {}), (26, {'res': '$x26.3'}), (28, {'res': '$off28.4'}), (30, {'res': '$const30.5'}), (32, {'op': '+', 'lhs': '$off28.4', 'rhs': '$const30.5', 'res': '$binop_add32.6'}), (34, {}), (36, {'index': '$binop_add32.6', 'target': '$x26.3', 'res': '$36binary_subscr.7'}), (38, {}), (40, {}), (42, {}), (44, {}), (46, {'res': '$const46.8'}), (48, {'op': '<<', 'lhs': '$36binary_subscr.7', 'rhs': '$const46.8', 'res': '$binop_lshift48.9'}), (50, {}), (52, {'res': '$x52.10'}), (54, {'res': '$off54.11'}), (56, {'res': '$const56.12'}), (58, {'op': '+', 'lhs': '$off54.11', 'rhs': '$const56.12', 'res': '$binop_add58.13'}), (60, {}), (62, {'index': '$binop_add58.13', 'target': '$x52.10', 'res': '$62binary_subscr.14'}), (64, {}), (66, {}), (68, {}), (70, {}), (72, {'res': '$const72.15'}), (74, {'op': '<<', 'lhs': '$62binary_subscr.14', 'rhs': '$const72.15', 'res': '$binop_lshift74.16'}), (76, {}), (78, {'op': '+', 'lhs': '$binop_lshift48.9', 'rhs': '$binop_lshift74.16', 'res': '$binop_add78.17'}), (80, {}), (82, {'res': '$x82.18'}), (84, {'res': '$off84.19'}), (86, {'res': '$const86.20'}), (88, {'op': '+', 'lhs': '$off84.19', 'rhs': '$const86.20', 'res': '$binop_add88.21'}), (90, {}), (92, {'index': '$binop_add88.21', 'target': '$x82.18', 'res': '$92binary_subscr.22'}), (94, {}), (96, {}), (98, {}), (100, {}), (102, {'res': '$const102.23'}), (104, {'op': '<<', 'lhs': '$92binary_subscr.22', 'rhs': '$const102.23', 'res': '$binop_lshift104.24'}), (106, {}), (108, {'op': '+', 'lhs': '$binop_add78.17', 'rhs': '$binop_lshift104.24', 'res': '$binop_add108.25'}), (110, {}), (112, {'res': '$x112.26'}), (114, {'res': '$off114.27'}), (116, {'res': '$const116.28'}), (118, {'op': '+', 'lhs': '$off114.27', 'rhs': '$const116.28', 'res': '$binop_add118.29'}), (120, {}), (122, {'index': '$binop_add118.29', 'target': '$x112.26', 'res': '$122binary_subscr.30'}), (124, {}), (126, {}), (128, {}), (130, {}), (132, {'op': '+', 'lhs': '$binop_add108.25', 'rhs': '$122binary_subscr.30', 'res': '$binop_add132.31'}), (134, {}), (136, {}), (138, {}), (140, {'func': '$16load_attr.2', 'args': ['$binop_add132.31'], 'kw_names': None, 'res': '$140call.32'}), (142, {}), (144, {}), (146, {}), (148, {}), (150, {'retval': '$140call.32', 'castval': '$150return_value.33'})), outgoing_phis={}, blockstack=(), active_try_block=None, outgoing_edgepushed={})
2025-02-03 17:21:53.495 [   DEBUG] (      interpreter.py:1416) label 0:
    x = arg(0, name=x)                       ['x']
    off = arg(1, name=off)                   ['off']
    $4load_global.0 = global(nb: <module 'numba' from 'C:\\Users\\ejvil\\miniconda3\\envs\\nspyre\\Lib\\site-packages\\numba\\__init__.py'>) ['$4load_global.0']
    $16load_attr.2 = getattr(value=$4load_global.0, attr=i4) ['$16load_attr.2', '$4load_global.0']
    $const30.5 = const(int, 3)               ['$const30.5']
    $binop_add32.6 = off + $const30.5        ['$binop_add32.6', '$const30.5', 'off']
    $36binary_subscr.7 = getitem(value=x, index=$binop_add32.6, fn=<built-in function getitem>) ['$36binary_subscr.7', '$binop_add32.6', 'x']
    $const46.8 = const(int, 24)              ['$const46.8']
    $binop_lshift48.9 = $36binary_subscr.7 << $const46.8 ['$36binary_subscr.7', '$binop_lshift48.9', '$const46.8']
    $const56.12 = const(int, 2)              ['$const56.12']
    $binop_add58.13 = off + $const56.12      ['$binop_add58.13', '$const56.12', 'off']
    $62binary_subscr.14 = getitem(value=x, index=$binop_add58.13, fn=<built-in function getitem>) ['$62binary_subscr.14', '$binop_add58.13', 'x']
    $const72.15 = const(int, 16)             ['$const72.15']
    $binop_lshift74.16 = $62binary_subscr.14 << $const72.15 ['$62binary_subscr.14', '$binop_lshift74.16', '$const72.15']
    $binop_add78.17 = $binop_lshift48.9 + $binop_lshift74.16 ['$binop_add78.17', '$binop_lshift48.9', '$binop_lshift74.16']
    $const86.20 = const(int, 1)              ['$const86.20']
    $binop_add88.21 = off + $const86.20      ['$binop_add88.21', '$const86.20', 'off']
    $92binary_subscr.22 = getitem(value=x, index=$binop_add88.21, fn=<built-in function getitem>) ['$92binary_subscr.22', '$binop_add88.21', 'x']
    $const102.23 = const(int, 8)             ['$const102.23']
    $binop_lshift104.24 = $92binary_subscr.22 << $const102.23 ['$92binary_subscr.22', '$binop_lshift104.24', '$const102.23']
    $binop_add108.25 = $binop_add78.17 + $binop_lshift104.24 ['$binop_add108.25', '$binop_add78.17', '$binop_lshift104.24']
    $const116.28 = const(int, 0)             ['$const116.28']
    $binop_add118.29 = off + $const116.28    ['$binop_add118.29', '$const116.28', 'off']
    $122binary_subscr.30 = getitem(value=x, index=$binop_add118.29, fn=<built-in function getitem>) ['$122binary_subscr.30', '$binop_add118.29', 'x']
    $binop_add132.31 = $binop_add108.25 + $122binary_subscr.30 ['$122binary_subscr.30', '$binop_add108.25', '$binop_add132.31']
    $140call.32 = call $16load_attr.2($binop_add132.31, func=$16load_attr.2, args=[Var($binop_add132.31, nbtools.py:50)], kws=(), vararg=None, varkwarg=None, target=None) ['$140call.32', '$16load_attr.2', '$binop_add132.31']
    $150return_value.33 = cast(value=$140call.32) ['$140call.32', '$150return_value.33']
    return $150return_value.33               ['$150return_value.33']

2025-02-03 17:21:53.505 [   DEBUG] (              ssa.py: 178) ==== SSA block analysis pass on 0
2025-02-03 17:21:53.505 [   DEBUG] (              ssa.py: 208) Running <numba.core.ssa._GatherDefsHandler object at 0x00000260C1E261D0>
2025-02-03 17:21:53.505 [   DEBUG] (              ssa.py: 210) on stmt: x = arg(0, name=x)
2025-02-03 17:21:53.505 [   DEBUG] (              ssa.py: 210) on stmt: off = arg(1, name=off)
2025-02-03 17:21:53.505 [   DEBUG] (              ssa.py: 210) on stmt: $4load_global.0 = global(nb: <module 'numba' from 'C:\\Users\\ejvil\\miniconda3\\envs\\nspyre\\Lib\\site-packages\\numba\\__init__.py'>)
2025-02-03 17:21:53.505 [   DEBUG] (              ssa.py: 210) on stmt: $16load_attr.2 = getattr(value=$4load_global.0, attr=i4)
2025-02-03 17:21:53.505 [   DEBUG] (              ssa.py: 210) on stmt: $const30.5 = const(int, 3)
2025-02-03 17:21:53.505 [   DEBUG] (              ssa.py: 210) on stmt: $binop_add32.6 = off + $const30.5
2025-02-03 17:21:53.505 [   DEBUG] (              ssa.py: 210) on stmt: $36binary_subscr.7 = getitem(value=x, index=$binop_add32.6, fn=<built-in function getitem>)
2025-02-03 17:21:53.505 [   DEBUG] (              ssa.py: 210) on stmt: $const46.8 = const(int, 24)
2025-02-03 17:21:53.505 [   DEBUG] (              ssa.py: 210) on stmt: $binop_lshift48.9 = $36binary_subscr.7 << $const46.8
2025-02-03 17:21:53.505 [   DEBUG] (              ssa.py: 210) on stmt: $const56.12 = const(int, 2)
2025-02-03 17:21:53.505 [   DEBUG] (              ssa.py: 210) on stmt: $binop_add58.13 = off + $const56.12
2025-02-03 17:21:53.505 [   DEBUG] (              ssa.py: 210) on stmt: $62binary_subscr.14 = getitem(value=x, index=$binop_add58.13, fn=<built-in function getitem>)
2025-02-03 17:21:53.505 [   DEBUG] (              ssa.py: 210) on stmt: $const72.15 = const(int, 16)
2025-02-03 17:21:53.505 [   DEBUG] (              ssa.py: 210) on stmt: $binop_lshift74.16 = $62binary_subscr.14 << $const72.15
2025-02-03 17:21:53.505 [   DEBUG] (              ssa.py: 210) on stmt: $binop_add78.17 = $binop_lshift48.9 + $binop_lshift74.16
2025-02-03 17:21:53.505 [   DEBUG] (              ssa.py: 210) on stmt: $const86.20 = const(int, 1)
2025-02-03 17:21:53.505 [   DEBUG] (              ssa.py: 210) on stmt: $binop_add88.21 = off + $const86.20
2025-02-03 17:21:53.505 [   DEBUG] (              ssa.py: 210) on stmt: $92binary_subscr.22 = getitem(value=x, index=$binop_add88.21, fn=<built-in function getitem>)
2025-02-03 17:21:53.505 [   DEBUG] (              ssa.py: 210) on stmt: $const102.23 = const(int, 8)
2025-02-03 17:21:53.505 [   DEBUG] (              ssa.py: 210) on stmt: $binop_lshift104.24 = $92binary_subscr.22 << $const102.23
2025-02-03 17:21:53.505 [   DEBUG] (              ssa.py: 210) on stmt: $binop_add108.25 = $binop_add78.17 + $binop_lshift104.24
2025-02-03 17:21:53.505 [   DEBUG] (              ssa.py: 210) on stmt: $const116.28 = const(int, 0)
2025-02-03 17:21:53.505 [   DEBUG] (              ssa.py: 210) on stmt: $binop_add118.29 = off + $const116.28
2025-02-03 17:21:53.505 [   DEBUG] (              ssa.py: 210) on stmt: $122binary_subscr.30 = getitem(value=x, index=$binop_add118.29, fn=<built-in function getitem>)
2025-02-03 17:21:53.505 [   DEBUG] (              ssa.py: 210) on stmt: $binop_add132.31 = $binop_add108.25 + $122binary_subscr.30
2025-02-03 17:21:53.505 [   DEBUG] (              ssa.py: 210) on stmt: $140call.32 = call $16load_attr.2($binop_add132.31, func=$16load_attr.2, args=[Var($binop_add132.31, nbtools.py:50)], kws=(), vararg=None, varkwarg=None, target=None)
2025-02-03 17:21:53.505 [   DEBUG] (              ssa.py: 210) on stmt: $150return_value.33 = cast(value=$140call.32)
2025-02-03 17:21:53.505 [   DEBUG] (              ssa.py: 210) on stmt: return $150return_value.33
2025-02-03 17:21:53.505 [   DEBUG] (              ssa.py: 157) defs defaultdict(<class 'list'>,
            {'$122binary_subscr.30': [(<numba.core.ir.Assign object at 0x00000260C1E03C10>,
                                       0)],
             '$140call.32': [(<numba.core.ir.Assign object at 0x00000260C1E22390>,
                              0)],
             '$150return_value.33': [(<numba.core.ir.Assign object at 0x00000260C1E22650>,
                                      0)],
             '$16load_attr.2': [(<numba.core.ir.Assign object at 0x00000260C1E16610>,
                                 0)],
             '$36binary_subscr.7': [(<numba.core.ir.Assign object at 0x00000260C1E170D0>,
                                     0)],
             '$4load_global.0': [(<numba.core.ir.Assign object at 0x00000260C1E16350>,
                                  0)],
             '$62binary_subscr.14': [(<numba.core.ir.Assign object at 0x00000260C1E17F10>,
                                      0)],
             '$92binary_subscr.22': [(<numba.core.ir.Assign object at 0x00000260C1E20FD0>,
                                      0)],
             '$binop_add108.25': [(<numba.core.ir.Assign object at 0x00000260C1E21750>,
                                   0)],
             '$binop_add118.29': [(<numba.core.ir.Assign object at 0x00000260C1E21E90>,
                                   0)],
             '$binop_add132.31': [(<numba.core.ir.Assign object at 0x00000260C1E22150>,
                                   0)],
             '$binop_add32.6': [(<numba.core.ir.Assign object at 0x00000260C1E16E90>,
                                 0)],
             '$binop_add58.13': [(<numba.core.ir.Assign object at 0x00000260C1E17CD0>,
                                  0)],
             '$binop_add78.17': [(<numba.core.ir.Assign object at 0x00000260C1E206D0>,
                                  0)],
             '$binop_add88.21': [(<numba.core.ir.Assign object at 0x00000260C1E20DD0>,
                                  0)],
             '$binop_lshift104.24': [(<numba.core.ir.Assign object at 0x00000260C1E214D0>,
                                      0)],
             '$binop_lshift48.9': [(<numba.core.ir.Assign object at 0x00000260C1E17590>,
                                    0)],
             '$binop_lshift74.16': [(<numba.core.ir.Assign object at 0x00000260C1E20450>,
                                     0)],
             '$const102.23': [(<numba.core.ir.Assign object at 0x00000260C1E21290>,
                               0)],
             '$const116.28': [(<numba.core.ir.Assign object at 0x00000260C1E21C50>,
                               0)],
             '$const30.5': [(<numba.core.ir.Assign object at 0x00000260C1E16C50>,
                             0)],
             '$const46.8': [(<numba.core.ir.Assign object at 0x00000260C1E17350>,
                             0)],
             '$const56.12': [(<numba.core.ir.Assign object at 0x00000260C1E17A90>,
                              0)],
             '$const72.15': [(<numba.core.ir.Assign object at 0x00000260C1E20210>,
                              0)],
             '$const86.20': [(<numba.core.ir.Assign object at 0x00000260C1E20B90>,
                              0)],
             'off': [(<numba.core.ir.Assign object at 0x00000260C1E160D0>, 0)],
             'x': [(<numba.core.ir.Assign object at 0x00000260C1E15FD0>, 0)]})
2025-02-03 17:21:53.505 [   DEBUG] (              ssa.py: 172) SSA violators <numba.core.utils.OrderedSet object at 0x00000260C1E261D0>
2025-02-03 17:21:53.551 [   DEBUG] (         byteflow.py:  90) bytecode dump:
>          0	NOP(arg=None, lineno=51)
           2	RESUME(arg=0, lineno=51)
           4	LOAD_GLOBAL(arg=1, lineno=54)
          16	LOAD_ATTR(arg=1, lineno=54)
          26	LOAD_FAST(arg=0, lineno=54)
          28	LOAD_FAST(arg=1, lineno=54)
          30	LOAD_CONST(arg=1, lineno=54)
          32	BINARY_OP(arg=0, lineno=54)
          36	BINARY_SUBSCR(arg=None, lineno=54)
          46	LOAD_CONST(arg=2, lineno=54)
          48	BINARY_OP(arg=3, lineno=54)
          52	LOAD_FAST(arg=0, lineno=54)
          54	LOAD_FAST(arg=1, lineno=54)
          56	LOAD_CONST(arg=3, lineno=54)
          58	BINARY_OP(arg=0, lineno=54)
          62	BINARY_SUBSCR(arg=None, lineno=54)
          72	LOAD_CONST(arg=4, lineno=54)
          74	BINARY_OP(arg=3, lineno=54)
          78	BINARY_OP(arg=0, lineno=54)
          82	LOAD_FAST(arg=0, lineno=54)
          84	LOAD_FAST(arg=1, lineno=54)
          86	LOAD_CONST(arg=5, lineno=54)
          88	BINARY_OP(arg=0, lineno=54)
          92	BINARY_SUBSCR(arg=None, lineno=54)
         102	LOAD_CONST(arg=6, lineno=54)
         104	BINARY_OP(arg=3, lineno=54)
         108	BINARY_OP(arg=0, lineno=54)
         112	LOAD_FAST(arg=0, lineno=54)
         114	LOAD_FAST(arg=1, lineno=54)
         116	LOAD_CONST(arg=7, lineno=54)
         118	BINARY_OP(arg=0, lineno=54)
         122	BINARY_SUBSCR(arg=None, lineno=54)
         132	LOAD_CONST(arg=8, lineno=54)
         134	BINARY_OP(arg=3, lineno=54)
         138	BINARY_OP(arg=0, lineno=54)
         142	LOAD_FAST(arg=0, lineno=54)
         144	LOAD_FAST(arg=1, lineno=54)
         146	LOAD_CONST(arg=9, lineno=54)
         148	BINARY_OP(arg=0, lineno=54)
         152	BINARY_SUBSCR(arg=None, lineno=54)
         162	LOAD_CONST(arg=10, lineno=54)
         164	BINARY_OP(arg=3, lineno=54)
         168	BINARY_OP(arg=0, lineno=54)
         172	LOAD_FAST(arg=0, lineno=54)
         174	LOAD_FAST(arg=1, lineno=54)
         176	LOAD_CONST(arg=11, lineno=54)
         178	BINARY_OP(arg=0, lineno=54)
         182	BINARY_SUBSCR(arg=None, lineno=54)
         192	LOAD_CONST(arg=12, lineno=54)
         194	BINARY_OP(arg=3, lineno=54)
         198	BINARY_OP(arg=0, lineno=54)
         202	LOAD_FAST(arg=0, lineno=54)
         204	LOAD_FAST(arg=1, lineno=54)
         206	LOAD_CONST(arg=13, lineno=54)
         208	BINARY_OP(arg=0, lineno=54)
         212	BINARY_SUBSCR(arg=None, lineno=54)
         222	LOAD_CONST(arg=14, lineno=54)
         224	BINARY_OP(arg=3, lineno=54)
         228	BINARY_OP(arg=0, lineno=54)
         232	LOAD_FAST(arg=0, lineno=54)
         234	LOAD_FAST(arg=1, lineno=54)
         236	LOAD_CONST(arg=15, lineno=54)
         238	BINARY_OP(arg=0, lineno=54)
         242	BINARY_SUBSCR(arg=None, lineno=54)
         252	BINARY_OP(arg=0, lineno=54)
         256	PRECALL(arg=1, lineno=54)
         260	CALL(arg=1, lineno=54)
         270	RETURN_VALUE(arg=None, lineno=54)
2025-02-03 17:21:53.551 [   DEBUG] (         byteflow.py: 116) pending: deque([State(pc_initial=0 nstack_initial=0)])
2025-02-03 17:21:53.551 [   DEBUG] (         byteflow.py: 119) stack: []
2025-02-03 17:21:53.551 [   DEBUG] (         byteflow.py: 120) state.pc_initial: State(pc_initial=0 nstack_initial=0)
2025-02-03 17:21:53.551 [   DEBUG] (         byteflow.py: 350) dispatch pc=0, inst=NOP(arg=None, lineno=51)
2025-02-03 17:21:53.553 [   DEBUG] (         byteflow.py: 351) stack []
2025-02-03 17:21:53.553 [   DEBUG] (         byteflow.py: 350) dispatch pc=2, inst=RESUME(arg=0, lineno=51)
2025-02-03 17:21:53.553 [   DEBUG] (         byteflow.py: 351) stack []
2025-02-03 17:21:53.553 [   DEBUG] (         byteflow.py: 350) dispatch pc=4, inst=LOAD_GLOBAL(arg=1, lineno=54)
2025-02-03 17:21:53.553 [   DEBUG] (         byteflow.py: 351) stack []
2025-02-03 17:21:53.553 [   DEBUG] (         byteflow.py: 350) dispatch pc=16, inst=LOAD_ATTR(arg=1, lineno=54)
2025-02-03 17:21:53.553 [   DEBUG] (         byteflow.py: 351) stack ['$null$4.1', '$4load_global.0']
2025-02-03 17:21:53.553 [   DEBUG] (         byteflow.py: 350) dispatch pc=26, inst=LOAD_FAST(arg=0, lineno=54)
2025-02-03 17:21:53.553 [   DEBUG] (         byteflow.py: 351) stack ['$null$4.1', '$16load_attr.2']
2025-02-03 17:21:53.553 [   DEBUG] (         byteflow.py: 350) dispatch pc=28, inst=LOAD_FAST(arg=1, lineno=54)
2025-02-03 17:21:53.553 [   DEBUG] (         byteflow.py: 351) stack ['$null$4.1', '$16load_attr.2', '$x26.3']
2025-02-03 17:21:53.553 [   DEBUG] (         byteflow.py: 350) dispatch pc=30, inst=LOAD_CONST(arg=1, lineno=54)
2025-02-03 17:21:53.553 [   DEBUG] (         byteflow.py: 351) stack ['$null$4.1', '$16load_attr.2', '$x26.3', '$off28.4']
2025-02-03 17:21:53.553 [   DEBUG] (         byteflow.py: 350) dispatch pc=32, inst=BINARY_OP(arg=0, lineno=54)
2025-02-03 17:21:53.553 [   DEBUG] (         byteflow.py: 351) stack ['$null$4.1', '$16load_attr.2', '$x26.3', '$off28.4', '$const30.5']
2025-02-03 17:21:53.553 [   DEBUG] (         byteflow.py: 350) dispatch pc=36, inst=BINARY_SUBSCR(arg=None, lineno=54)
2025-02-03 17:21:53.553 [   DEBUG] (         byteflow.py: 351) stack ['$null$4.1', '$16load_attr.2', '$x26.3', '$binop_add32.6']
2025-02-03 17:21:53.553 [   DEBUG] (         byteflow.py: 350) dispatch pc=46, inst=LOAD_CONST(arg=2, lineno=54)
2025-02-03 17:21:53.553 [   DEBUG] (         byteflow.py: 351) stack ['$null$4.1', '$16load_attr.2', '$36binary_subscr.7']
2025-02-03 17:21:53.553 [   DEBUG] (         byteflow.py: 350) dispatch pc=48, inst=BINARY_OP(arg=3, lineno=54)
2025-02-03 17:21:53.553 [   DEBUG] (         byteflow.py: 351) stack ['$null$4.1', '$16load_attr.2', '$36binary_subscr.7', '$const46.8']
2025-02-03 17:21:53.553 [   DEBUG] (         byteflow.py: 350) dispatch pc=52, inst=LOAD_FAST(arg=0, lineno=54)
2025-02-03 17:21:53.553 [   DEBUG] (         byteflow.py: 351) stack ['$null$4.1', '$16load_attr.2', '$binop_lshift48.9']
2025-02-03 17:21:53.553 [   DEBUG] (         byteflow.py: 350) dispatch pc=54, inst=LOAD_FAST(arg=1, lineno=54)
2025-02-03 17:21:53.553 [   DEBUG] (         byteflow.py: 351) stack ['$null$4.1', '$16load_attr.2', '$binop_lshift48.9', '$x52.10']
2025-02-03 17:21:53.553 [   DEBUG] (         byteflow.py: 350) dispatch pc=56, inst=LOAD_CONST(arg=3, lineno=54)
2025-02-03 17:21:53.553 [   DEBUG] (         byteflow.py: 351) stack ['$null$4.1', '$16load_attr.2', '$binop_lshift48.9', '$x52.10', '$off54.11']
2025-02-03 17:21:53.553 [   DEBUG] (         byteflow.py: 350) dispatch pc=58, inst=BINARY_OP(arg=0, lineno=54)
2025-02-03 17:21:53.555 [   DEBUG] (         byteflow.py: 351) stack ['$null$4.1', '$16load_attr.2', '$binop_lshift48.9', '$x52.10', '$off54.11', '$const56.12']
2025-02-03 17:21:53.555 [   DEBUG] (         byteflow.py: 350) dispatch pc=62, inst=BINARY_SUBSCR(arg=None, lineno=54)
2025-02-03 17:21:53.555 [   DEBUG] (         byteflow.py: 351) stack ['$null$4.1', '$16load_attr.2', '$binop_lshift48.9', '$x52.10', '$binop_add58.13']
2025-02-03 17:21:53.555 [   DEBUG] (         byteflow.py: 350) dispatch pc=72, inst=LOAD_CONST(arg=4, lineno=54)
2025-02-03 17:21:53.555 [   DEBUG] (         byteflow.py: 351) stack ['$null$4.1', '$16load_attr.2', '$binop_lshift48.9', '$62binary_subscr.14']
2025-02-03 17:21:53.555 [   DEBUG] (         byteflow.py: 350) dispatch pc=74, inst=BINARY_OP(arg=3, lineno=54)
2025-02-03 17:21:53.555 [   DEBUG] (         byteflow.py: 351) stack ['$null$4.1', '$16load_attr.2', '$binop_lshift48.9', '$62binary_subscr.14', '$const72.15']
2025-02-03 17:21:53.555 [   DEBUG] (         byteflow.py: 350) dispatch pc=78, inst=BINARY_OP(arg=0, lineno=54)
2025-02-03 17:21:53.555 [   DEBUG] (         byteflow.py: 351) stack ['$null$4.1', '$16load_attr.2', '$binop_lshift48.9', '$binop_lshift74.16']
2025-02-03 17:21:53.555 [   DEBUG] (         byteflow.py: 350) dispatch pc=82, inst=LOAD_FAST(arg=0, lineno=54)
2025-02-03 17:21:53.555 [   DEBUG] (         byteflow.py: 351) stack ['$null$4.1', '$16load_attr.2', '$binop_add78.17']
2025-02-03 17:21:53.555 [   DEBUG] (         byteflow.py: 350) dispatch pc=84, inst=LOAD_FAST(arg=1, lineno=54)
2025-02-03 17:21:53.555 [   DEBUG] (         byteflow.py: 351) stack ['$null$4.1', '$16load_attr.2', '$binop_add78.17', '$x82.18']
2025-02-03 17:21:53.555 [   DEBUG] (         byteflow.py: 350) dispatch pc=86, inst=LOAD_CONST(arg=5, lineno=54)
2025-02-03 17:21:53.555 [   DEBUG] (         byteflow.py: 351) stack ['$null$4.1', '$16load_attr.2', '$binop_add78.17', '$x82.18', '$off84.19']
2025-02-03 17:21:53.555 [   DEBUG] (         byteflow.py: 350) dispatch pc=88, inst=BINARY_OP(arg=0, lineno=54)
2025-02-03 17:21:53.555 [   DEBUG] (         byteflow.py: 351) stack ['$null$4.1', '$16load_attr.2', '$binop_add78.17', '$x82.18', '$off84.19', '$const86.20']
2025-02-03 17:21:53.555 [   DEBUG] (         byteflow.py: 350) dispatch pc=92, inst=BINARY_SUBSCR(arg=None, lineno=54)
2025-02-03 17:21:53.555 [   DEBUG] (         byteflow.py: 351) stack ['$null$4.1', '$16load_attr.2', '$binop_add78.17', '$x82.18', '$binop_add88.21']
2025-02-03 17:21:53.555 [   DEBUG] (         byteflow.py: 350) dispatch pc=102, inst=LOAD_CONST(arg=6, lineno=54)
2025-02-03 17:21:53.555 [   DEBUG] (         byteflow.py: 351) stack ['$null$4.1', '$16load_attr.2', '$binop_add78.17', '$92binary_subscr.22']
2025-02-03 17:21:53.555 [   DEBUG] (         byteflow.py: 350) dispatch pc=104, inst=BINARY_OP(arg=3, lineno=54)
2025-02-03 17:21:53.555 [   DEBUG] (         byteflow.py: 351) stack ['$null$4.1', '$16load_attr.2', '$binop_add78.17', '$92binary_subscr.22', '$const102.23']
2025-02-03 17:21:53.555 [   DEBUG] (         byteflow.py: 350) dispatch pc=108, inst=BINARY_OP(arg=0, lineno=54)
2025-02-03 17:21:53.556 [   DEBUG] (         byteflow.py: 351) stack ['$null$4.1', '$16load_attr.2', '$binop_add78.17', '$binop_lshift104.24']
2025-02-03 17:21:53.556 [   DEBUG] (         byteflow.py: 350) dispatch pc=112, inst=LOAD_FAST(arg=0, lineno=54)
2025-02-03 17:21:53.556 [   DEBUG] (         byteflow.py: 351) stack ['$null$4.1', '$16load_attr.2', '$binop_add108.25']
2025-02-03 17:21:53.556 [   DEBUG] (         byteflow.py: 350) dispatch pc=114, inst=LOAD_FAST(arg=1, lineno=54)
2025-02-03 17:21:53.556 [   DEBUG] (         byteflow.py: 351) stack ['$null$4.1', '$16load_attr.2', '$binop_add108.25', '$x112.26']
2025-02-03 17:21:53.556 [   DEBUG] (         byteflow.py: 350) dispatch pc=116, inst=LOAD_CONST(arg=7, lineno=54)
2025-02-03 17:21:53.556 [   DEBUG] (         byteflow.py: 351) stack ['$null$4.1', '$16load_attr.2', '$binop_add108.25', '$x112.26', '$off114.27']
2025-02-03 17:21:53.556 [   DEBUG] (         byteflow.py: 350) dispatch pc=118, inst=BINARY_OP(arg=0, lineno=54)
2025-02-03 17:21:53.556 [   DEBUG] (         byteflow.py: 351) stack ['$null$4.1', '$16load_attr.2', '$binop_add108.25', '$x112.26', '$off114.27', '$const116.28']
2025-02-03 17:21:53.556 [   DEBUG] (         byteflow.py: 350) dispatch pc=122, inst=BINARY_SUBSCR(arg=None, lineno=54)
2025-02-03 17:21:53.556 [   DEBUG] (         byteflow.py: 351) stack ['$null$4.1', '$16load_attr.2', '$binop_add108.25', '$x112.26', '$binop_add118.29']
2025-02-03 17:21:53.556 [   DEBUG] (         byteflow.py: 350) dispatch pc=132, inst=LOAD_CONST(arg=8, lineno=54)
2025-02-03 17:21:53.556 [   DEBUG] (         byteflow.py: 351) stack ['$null$4.1', '$16load_attr.2', '$binop_add108.25', '$122binary_subscr.30']
2025-02-03 17:21:53.556 [   DEBUG] (         byteflow.py: 350) dispatch pc=134, inst=BINARY_OP(arg=3, lineno=54)
2025-02-03 17:21:53.556 [   DEBUG] (         byteflow.py: 351) stack ['$null$4.1', '$16load_attr.2', '$binop_add108.25', '$122binary_subscr.30', '$const132.31']
2025-02-03 17:21:53.556 [   DEBUG] (         byteflow.py: 350) dispatch pc=138, inst=BINARY_OP(arg=0, lineno=54)
2025-02-03 17:21:53.556 [   DEBUG] (         byteflow.py: 351) stack ['$null$4.1', '$16load_attr.2', '$binop_add108.25', '$binop_lshift134.32']
2025-02-03 17:21:53.556 [   DEBUG] (         byteflow.py: 350) dispatch pc=142, inst=LOAD_FAST(arg=0, lineno=54)
2025-02-03 17:21:53.556 [   DEBUG] (         byteflow.py: 351) stack ['$null$4.1', '$16load_attr.2', '$binop_add138.33']
2025-02-03 17:21:53.556 [   DEBUG] (         byteflow.py: 350) dispatch pc=144, inst=LOAD_FAST(arg=1, lineno=54)
2025-02-03 17:21:53.556 [   DEBUG] (         byteflow.py: 351) stack ['$null$4.1', '$16load_attr.2', '$binop_add138.33', '$x142.34']
2025-02-03 17:21:53.556 [   DEBUG] (         byteflow.py: 350) dispatch pc=146, inst=LOAD_CONST(arg=9, lineno=54)
2025-02-03 17:21:53.556 [   DEBUG] (         byteflow.py: 351) stack ['$null$4.1', '$16load_attr.2', '$binop_add138.33', '$x142.34', '$off144.35']
2025-02-03 17:21:53.556 [   DEBUG] (         byteflow.py: 350) dispatch pc=148, inst=BINARY_OP(arg=0, lineno=54)
2025-02-03 17:21:53.556 [   DEBUG] (         byteflow.py: 351) stack ['$null$4.1', '$16load_attr.2', '$binop_add138.33', '$x142.34', '$off144.35', '$const146.36']
2025-02-03 17:21:53.556 [   DEBUG] (         byteflow.py: 350) dispatch pc=152, inst=BINARY_SUBSCR(arg=None, lineno=54)
2025-02-03 17:21:53.556 [   DEBUG] (         byteflow.py: 351) stack ['$null$4.1', '$16load_attr.2', '$binop_add138.33', '$x142.34', '$binop_add148.37']
2025-02-03 17:21:53.556 [   DEBUG] (         byteflow.py: 350) dispatch pc=162, inst=LOAD_CONST(arg=10, lineno=54)
2025-02-03 17:21:53.556 [   DEBUG] (         byteflow.py: 351) stack ['$null$4.1', '$16load_attr.2', '$binop_add138.33', '$152binary_subscr.38']
2025-02-03 17:21:53.556 [   DEBUG] (         byteflow.py: 350) dispatch pc=164, inst=BINARY_OP(arg=3, lineno=54)
2025-02-03 17:21:53.556 [   DEBUG] (         byteflow.py: 351) stack ['$null$4.1', '$16load_attr.2', '$binop_add138.33', '$152binary_subscr.38', '$const162.39']
2025-02-03 17:21:53.556 [   DEBUG] (         byteflow.py: 350) dispatch pc=168, inst=BINARY_OP(arg=0, lineno=54)
2025-02-03 17:21:53.556 [   DEBUG] (         byteflow.py: 351) stack ['$null$4.1', '$16load_attr.2', '$binop_add138.33', '$binop_lshift164.40']
2025-02-03 17:21:53.556 [   DEBUG] (         byteflow.py: 350) dispatch pc=172, inst=LOAD_FAST(arg=0, lineno=54)
2025-02-03 17:21:53.556 [   DEBUG] (         byteflow.py: 351) stack ['$null$4.1', '$16load_attr.2', '$binop_add168.41']
2025-02-03 17:21:53.556 [   DEBUG] (         byteflow.py: 350) dispatch pc=174, inst=LOAD_FAST(arg=1, lineno=54)
2025-02-03 17:21:53.556 [   DEBUG] (         byteflow.py: 351) stack ['$null$4.1', '$16load_attr.2', '$binop_add168.41', '$x172.42']
2025-02-03 17:21:53.556 [   DEBUG] (         byteflow.py: 350) dispatch pc=176, inst=LOAD_CONST(arg=11, lineno=54)
2025-02-03 17:21:53.556 [   DEBUG] (         byteflow.py: 351) stack ['$null$4.1', '$16load_attr.2', '$binop_add168.41', '$x172.42', '$off174.43']
2025-02-03 17:21:53.556 [   DEBUG] (         byteflow.py: 350) dispatch pc=178, inst=BINARY_OP(arg=0, lineno=54)
2025-02-03 17:21:53.556 [   DEBUG] (         byteflow.py: 351) stack ['$null$4.1', '$16load_attr.2', '$binop_add168.41', '$x172.42', '$off174.43', '$const176.44']
2025-02-03 17:21:53.556 [   DEBUG] (         byteflow.py: 350) dispatch pc=182, inst=BINARY_SUBSCR(arg=None, lineno=54)
2025-02-03 17:21:53.556 [   DEBUG] (         byteflow.py: 351) stack ['$null$4.1', '$16load_attr.2', '$binop_add168.41', '$x172.42', '$binop_add178.45']
2025-02-03 17:21:53.556 [   DEBUG] (         byteflow.py: 350) dispatch pc=192, inst=LOAD_CONST(arg=12, lineno=54)
2025-02-03 17:21:53.556 [   DEBUG] (         byteflow.py: 351) stack ['$null$4.1', '$16load_attr.2', '$binop_add168.41', '$182binary_subscr.46']
2025-02-03 17:21:53.556 [   DEBUG] (         byteflow.py: 350) dispatch pc=194, inst=BINARY_OP(arg=3, lineno=54)
2025-02-03 17:21:53.556 [   DEBUG] (         byteflow.py: 351) stack ['$null$4.1', '$16load_attr.2', '$binop_add168.41', '$182binary_subscr.46', '$const192.47']
2025-02-03 17:21:53.556 [   DEBUG] (         byteflow.py: 350) dispatch pc=198, inst=BINARY_OP(arg=0, lineno=54)
2025-02-03 17:21:53.556 [   DEBUG] (         byteflow.py: 351) stack ['$null$4.1', '$16load_attr.2', '$binop_add168.41', '$binop_lshift194.48']
2025-02-03 17:21:53.556 [   DEBUG] (         byteflow.py: 350) dispatch pc=202, inst=LOAD_FAST(arg=0, lineno=54)
2025-02-03 17:21:53.556 [   DEBUG] (         byteflow.py: 351) stack ['$null$4.1', '$16load_attr.2', '$binop_add198.49']
2025-02-03 17:21:53.556 [   DEBUG] (         byteflow.py: 350) dispatch pc=204, inst=LOAD_FAST(arg=1, lineno=54)
2025-02-03 17:21:53.556 [   DEBUG] (         byteflow.py: 351) stack ['$null$4.1', '$16load_attr.2', '$binop_add198.49', '$x202.50']
2025-02-03 17:21:53.556 [   DEBUG] (         byteflow.py: 350) dispatch pc=206, inst=LOAD_CONST(arg=13, lineno=54)
2025-02-03 17:21:53.556 [   DEBUG] (         byteflow.py: 351) stack ['$null$4.1', '$16load_attr.2', '$binop_add198.49', '$x202.50', '$off204.51']
2025-02-03 17:21:53.556 [   DEBUG] (         byteflow.py: 350) dispatch pc=208, inst=BINARY_OP(arg=0, lineno=54)
2025-02-03 17:21:53.556 [   DEBUG] (         byteflow.py: 351) stack ['$null$4.1', '$16load_attr.2', '$binop_add198.49', '$x202.50', '$off204.51', '$const206.52']
2025-02-03 17:21:53.556 [   DEBUG] (         byteflow.py: 350) dispatch pc=212, inst=BINARY_SUBSCR(arg=None, lineno=54)
2025-02-03 17:21:53.556 [   DEBUG] (         byteflow.py: 351) stack ['$null$4.1', '$16load_attr.2', '$binop_add198.49', '$x202.50', '$binop_add208.53']
2025-02-03 17:21:53.556 [   DEBUG] (         byteflow.py: 350) dispatch pc=222, inst=LOAD_CONST(arg=14, lineno=54)
2025-02-03 17:21:53.556 [   DEBUG] (         byteflow.py: 351) stack ['$null$4.1', '$16load_attr.2', '$binop_add198.49', '$212binary_subscr.54']
2025-02-03 17:21:53.556 [   DEBUG] (         byteflow.py: 350) dispatch pc=224, inst=BINARY_OP(arg=3, lineno=54)
2025-02-03 17:21:53.556 [   DEBUG] (         byteflow.py: 351) stack ['$null$4.1', '$16load_attr.2', '$binop_add198.49', '$212binary_subscr.54', '$const222.55']
2025-02-03 17:21:53.556 [   DEBUG] (         byteflow.py: 350) dispatch pc=228, inst=BINARY_OP(arg=0, lineno=54)
2025-02-03 17:21:53.556 [   DEBUG] (         byteflow.py: 351) stack ['$null$4.1', '$16load_attr.2', '$binop_add198.49', '$binop_lshift224.56']
2025-02-03 17:21:53.556 [   DEBUG] (         byteflow.py: 350) dispatch pc=232, inst=LOAD_FAST(arg=0, lineno=54)
2025-02-03 17:21:53.556 [   DEBUG] (         byteflow.py: 351) stack ['$null$4.1', '$16load_attr.2', '$binop_add228.57']
2025-02-03 17:21:53.556 [   DEBUG] (         byteflow.py: 350) dispatch pc=234, inst=LOAD_FAST(arg=1, lineno=54)
2025-02-03 17:21:53.556 [   DEBUG] (         byteflow.py: 351) stack ['$null$4.1', '$16load_attr.2', '$binop_add228.57', '$x232.58']
2025-02-03 17:21:53.556 [   DEBUG] (         byteflow.py: 350) dispatch pc=236, inst=LOAD_CONST(arg=15, lineno=54)
2025-02-03 17:21:53.556 [   DEBUG] (         byteflow.py: 351) stack ['$null$4.1', '$16load_attr.2', '$binop_add228.57', '$x232.58', '$off234.59']
2025-02-03 17:21:53.556 [   DEBUG] (         byteflow.py: 350) dispatch pc=238, inst=BINARY_OP(arg=0, lineno=54)
2025-02-03 17:21:53.556 [   DEBUG] (         byteflow.py: 351) stack ['$null$4.1', '$16load_attr.2', '$binop_add228.57', '$x232.58', '$off234.59', '$const236.60']
2025-02-03 17:21:53.556 [   DEBUG] (         byteflow.py: 350) dispatch pc=242, inst=BINARY_SUBSCR(arg=None, lineno=54)
2025-02-03 17:21:53.556 [   DEBUG] (         byteflow.py: 351) stack ['$null$4.1', '$16load_attr.2', '$binop_add228.57', '$x232.58', '$binop_add238.61']
2025-02-03 17:21:53.556 [   DEBUG] (         byteflow.py: 350) dispatch pc=252, inst=BINARY_OP(arg=0, lineno=54)
2025-02-03 17:21:53.556 [   DEBUG] (         byteflow.py: 351) stack ['$null$4.1', '$16load_attr.2', '$binop_add228.57', '$242binary_subscr.62']
2025-02-03 17:21:53.556 [   DEBUG] (         byteflow.py: 350) dispatch pc=256, inst=PRECALL(arg=1, lineno=54)
2025-02-03 17:21:53.556 [   DEBUG] (         byteflow.py: 351) stack ['$null$4.1', '$16load_attr.2', '$binop_add252.63']
2025-02-03 17:21:53.556 [   DEBUG] (         byteflow.py: 350) dispatch pc=260, inst=CALL(arg=1, lineno=54)
2025-02-03 17:21:53.556 [   DEBUG] (         byteflow.py: 351) stack ['$null$4.1', '$16load_attr.2', '$binop_add252.63']
2025-02-03 17:21:53.556 [   DEBUG] (         byteflow.py: 350) dispatch pc=270, inst=RETURN_VALUE(arg=None, lineno=54)
2025-02-03 17:21:53.556 [   DEBUG] (         byteflow.py: 351) stack ['$260call.64']
2025-02-03 17:21:53.556 [   DEBUG] (         byteflow.py: 138) end state. edges=[]
2025-02-03 17:21:53.556 [   DEBUG] (         byteflow.py: 219) -------------------------Prune PHIs-------------------------
2025-02-03 17:21:53.556 [   DEBUG] (         byteflow.py: 288) Used_phis: defaultdict(<class 'set'>, {State(pc_initial=0 nstack_initial=0): set()})
2025-02-03 17:21:53.556 [   DEBUG] (         byteflow.py: 245) defmap: {}
2025-02-03 17:21:53.556 [   DEBUG] (         byteflow.py: 246) phismap: defaultdict(<class 'set'>, {})
2025-02-03 17:21:53.556 [   DEBUG] (         byteflow.py: 267) changing phismap: defaultdict(<class 'set'>, {})
2025-02-03 17:21:53.556 [   DEBUG] (         byteflow.py: 276) keep phismap: {}
2025-02-03 17:21:53.556 [   DEBUG] (         byteflow.py: 282) new_out: defaultdict(<class 'dict'>, {})
2025-02-03 17:21:53.556 [   DEBUG] (         byteflow.py: 292) ----------------------DONE Prune PHIs-----------------------
2025-02-03 17:21:53.556 [   DEBUG] (         byteflow.py: 150) block_infos State(pc_initial=0 nstack_initial=0):
AdaptBlockInfo(insts=((0, {}), (2, {}), (4, {'idx': 0, 'res': '$4load_global.0'}), (6, {}), (8, {}), (10, {}), (12, {}), (14, {}), (16, {'item': '$4load_global.0', 'res': '$16load_attr.2'}), (18, {}), (20, {}), (22, {}), (24, {}), (26, {'res': '$x26.3'}), (28, {'res': '$off28.4'}), (30, {'res': '$const30.5'}), (32, {'op': '+', 'lhs': '$off28.4', 'rhs': '$const30.5', 'res': '$binop_add32.6'}), (34, {}), (36, {'index': '$binop_add32.6', 'target': '$x26.3', 'res': '$36binary_subscr.7'}), (38, {}), (40, {}), (42, {}), (44, {}), (46, {'res': '$const46.8'}), (48, {'op': '<<', 'lhs': '$36binary_subscr.7', 'rhs': '$const46.8', 'res': '$binop_lshift48.9'}), (50, {}), (52, {'res': '$x52.10'}), (54, {'res': '$off54.11'}), (56, {'res': '$const56.12'}), (58, {'op': '+', 'lhs': '$off54.11', 'rhs': '$const56.12', 'res': '$binop_add58.13'}), (60, {}), (62, {'index': '$binop_add58.13', 'target': '$x52.10', 'res': '$62binary_subscr.14'}), (64, {}), (66, {}), (68, {}), (70, {}), (72, {'res': '$const72.15'}), (74, {'op': '<<', 'lhs': '$62binary_subscr.14', 'rhs': '$const72.15', 'res': '$binop_lshift74.16'}), (76, {}), (78, {'op': '+', 'lhs': '$binop_lshift48.9', 'rhs': '$binop_lshift74.16', 'res': '$binop_add78.17'}), (80, {}), (82, {'res': '$x82.18'}), (84, {'res': '$off84.19'}), (86, {'res': '$const86.20'}), (88, {'op': '+', 'lhs': '$off84.19', 'rhs': '$const86.20', 'res': '$binop_add88.21'}), (90, {}), (92, {'index': '$binop_add88.21', 'target': '$x82.18', 'res': '$92binary_subscr.22'}), (94, {}), (96, {}), (98, {}), (100, {}), (102, {'res': '$const102.23'}), (104, {'op': '<<', 'lhs': '$92binary_subscr.22', 'rhs': '$const102.23', 'res': '$binop_lshift104.24'}), (106, {}), (108, {'op': '+', 'lhs': '$binop_add78.17', 'rhs': '$binop_lshift104.24', 'res': '$binop_add108.25'}), (110, {}), (112, {'res': '$x112.26'}), (114, {'res': '$off114.27'}), (116, {'res': '$const116.28'}), (118, {'op': '+', 'lhs': '$off114.27', 'rhs': '$const116.28', 'res': '$binop_add118.29'}), (120, {}), (122, {'index': '$binop_add118.29', 'target': '$x112.26', 'res': '$122binary_subscr.30'}), (124, {}), (126, {}), (128, {}), (130, {}), (132, {'res': '$const132.31'}), (134, {'op': '<<', 'lhs': '$122binary_subscr.30', 'rhs': '$const132.31', 'res': '$binop_lshift134.32'}), (136, {}), (138, {'op': '+', 'lhs': '$binop_add108.25', 'rhs': '$binop_lshift134.32', 'res': '$binop_add138.33'}), (140, {}), (142, {'res': '$x142.34'}), (144, {'res': '$off144.35'}), (146, {'res': '$const146.36'}), (148, {'op': '+', 'lhs': '$off144.35', 'rhs': '$const146.36', 'res': '$binop_add148.37'}), (150, {}), (152, {'index': '$binop_add148.37', 'target': '$x142.34', 'res': '$152binary_subscr.38'}), (154, {}), (156, {}), (158, {}), (160, {}), (162, {'res': '$const162.39'}), (164, {'op': '<<', 'lhs': '$152binary_subscr.38', 'rhs': '$const162.39', 'res': '$binop_lshift164.40'}), (166, {}), (168, {'op': '+', 'lhs': '$binop_add138.33', 'rhs': '$binop_lshift164.40', 'res': '$binop_add168.41'}), (170, {}), (172, {'res': '$x172.42'}), (174, {'res': '$off174.43'}), (176, {'res': '$const176.44'}), (178, {'op': '+', 'lhs': '$off174.43', 'rhs': '$const176.44', 'res': '$binop_add178.45'}), (180, {}), (182, {'index': '$binop_add178.45', 'target': '$x172.42', 'res': '$182binary_subscr.46'}), (184, {}), (186, {}), (188, {}), (190, {}), (192, {'res': '$const192.47'}), (194, {'op': '<<', 'lhs': '$182binary_subscr.46', 'rhs': '$const192.47', 'res': '$binop_lshift194.48'}), (196, {}), (198, {'op': '+', 'lhs': '$binop_add168.41', 'rhs': '$binop_lshift194.48', 'res': '$binop_add198.49'}), (200, {}), (202, {'res': '$x202.50'}), (204, {'res': '$off204.51'}), (206, {'res': '$const206.52'}), (208, {'op': '+', 'lhs': '$off204.51', 'rhs': '$const206.52', 'res': '$binop_add208.53'}), (210, {}), (212, {'index': '$binop_add208.53', 'target': '$x202.50', 'res': '$212binary_subscr.54'}), (214, {}), (216, {}), (218, {}), (220, {}), (222, {'res': '$const222.55'}), (224, {'op': '<<', 'lhs': '$212binary_subscr.54', 'rhs': '$const222.55', 'res': '$binop_lshift224.56'}), (226, {}), (228, {'op': '+', 'lhs': '$binop_add198.49', 'rhs': '$binop_lshift224.56', 'res': '$binop_add228.57'}), (230, {}), (232, {'res': '$x232.58'}), (234, {'res': '$off234.59'}), (236, {'res': '$const236.60'}), (238, {'op': '+', 'lhs': '$off234.59', 'rhs': '$const236.60', 'res': '$binop_add238.61'}), (240, {}), (242, {'index': '$binop_add238.61', 'target': '$x232.58', 'res': '$242binary_subscr.62'}), (244, {}), (246, {}), (248, {}), (250, {}), (252, {'op': '+', 'lhs': '$binop_add228.57', 'rhs': '$242binary_subscr.62', 'res': '$binop_add252.63'}), (254, {}), (256, {}), (258, {}), (260, {'func': '$16load_attr.2', 'args': ['$binop_add252.63'], 'kw_names': None, 'res': '$260call.64'}), (262, {}), (264, {}), (266, {}), (268, {}), (270, {'retval': '$260call.64', 'castval': '$270return_value.65'})), outgoing_phis={}, blockstack=(), active_try_block=None, outgoing_edgepushed={})
2025-02-03 17:21:53.556 [   DEBUG] (      interpreter.py:1416) label 0:
    x = arg(0, name=x)                       ['x']
    off = arg(1, name=off)                   ['off']
    $4load_global.0 = global(nb: <module 'numba' from 'C:\\Users\\ejvil\\miniconda3\\envs\\nspyre\\Lib\\site-packages\\numba\\__init__.py'>) ['$4load_global.0']
    $16load_attr.2 = getattr(value=$4load_global.0, attr=i8) ['$16load_attr.2', '$4load_global.0']
    $const30.5 = const(int, 7)               ['$const30.5']
    $binop_add32.6 = off + $const30.5        ['$binop_add32.6', '$const30.5', 'off']
    $36binary_subscr.7 = getitem(value=x, index=$binop_add32.6, fn=<built-in function getitem>) ['$36binary_subscr.7', '$binop_add32.6', 'x']
    $const46.8 = const(int, 56)              ['$const46.8']
    $binop_lshift48.9 = $36binary_subscr.7 << $const46.8 ['$36binary_subscr.7', '$binop_lshift48.9', '$const46.8']
    $const56.12 = const(int, 6)              ['$const56.12']
    $binop_add58.13 = off + $const56.12      ['$binop_add58.13', '$const56.12', 'off']
    $62binary_subscr.14 = getitem(value=x, index=$binop_add58.13, fn=<built-in function getitem>) ['$62binary_subscr.14', '$binop_add58.13', 'x']
    $const72.15 = const(int, 48)             ['$const72.15']
    $binop_lshift74.16 = $62binary_subscr.14 << $const72.15 ['$62binary_subscr.14', '$binop_lshift74.16', '$const72.15']
    $binop_add78.17 = $binop_lshift48.9 + $binop_lshift74.16 ['$binop_add78.17', '$binop_lshift48.9', '$binop_lshift74.16']
    $const86.20 = const(int, 5)              ['$const86.20']
    $binop_add88.21 = off + $const86.20      ['$binop_add88.21', '$const86.20', 'off']
    $92binary_subscr.22 = getitem(value=x, index=$binop_add88.21, fn=<built-in function getitem>) ['$92binary_subscr.22', '$binop_add88.21', 'x']
    $const102.23 = const(int, 40)            ['$const102.23']
    $binop_lshift104.24 = $92binary_subscr.22 << $const102.23 ['$92binary_subscr.22', '$binop_lshift104.24', '$const102.23']
    $binop_add108.25 = $binop_add78.17 + $binop_lshift104.24 ['$binop_add108.25', '$binop_add78.17', '$binop_lshift104.24']
    $const116.28 = const(int, 4)             ['$const116.28']
    $binop_add118.29 = off + $const116.28    ['$binop_add118.29', '$const116.28', 'off']
    $122binary_subscr.30 = getitem(value=x, index=$binop_add118.29, fn=<built-in function getitem>) ['$122binary_subscr.30', '$binop_add118.29', 'x']
    $const132.31 = const(int, 32)            ['$const132.31']
    $binop_lshift134.32 = $122binary_subscr.30 << $const132.31 ['$122binary_subscr.30', '$binop_lshift134.32', '$const132.31']
    $binop_add138.33 = $binop_add108.25 + $binop_lshift134.32 ['$binop_add108.25', '$binop_add138.33', '$binop_lshift134.32']
    $const146.36 = const(int, 3)             ['$const146.36']
    $binop_add148.37 = off + $const146.36    ['$binop_add148.37', '$const146.36', 'off']
    $152binary_subscr.38 = getitem(value=x, index=$binop_add148.37, fn=<built-in function getitem>) ['$152binary_subscr.38', '$binop_add148.37', 'x']
    $const162.39 = const(int, 24)            ['$const162.39']
    $binop_lshift164.40 = $152binary_subscr.38 << $const162.39 ['$152binary_subscr.38', '$binop_lshift164.40', '$const162.39']
    $binop_add168.41 = $binop_add138.33 + $binop_lshift164.40 ['$binop_add138.33', '$binop_add168.41', '$binop_lshift164.40']
    $const176.44 = const(int, 2)             ['$const176.44']
    $binop_add178.45 = off + $const176.44    ['$binop_add178.45', '$const176.44', 'off']
    $182binary_subscr.46 = getitem(value=x, index=$binop_add178.45, fn=<built-in function getitem>) ['$182binary_subscr.46', '$binop_add178.45', 'x']
    $const192.47 = const(int, 16)            ['$const192.47']
    $binop_lshift194.48 = $182binary_subscr.46 << $const192.47 ['$182binary_subscr.46', '$binop_lshift194.48', '$const192.47']
    $binop_add198.49 = $binop_add168.41 + $binop_lshift194.48 ['$binop_add168.41', '$binop_add198.49', '$binop_lshift194.48']
    $const206.52 = const(int, 1)             ['$const206.52']
    $binop_add208.53 = off + $const206.52    ['$binop_add208.53', '$const206.52', 'off']
    $212binary_subscr.54 = getitem(value=x, index=$binop_add208.53, fn=<built-in function getitem>) ['$212binary_subscr.54', '$binop_add208.53', 'x']
    $const222.55 = const(int, 8)             ['$const222.55']
    $binop_lshift224.56 = $212binary_subscr.54 << $const222.55 ['$212binary_subscr.54', '$binop_lshift224.56', '$const222.55']
    $binop_add228.57 = $binop_add198.49 + $binop_lshift224.56 ['$binop_add198.49', '$binop_add228.57', '$binop_lshift224.56']
    $const236.60 = const(int, 0)             ['$const236.60']
    $binop_add238.61 = off + $const236.60    ['$binop_add238.61', '$const236.60', 'off']
    $242binary_subscr.62 = getitem(value=x, index=$binop_add238.61, fn=<built-in function getitem>) ['$242binary_subscr.62', '$binop_add238.61', 'x']
    $binop_add252.63 = $binop_add228.57 + $242binary_subscr.62 ['$242binary_subscr.62', '$binop_add228.57', '$binop_add252.63']
    $260call.64 = call $16load_attr.2($binop_add252.63, func=$16load_attr.2, args=[Var($binop_add252.63, nbtools.py:54)], kws=(), vararg=None, varkwarg=None, target=None) ['$16load_attr.2', '$260call.64', '$binop_add252.63']
    $270return_value.65 = cast(value=$260call.64) ['$260call.64', '$270return_value.65']
    return $270return_value.65               ['$270return_value.65']

2025-02-03 17:21:53.567 [   DEBUG] (              ssa.py: 178) ==== SSA block analysis pass on 0
2025-02-03 17:21:53.567 [   DEBUG] (              ssa.py: 208) Running <numba.core.ssa._GatherDefsHandler object at 0x00000260C0C787D0>
2025-02-03 17:21:53.567 [   DEBUG] (              ssa.py: 210) on stmt: x = arg(0, name=x)
2025-02-03 17:21:53.567 [   DEBUG] (              ssa.py: 210) on stmt: off = arg(1, name=off)
2025-02-03 17:21:53.567 [   DEBUG] (              ssa.py: 210) on stmt: $4load_global.0 = global(nb: <module 'numba' from 'C:\\Users\\ejvil\\miniconda3\\envs\\nspyre\\Lib\\site-packages\\numba\\__init__.py'>)
2025-02-03 17:21:53.567 [   DEBUG] (              ssa.py: 210) on stmt: $16load_attr.2 = getattr(value=$4load_global.0, attr=i8)
2025-02-03 17:21:53.567 [   DEBUG] (              ssa.py: 210) on stmt: $const30.5 = const(int, 7)
2025-02-03 17:21:53.567 [   DEBUG] (              ssa.py: 210) on stmt: $binop_add32.6 = off + $const30.5
2025-02-03 17:21:53.576 [   DEBUG] (              ssa.py: 210) on stmt: $36binary_subscr.7 = getitem(value=x, index=$binop_add32.6, fn=<built-in function getitem>)
2025-02-03 17:21:53.576 [   DEBUG] (              ssa.py: 210) on stmt: $const46.8 = const(int, 56)
2025-02-03 17:21:53.576 [   DEBUG] (              ssa.py: 210) on stmt: $binop_lshift48.9 = $36binary_subscr.7 << $const46.8
2025-02-03 17:21:53.576 [   DEBUG] (              ssa.py: 210) on stmt: $const56.12 = const(int, 6)
2025-02-03 17:21:53.576 [   DEBUG] (              ssa.py: 210) on stmt: $binop_add58.13 = off + $const56.12
2025-02-03 17:21:53.576 [   DEBUG] (              ssa.py: 210) on stmt: $62binary_subscr.14 = getitem(value=x, index=$binop_add58.13, fn=<built-in function getitem>)
2025-02-03 17:21:53.576 [   DEBUG] (              ssa.py: 210) on stmt: $const72.15 = const(int, 48)
2025-02-03 17:21:53.576 [   DEBUG] (              ssa.py: 210) on stmt: $binop_lshift74.16 = $62binary_subscr.14 << $const72.15
2025-02-03 17:21:53.576 [   DEBUG] (              ssa.py: 210) on stmt: $binop_add78.17 = $binop_lshift48.9 + $binop_lshift74.16
2025-02-03 17:21:53.576 [   DEBUG] (              ssa.py: 210) on stmt: $const86.20 = const(int, 5)
2025-02-03 17:21:53.576 [   DEBUG] (              ssa.py: 210) on stmt: $binop_add88.21 = off + $const86.20
2025-02-03 17:21:53.576 [   DEBUG] (              ssa.py: 210) on stmt: $92binary_subscr.22 = getitem(value=x, index=$binop_add88.21, fn=<built-in function getitem>)
2025-02-03 17:21:53.576 [   DEBUG] (              ssa.py: 210) on stmt: $const102.23 = const(int, 40)
2025-02-03 17:21:53.577 [   DEBUG] (              ssa.py: 210) on stmt: $binop_lshift104.24 = $92binary_subscr.22 << $const102.23
2025-02-03 17:21:53.577 [   DEBUG] (              ssa.py: 210) on stmt: $binop_add108.25 = $binop_add78.17 + $binop_lshift104.24
2025-02-03 17:21:53.577 [   DEBUG] (              ssa.py: 210) on stmt: $const116.28 = const(int, 4)
2025-02-03 17:21:53.577 [   DEBUG] (              ssa.py: 210) on stmt: $binop_add118.29 = off + $const116.28
2025-02-03 17:21:53.577 [   DEBUG] (              ssa.py: 210) on stmt: $122binary_subscr.30 = getitem(value=x, index=$binop_add118.29, fn=<built-in function getitem>)
2025-02-03 17:21:53.577 [   DEBUG] (              ssa.py: 210) on stmt: $const132.31 = const(int, 32)
2025-02-03 17:21:53.577 [   DEBUG] (              ssa.py: 210) on stmt: $binop_lshift134.32 = $122binary_subscr.30 << $const132.31
2025-02-03 17:21:53.577 [   DEBUG] (              ssa.py: 210) on stmt: $binop_add138.33 = $binop_add108.25 + $binop_lshift134.32
2025-02-03 17:21:53.577 [   DEBUG] (              ssa.py: 210) on stmt: $const146.36 = const(int, 3)
2025-02-03 17:21:53.577 [   DEBUG] (              ssa.py: 210) on stmt: $binop_add148.37 = off + $const146.36
2025-02-03 17:21:53.577 [   DEBUG] (              ssa.py: 210) on stmt: $152binary_subscr.38 = getitem(value=x, index=$binop_add148.37, fn=<built-in function getitem>)
2025-02-03 17:21:53.577 [   DEBUG] (              ssa.py: 210) on stmt: $const162.39 = const(int, 24)
2025-02-03 17:21:53.577 [   DEBUG] (              ssa.py: 210) on stmt: $binop_lshift164.40 = $152binary_subscr.38 << $const162.39
2025-02-03 17:21:53.577 [   DEBUG] (              ssa.py: 210) on stmt: $binop_add168.41 = $binop_add138.33 + $binop_lshift164.40
2025-02-03 17:21:53.577 [   DEBUG] (              ssa.py: 210) on stmt: $const176.44 = const(int, 2)
2025-02-03 17:21:53.577 [   DEBUG] (              ssa.py: 210) on stmt: $binop_add178.45 = off + $const176.44
2025-02-03 17:21:53.577 [   DEBUG] (              ssa.py: 210) on stmt: $182binary_subscr.46 = getitem(value=x, index=$binop_add178.45, fn=<built-in function getitem>)
2025-02-03 17:21:53.577 [   DEBUG] (              ssa.py: 210) on stmt: $const192.47 = const(int, 16)
2025-02-03 17:21:53.577 [   DEBUG] (              ssa.py: 210) on stmt: $binop_lshift194.48 = $182binary_subscr.46 << $const192.47
2025-02-03 17:21:53.577 [   DEBUG] (              ssa.py: 210) on stmt: $binop_add198.49 = $binop_add168.41 + $binop_lshift194.48
2025-02-03 17:21:53.577 [   DEBUG] (              ssa.py: 210) on stmt: $const206.52 = const(int, 1)
2025-02-03 17:21:53.577 [   DEBUG] (              ssa.py: 210) on stmt: $binop_add208.53 = off + $const206.52
2025-02-03 17:21:53.577 [   DEBUG] (              ssa.py: 210) on stmt: $212binary_subscr.54 = getitem(value=x, index=$binop_add208.53, fn=<built-in function getitem>)
2025-02-03 17:21:53.577 [   DEBUG] (              ssa.py: 210) on stmt: $const222.55 = const(int, 8)
2025-02-03 17:21:53.577 [   DEBUG] (              ssa.py: 210) on stmt: $binop_lshift224.56 = $212binary_subscr.54 << $const222.55
2025-02-03 17:21:53.577 [   DEBUG] (              ssa.py: 210) on stmt: $binop_add228.57 = $binop_add198.49 + $binop_lshift224.56
2025-02-03 17:21:53.577 [   DEBUG] (              ssa.py: 210) on stmt: $const236.60 = const(int, 0)
2025-02-03 17:21:53.577 [   DEBUG] (              ssa.py: 210) on stmt: $binop_add238.61 = off + $const236.60
2025-02-03 17:21:53.577 [   DEBUG] (              ssa.py: 210) on stmt: $242binary_subscr.62 = getitem(value=x, index=$binop_add238.61, fn=<built-in function getitem>)
2025-02-03 17:21:53.577 [   DEBUG] (              ssa.py: 210) on stmt: $binop_add252.63 = $binop_add228.57 + $242binary_subscr.62
2025-02-03 17:21:53.577 [   DEBUG] (              ssa.py: 210) on stmt: $260call.64 = call $16load_attr.2($binop_add252.63, func=$16load_attr.2, args=[Var($binop_add252.63, nbtools.py:54)], kws=(), vararg=None, varkwarg=None, target=None)
2025-02-03 17:21:53.577 [   DEBUG] (              ssa.py: 210) on stmt: $270return_value.65 = cast(value=$260call.64)
2025-02-03 17:21:53.577 [   DEBUG] (              ssa.py: 210) on stmt: return $270return_value.65
2025-02-03 17:21:53.577 [   DEBUG] (              ssa.py: 157) defs defaultdict(<class 'list'>,
            {'$122binary_subscr.30': [(<numba.core.ir.Assign object at 0x00000260C0D1F490>,
                                       0)],
             '$152binary_subscr.38': [(<numba.core.ir.Assign object at 0x00000260C0D1CF10>,
                                       0)],
             '$16load_attr.2': [(<numba.core.ir.Assign object at 0x00000260C0C79ED0>,
                                 0)],
             '$182binary_subscr.46': [(<numba.core.ir.Assign object at 0x00000260C0D1CBD0>,
                                       0)],
             '$212binary_subscr.54': [(<numba.core.ir.Assign object at 0x00000260C0D3A2D0>,
                                       0)],
             '$242binary_subscr.62': [(<numba.core.ir.Assign object at 0x00000260C0D38C90>,
                                       0)],
             '$260call.64': [(<numba.core.ir.Assign object at 0x00000260C0D79ED0>,
                              0)],
             '$270return_value.65': [(<numba.core.ir.Assign object at 0x00000260C0D793D0>,
                                      0)],
             '$36binary_subscr.7': [(<numba.core.ir.Assign object at 0x00000260C0C7AF50>,
                                     0)],
             '$4load_global.0': [(<numba.core.ir.Assign object at 0x00000260C0C86710>,
                                  0)],
             '$62binary_subscr.14': [(<numba.core.ir.Assign object at 0x00000260C0C7ADD0>,
                                      0)],
             '$92binary_subscr.22': [(<numba.core.ir.Assign object at 0x00000260C0C7B6D0>,
                                      0)],
             '$binop_add108.25': [(<numba.core.ir.Assign object at 0x00000260C0C7AE90>,
                                   0)],
             '$binop_add118.29': [(<numba.core.ir.Assign object at 0x00000260C0D1CED0>,
                                   0)],
             '$binop_add138.33': [(<numba.core.ir.Assign object at 0x00000260C0D1C6D0>,
                                   0)],
             '$binop_add148.37': [(<numba.core.ir.Assign object at 0x00000260C0D1DB90>,
                                   0)],
             '$binop_add168.41': [(<numba.core.ir.Assign object at 0x00000260C0D1E9D0>,
                                   0)],
             '$binop_add178.45': [(<numba.core.ir.Assign object at 0x00000260C0D1C590>,
                                   0)],
             '$binop_add198.49': [(<numba.core.ir.Assign object at 0x00000260C0D86510>,
                                   0)],
             '$binop_add208.53': [(<numba.core.ir.Assign object at 0x00000260C0D39610>,
                                   0)],
             '$binop_add228.57': [(<numba.core.ir.Assign object at 0x00000260C0D38B10>,
                                   0)],
             '$binop_add238.61': [(<numba.core.ir.Assign object at 0x00000260C0D39E90>,
                                   0)],
             '$binop_add252.63': [(<numba.core.ir.Assign object at 0x00000260C0D39350>,
                                   0)],
             '$binop_add32.6': [(<numba.core.ir.Assign object at 0x00000260C0C79350>,
                                 0)],
             '$binop_add58.13': [(<numba.core.ir.Assign object at 0x00000260C0C7ACD0>,
                                  0)],
             '$binop_add78.17': [(<numba.core.ir.Assign object at 0x00000260C0C78D10>,
                                  0)],
             '$binop_add88.21': [(<numba.core.ir.Assign object at 0x00000260C0C798D0>,
                                  0)],
             '$binop_lshift104.24': [(<numba.core.ir.Assign object at 0x00000260C0C7A9D0>,
                                      0)],
             '$binop_lshift134.32': [(<numba.core.ir.Assign object at 0x00000260C0D1E310>,
                                      0)],
             '$binop_lshift164.40': [(<numba.core.ir.Assign object at 0x00000260C0D1F710>,
                                      0)],
             '$binop_lshift194.48': [(<numba.core.ir.Assign object at 0x00000260C0D85950>,
                                      0)],
             '$binop_lshift224.56': [(<numba.core.ir.Assign object at 0x00000260C0D389D0>,
                                      0)],
             '$binop_lshift48.9': [(<numba.core.ir.Assign object at 0x00000260C0C79110>,
                                    0)],
             '$binop_lshift74.16': [(<numba.core.ir.Assign object at 0x00000260C0C7AED0>,
                                     0)],
             '$const102.23': [(<numba.core.ir.Assign object at 0x00000260C0C78ED0>,
                               0)],
             '$const116.28': [(<numba.core.ir.Assign object at 0x00000260C0C7A610>,
                               0)],
             '$const132.31': [(<numba.core.ir.Assign object at 0x00000260C0D1CDD0>,
                               0)],
             '$const146.36': [(<numba.core.ir.Assign object at 0x00000260C0D1D8D0>,
                               0)],
             '$const162.39': [(<numba.core.ir.Assign object at 0x00000260C0D1DE10>,
                               0)],
             '$const176.44': [(<numba.core.ir.Assign object at 0x00000260C0D1DF90>,
                               0)],
             '$const192.47': [(<numba.core.ir.Assign object at 0x00000260C0D46FD0>,
                               0)],
             '$const206.52': [(<numba.core.ir.Assign object at 0x00000260C0D84290>,
                               0)],
             '$const222.55': [(<numba.core.ir.Assign object at 0x00000260C0D39950>,
                               0)],
             '$const236.60': [(<numba.core.ir.Assign object at 0x00000260C0D39050>,
                               0)],
             '$const30.5': [(<numba.core.ir.Assign object at 0x00000260C0C79190>,
                             0)],
             '$const46.8': [(<numba.core.ir.Assign object at 0x00000260C0C79B90>,
                             0)],
             '$const56.12': [(<numba.core.ir.Assign object at 0x00000260C0C78BD0>,
                              0)],
             '$const72.15': [(<numba.core.ir.Assign object at 0x00000260C0C79390>,
                              0)],
             '$const86.20': [(<numba.core.ir.Assign object at 0x00000260C0C7AD10>,
                              0)],
             'off': [(<numba.core.ir.Assign object at 0x00000260C0C86B10>, 0)],
             'x': [(<numba.core.ir.Assign object at 0x00000260C0C86150>, 0)]})
2025-02-03 17:21:53.577 [   DEBUG] (              ssa.py: 172) SSA violators <numba.core.utils.OrderedSet object at 0x00000260C0C787D0>
2025-02-03 17:21:53.658 [    INFO] (           server.py: 212) Added device [filter_wheel] with args: [] kwargs: {}.
2025-02-03 17:21:54.110 [    INFO] (           server.py: 212) Added device [laser] with args: ['LAS-08166'] kwargs: {}.
2025-02-03 17:22:00.652 [    INFO] (           server.py: 212) Added device [laser_shutter] with args: ['68800950'] kwargs: {}.
2025-02-03 17:22:05.224 [    INFO] (           server.py: 212) Added device [pickoff_shutter] with args: ['68801142'] kwargs: {}.
2025-02-03 17:22:08.659 [    INFO] (           server.py: 212) Added device [awg] with args: ['dev8181', '127.0.0.1', 8004] kwargs: {}.
2025-02-03 17:22:09.253 [    INFO] (           server.py: 212) Added device [ps] with args: [] kwargs: {}.
2025-02-03 17:22:09.497 [   DEBUG] (         __init__.py: 337) matplotlib data path: C:\Users\ejvil\miniconda3\envs\nspyre\Lib\site-packages\matplotlib\mpl-data
2025-02-03 17:22:09.507 [   DEBUG] (         __init__.py: 337) CONFIGDIR=C:\Users\ejvil\.matplotlib
2025-02-03 17:22:09.507 [   DEBUG] (         __init__.py:1498) interactive is False
2025-02-03 17:22:09.507 [   DEBUG] (         __init__.py:1499) platform is win32
2025-02-03 17:22:09.630 [   DEBUG] (         __init__.py: 337) CACHEDIR=C:\Users\ejvil\.matplotlib
2025-02-03 17:22:09.647 [   DEBUG] (     font_manager.py:1574) Using fontManager instance from C:\Users\ejvil\.matplotlib\fontlist-v330.json
2025-02-03 17:22:10.039 [ WARNING] (         registry.py: 541) Redefining 'S' (<class 'pint.delegates.txt_defparser.plain.UnitDefinition'>)
2025-02-03 17:22:10.039 [ WARNING] (         registry.py: 541) Redefining '‰' (<class 'pint.delegates.txt_defparser.plain.UnitDefinition'>)
2025-02-03 17:22:10.039 [ WARNING] (         registry.py: 541) Redefining 'permille' (<class 'pint.delegates.txt_defparser.plain.UnitDefinition'>)
2025-02-03 17:22:10.039 [ WARNING] (         registry.py: 541) Redefining 'Frac' (<class 'pint.delegates.txt_defparser.plain.UnitDefinition'>)
2025-02-03 17:22:10.039 [ WARNING] (         registry.py: 541) Redefining 'Fracs' (<class 'pint.delegates.txt_defparser.plain.UnitDefinition'>)
2025-02-03 17:22:11.032 [    INFO] (           server.py: 212) Added device [dig] with args: ['/dev/spcm0'] kwargs: {}.
2025-02-03 17:22:11.867 [    INFO] (           server.py: 212) Added device [daq] with args: [] kwargs: {}.
2025-02-03 17:22:14.419 [   DEBUG] (            zaber.py:  29) Found [1] Zaber device(s).
2025-02-03 17:22:14.420 [   DEBUG] (            zaber.py:  37) Found Zaber stage [Axis 1 (LRT0100AL-CT3A) -> Device 1 SN: 103616 (X-MCC2 (rev 2/3)) -> Connection 1 (ASCII Serial port: COM3)] with axis number [1] & peripheral ID [70030].
2025-02-03 17:22:14.420 [   DEBUG] (            zaber.py:  40) Associated Zaber stage [left] with axis number [1].
2025-02-03 17:22:14.421 [   DEBUG] (            zaber.py:  37) Found Zaber stage [Axis 2 (LRT0100AL-CT3A) -> Device 1 SN: 103616 (X-MCC2 (rev 2/3)) -> Connection 1 (ASCII Serial port: COM3)] with axis number [2] & peripheral ID [70030].
2025-02-03 17:22:14.421 [   DEBUG] (            zaber.py:  40) Associated Zaber stage [right] with axis number [2].
2025-02-03 17:22:14.422 [    INFO] (nnmr_stagecontrol_zaber_current.py:  40) Zaber stage updated positions = 100.0 mm & 100.0 mm.
2025-02-03 17:22:14.422 [    INFO] (           server.py: 212) Added device [zaber] with args: [] kwargs: {}.
2025-02-03 17:22:16.447 [   DEBUG] (         thorlabs.py:  31) Found 6 Thorlabs stages.
2025-02-03 17:22:17.726 [   DEBUG] (         thorlabs.py:  37) Found Thorlabs stage azi with serial no. 40179174.
2025-02-03 17:22:17.726 [    INFO] (nnmr_stagecontrol_thorlabs_current.py:  82) Thorlabs stage 40179174 updated position = -1.33e-05 deg.
2025-02-03 17:22:17.726 [    INFO] (           server.py: 212) Added device [thor_azi] with args: ['40179174'] kwargs: {}.
2025-02-03 17:22:19.254 [   DEBUG] (         thorlabs.py:  31) Found 6 Thorlabs stages.
2025-02-03 17:22:20.515 [   DEBUG] (         thorlabs.py:  37) Found Thorlabs stage polar with serial no. 40251814.
2025-02-03 17:22:20.515 [    INFO] (nnmr_stagecontrol_thorlabs_current.py:  82) Thorlabs stage 40251814 updated position = -1.33e-05 deg.
2025-02-03 17:22:20.515 [    INFO] (           server.py: 212) Added device [thor_polar] with args: ['40251814'] kwargs: {}.
2025-02-03 17:27:52.593 [    INFO] (           server.py: 157) accepted ('127.0.0.1', 52633) with fd 5424
2025-02-03 17:27:52.593 [    INFO] (           server.py: 200) welcome ('127.0.0.1', 52633)
2025-02-03 17:27:52.593 [    INFO] (           server.py: 352) Client <rpyc.core.protocol.Connection 'conn1' object at 0x00000260E642FC90> connected.
2025-02-03 17:28:09.233 [    INFO] (           server.py: 157) accepted ('127.0.0.1', 52636) with fd 5408
2025-02-03 17:28:09.234 [    INFO] (           server.py: 200) welcome ('127.0.0.1', 52636)
2025-02-03 17:28:09.234 [    INFO] (           server.py: 352) Client <rpyc.core.protocol.Connection 'conn2' object at 0x00000260E643D610> connected.
2025-02-03 17:28:09.234 [    INFO] (nnmr_stagecontrol_zaber_current.py:  67) Parking Zaber stages...
2025-02-03 17:28:09.841 [    INFO] (nnmr_stagecontrol_zaber_current.py:  72) Zaber stages parked (inactive).
2025-02-03 17:28:09.846 [    INFO] (           server.py: 356) Client <rpyc.core.protocol.Connection 'conn2' object at 0x00000260E643D610> disconnected.
2025-02-03 17:28:09.846 [    INFO] (           server.py: 207) goodbye ('127.0.0.1', 52636)
2025-02-03 17:28:14.190 [    INFO] (           server.py: 157) accepted ('127.0.0.1', 52638) with fd 5464
2025-02-03 17:28:14.190 [    INFO] (           server.py: 200) welcome ('127.0.0.1', 52638)
2025-02-03 17:28:14.190 [    INFO] (           server.py: 352) Client <rpyc.core.protocol.Connection 'conn3' object at 0x00000260E643F390> connected.
2025-02-03 17:28:14.190 [    INFO] (nnmr_stagecontrol_zaber_current.py:  75) Unparking Zaber stages...
2025-02-03 17:28:14.800 [    INFO] (nnmr_stagecontrol_zaber_current.py:  80) Zaber stages unparked (active).
2025-02-03 17:28:14.802 [    INFO] (           server.py: 356) Client <rpyc.core.protocol.Connection 'conn3' object at 0x00000260E643F390> disconnected.
2025-02-03 17:28:14.802 [    INFO] (           server.py: 207) goodbye ('127.0.0.1', 52638)
2025-02-03 17:28:18.530 [    INFO] (           server.py: 157) accepted ('127.0.0.1', 52641) with fd 5452
2025-02-03 17:28:18.530 [    INFO] (           server.py: 200) welcome ('127.0.0.1', 52641)
2025-02-03 17:28:18.530 [    INFO] (           server.py: 352) Client <rpyc.core.protocol.Connection 'conn4' object at 0x00000260E6444810> connected.
2025-02-03 17:28:18.530 [    INFO] (nnmr_stagecontrol_thorlabs_current.py: 213) Checking if move requested for stage 40179174 is safe...
2025-02-03 17:28:18.530 [    INFO] (nnmr_stagecontrol_thorlabs_current.py: 189) Moving Thorlabs stage 40179174 to 3.0 deg...
2025-02-03 17:28:18.530 [    INFO] (nnmr_stagecontrol_thorlabs_current.py: 191) Thorlabs stage 40179174 set to 3.0 deg.
2025-02-03 17:28:18.530 [    INFO] (nnmr_stagecontrol_thorlabs_current.py:  82) Thorlabs stage 40179174 updated position = 0.0 deg.
2025-02-03 17:28:19.342 [    INFO] (nnmr_stagecontrol_thorlabs_current.py:  82) Thorlabs stage 40179174 updated position = 0.8163007999999999 deg.
2025-02-03 17:28:20.150 [    INFO] (nnmr_stagecontrol_thorlabs_current.py:  82) Thorlabs stage 40179174 updated position = 2.7082923 deg.
2025-02-03 17:28:20.957 [    INFO] (nnmr_stagecontrol_thorlabs_current.py:  82) Thorlabs stage 40179174 updated position = 2.9999879 deg.
2025-02-03 17:28:21.063 [    INFO] (nnmr_stagecontrol_zaber_current.py:  40) Zaber stage updated positions = 100.0 mm & 100.0 mm.
2025-02-03 17:28:21.068 [    INFO] (nnmr_stagecontrol_thorlabs_current.py:  82) Thorlabs stage 40251814 updated position = 0.0 deg.
2025-02-03 17:28:21.069 [    INFO] (nnmr_stagecontrol_thorlabs_current.py:  82) Thorlabs stage 40179174 updated position = 2.9999879 deg.
2025-02-03 17:28:21.276 [    INFO] (           server.py: 356) Client <rpyc.core.protocol.Connection 'conn4' object at 0x00000260E6444810> disconnected.
2025-02-03 17:28:21.278 [    INFO] (           server.py: 207) goodbye ('127.0.0.1', 52641)
2025-02-03 17:28:29.572 [    INFO] (           server.py: 157) accepted ('127.0.0.1', 52643) with fd 1252
2025-02-03 17:28:29.572 [    INFO] (           server.py: 200) welcome ('127.0.0.1', 52643)
2025-02-03 17:28:29.572 [    INFO] (           server.py: 352) Client <rpyc.core.protocol.Connection 'conn5' object at 0x00000260E6446290> connected.
2025-02-03 17:28:29.572 [    INFO] (nnmr_stagecontrol_thorlabs_current.py: 213) Checking if move requested for stage 40179174 is safe...
2025-02-03 17:28:29.572 [    INFO] (nnmr_stagecontrol_thorlabs_current.py: 189) Moving Thorlabs stage 40179174 to 51.0 deg...
2025-02-03 17:28:29.572 [    INFO] (nnmr_stagecontrol_thorlabs_current.py: 191) Thorlabs stage 40179174 set to 51.0 deg.
2025-02-03 17:28:29.572 [    INFO] (nnmr_stagecontrol_thorlabs_current.py:  82) Thorlabs stage 40179174 updated position = 2.9999879 deg.
2025-02-03 17:28:30.382 [    INFO] (nnmr_stagecontrol_thorlabs_current.py:  82) Thorlabs stage 40179174 updated position = 3.8462403 deg.
2025-02-03 17:28:31.191 [    INFO] (nnmr_stagecontrol_thorlabs_current.py:  82) Thorlabs stage 40179174 updated position = 6.6994494 deg.
2025-02-03 17:28:31.996 [    INFO] (nnmr_stagecontrol_thorlabs_current.py:  82) Thorlabs stage 40179174 updated position = 11.5839941 deg.
2025-02-03 17:28:32.803 [    INFO] (nnmr_stagecontrol_thorlabs_current.py:  82) Thorlabs stage 40179174 updated position = 17.3162409 deg.
2025-02-03 17:28:33.611 [    INFO] (nnmr_stagecontrol_thorlabs_current.py:  82) Thorlabs stage 40179174 updated position = 22.3179054 deg.
2025-02-03 17:28:34.417 [    INFO] (nnmr_stagecontrol_thorlabs_current.py:  82) Thorlabs stage 40179174 updated position = 28.0570815 deg.
2025-02-03 17:28:35.227 [    INFO] (nnmr_stagecontrol_thorlabs_current.py:  82) Thorlabs stage 40179174 updated position = 33.7903391 deg.
2025-02-03 17:28:36.035 [    INFO] (nnmr_stagecontrol_thorlabs_current.py:  82) Thorlabs stage 40179174 updated position = 39.5192742 deg.
2025-02-03 17:28:36.841 [    INFO] (nnmr_stagecontrol_thorlabs_current.py:  82) Thorlabs stage 40179174 updated position = 45.084672499999996 deg.
2025-02-03 17:28:37.655 [    INFO] (nnmr_stagecontrol_thorlabs_current.py:  82) Thorlabs stage 40179174 updated position = 48.95198 deg.
2025-02-03 17:28:38.460 [    INFO] (nnmr_stagecontrol_thorlabs_current.py:  82) Thorlabs stage 40179174 updated position = 50.816161199999996 deg.
2025-02-03 17:28:39.268 [    INFO] (nnmr_stagecontrol_thorlabs_current.py:  82) Thorlabs stage 40179174 updated position = 50.9999938 deg.
2025-02-03 17:28:39.381 [    INFO] (nnmr_stagecontrol_zaber_current.py:  40) Zaber stage updated positions = 100.0 mm & 100.0 mm.
2025-02-03 17:28:39.385 [    INFO] (nnmr_stagecontrol_thorlabs_current.py:  82) Thorlabs stage 40251814 updated position = 0.0 deg.
2025-02-03 17:28:39.387 [    INFO] (nnmr_stagecontrol_thorlabs_current.py:  82) Thorlabs stage 40179174 updated position = 50.9999938 deg.
2025-02-03 17:28:39.595 [    INFO] (           server.py: 356) Client <rpyc.core.protocol.Connection 'conn5' object at 0x00000260E6446290> disconnected.
2025-02-03 17:28:39.595 [    INFO] (           server.py: 207) goodbye ('127.0.0.1', 52643)
2025-02-03 17:28:48.692 [    INFO] (           server.py: 157) accepted ('127.0.0.1', 52648) with fd 5364
2025-02-03 17:28:48.692 [    INFO] (           server.py: 200) welcome ('127.0.0.1', 52648)
2025-02-03 17:28:48.692 [    INFO] (           server.py: 352) Client <rpyc.core.protocol.Connection 'conn6' object at 0x00000260E6448990> connected.
2025-02-03 17:28:48.702 [    INFO] (nnmr_stagecontrol_thorlabs_current.py: 213) Checking if move requested for stage 40179174 is safe...
2025-02-03 17:28:48.702 [    INFO] (nnmr_stagecontrol_thorlabs_current.py: 189) Moving Thorlabs stage 40179174 to 53.0 deg...
2025-02-03 17:28:48.702 [    INFO] (nnmr_stagecontrol_thorlabs_current.py: 191) Thorlabs stage 40179174 set to 53.0 deg.
2025-02-03 17:28:48.702 [    INFO] (nnmr_stagecontrol_thorlabs_current.py:  82) Thorlabs stage 40179174 updated position = 50.9999938 deg.
2025-02-03 17:28:49.508 [    INFO] (nnmr_stagecontrol_thorlabs_current.py:  82) Thorlabs stage 40179174 updated position = 51.9299697 deg.
2025-02-03 17:28:50.312 [    INFO] (nnmr_stagecontrol_thorlabs_current.py:  82) Thorlabs stage 40179174 updated position = 52.975136899999995 deg.
2025-02-03 17:28:50.424 [    INFO] (nnmr_stagecontrol_zaber_current.py:  40) Zaber stage updated positions = 100.0 mm & 100.0 mm.
2025-02-03 17:28:50.425 [    INFO] (nnmr_stagecontrol_thorlabs_current.py:  82) Thorlabs stage 40251814 updated position = 0.0 deg.
2025-02-03 17:28:50.425 [    INFO] (nnmr_stagecontrol_thorlabs_current.py:  82) Thorlabs stage 40179174 updated position = 52.9999946 deg.
2025-02-03 17:28:50.635 [    INFO] (           server.py: 356) Client <rpyc.core.protocol.Connection 'conn6' object at 0x00000260E6448990> disconnected.
2025-02-03 17:28:50.635 [    INFO] (           server.py: 207) goodbye ('127.0.0.1', 52648)
2025-02-03 17:28:57.977 [    INFO] (           server.py: 157) accepted ('127.0.0.1', 52654) with fd 5180
2025-02-03 17:28:57.977 [    INFO] (           server.py: 200) welcome ('127.0.0.1', 52654)
2025-02-03 17:28:57.977 [    INFO] (           server.py: 352) Client <rpyc.core.protocol.Connection 'conn7' object at 0x00000260E6453ED0> connected.
2025-02-03 17:28:57.987 [    INFO] (nnmr_stagecontrol_thorlabs_current.py: 213) Checking if move requested for stage 40251814 is safe...
2025-02-03 17:28:57.987 [    INFO] (nnmr_stagecontrol_thorlabs_current.py: 189) Moving Thorlabs stage 40251814 to 36.0 deg...
2025-02-03 17:28:57.987 [    INFO] (nnmr_stagecontrol_thorlabs_current.py: 191) Thorlabs stage 40251814 set to 36.0 deg.
2025-02-03 17:28:57.987 [    INFO] (nnmr_stagecontrol_thorlabs_current.py:  82) Thorlabs stage 40251814 updated position = 0.0 deg.
2025-02-03 17:28:58.794 [    INFO] (nnmr_stagecontrol_thorlabs_current.py:  82) Thorlabs stage 40251814 updated position = 0.7388283 deg.
2025-02-03 17:28:59.601 [    INFO] (nnmr_stagecontrol_thorlabs_current.py:  82) Thorlabs stage 40251814 updated position = 3.4676823999999997 deg.
2025-02-03 17:29:00.407 [    INFO] (nnmr_stagecontrol_thorlabs_current.py:  82) Thorlabs stage 40251814 updated position = 8.199317 deg.
2025-02-03 17:29:01.214 [    INFO] (nnmr_stagecontrol_thorlabs_current.py:  82) Thorlabs stage 40251814 updated position = 13.9155107 deg.
2025-02-03 17:29:02.020 [    INFO] (nnmr_stagecontrol_thorlabs_current.py:  82) Thorlabs stage 40251814 updated position = 19.657666 deg.
2025-02-03 17:29:02.823 [    INFO] (nnmr_stagecontrol_thorlabs_current.py:  82) Thorlabs stage 40251814 updated position = 25.3914689 deg.
2025-02-03 17:29:03.629 [    INFO] (nnmr_stagecontrol_thorlabs_current.py:  82) Thorlabs stage 40251814 updated position = 30.7761335 deg.
2025-02-03 17:29:04.437 [    INFO] (nnmr_stagecontrol_thorlabs_current.py:  82) Thorlabs stage 40251814 updated position = 34.3599648 deg.
2025-02-03 17:29:05.245 [    INFO] (nnmr_stagecontrol_thorlabs_current.py:  82) Thorlabs stage 40251814 updated position = 35.8374884 deg.
2025-02-03 17:29:06.054 [    INFO] (nnmr_stagecontrol_thorlabs_current.py:  82) Thorlabs stage 40251814 updated position = 35.9999878 deg.
2025-02-03 17:29:06.163 [    INFO] (nnmr_stagecontrol_zaber_current.py:  40) Zaber stage updated positions = 100.0 mm & 100.0 mm.
2025-02-03 17:29:06.168 [    INFO] (nnmr_stagecontrol_thorlabs_current.py:  82) Thorlabs stage 40251814 updated position = 35.9999878 deg.
2025-02-03 17:29:06.170 [    INFO] (nnmr_stagecontrol_thorlabs_current.py:  82) Thorlabs stage 40179174 updated position = 52.9999946 deg.
2025-02-03 17:29:06.374 [    INFO] (           server.py: 356) Client <rpyc.core.protocol.Connection 'conn7' object at 0x00000260E6453ED0> disconnected.
2025-02-03 17:29:06.374 [    INFO] (           server.py: 207) goodbye ('127.0.0.1', 52654)
2025-02-03 17:29:14.808 [    INFO] (           server.py: 157) accepted ('127.0.0.1', 52658) with fd 5376
2025-02-03 17:29:14.808 [    INFO] (           server.py: 200) welcome ('127.0.0.1', 52658)
2025-02-03 17:29:14.808 [    INFO] (           server.py: 352) Client <rpyc.core.protocol.Connection 'conn8' object at 0x00000260E6447050> connected.
2025-02-03 17:29:23.311 [    INFO] (nnmr_stagecontrol_zaber_current.py:  40) Zaber stage updated positions = 52.58 mm & 52.58 mm.
2025-02-03 17:29:23.315 [    INFO] (nnmr_stagecontrol_thorlabs_current.py:  82) Thorlabs stage 40251814 updated position = 35.9999878 deg.
2025-02-03 17:29:23.318 [    INFO] (nnmr_stagecontrol_thorlabs_current.py:  82) Thorlabs stage 40179174 updated position = 52.9999946 deg.
2025-02-03 17:29:23.525 [    INFO] (           server.py: 356) Client <rpyc.core.protocol.Connection 'conn8' object at 0x00000260E6447050> disconnected.
2025-02-03 17:29:23.527 [    INFO] (           server.py: 207) goodbye ('127.0.0.1', 52658)
2025-02-03 17:29:24.832 [    INFO] (           server.py: 157) accepted ('127.0.0.1', 52659) with fd 5236
2025-02-03 17:29:24.843 [    INFO] (           server.py: 200) welcome ('127.0.0.1', 52659)
2025-02-03 17:29:24.843 [    INFO] (           server.py: 352) Client <rpyc.core.protocol.Connection 'conn9' object at 0x00000260E645F110> connected.
2025-02-03 17:29:26.405 [    INFO] (           server.py: 356) Client <rpyc.core.protocol.Connection 'conn9' object at 0x00000260E645F110> disconnected.
2025-02-03 17:29:26.405 [    INFO] (           server.py: 207) goodbye ('127.0.0.1', 52659)
2025-02-03 17:29:38.151 [    INFO] (           server.py: 157) accepted ('127.0.0.1', 52679) with fd 5644
2025-02-03 17:29:38.151 [    INFO] (           server.py: 200) welcome ('127.0.0.1', 52679)
2025-02-03 17:29:38.151 [    INFO] (           server.py: 352) Client <rpyc.core.protocol.Connection 'conn10' object at 0x00000260E65BF350> connected.
2025-02-03 17:29:38.404 [    INFO] (           server.py: 356) Client <rpyc.core.protocol.Connection 'conn10' object at 0x00000260E65BF350> disconnected.
2025-02-03 17:29:38.404 [    INFO] (           server.py: 207) goodbye ('127.0.0.1', 52679)
2025-02-03 17:29:38.404 [    INFO] (           server.py: 157) accepted ('127.0.0.1', 52686) with fd 5272
2025-02-03 17:29:38.404 [    INFO] (           server.py: 200) welcome ('127.0.0.1', 52686)
2025-02-03 17:29:38.404 [    INFO] (           server.py: 352) Client <rpyc.core.protocol.Connection 'conn11' object at 0x00000260E65D9C10> connected.
2025-02-03 17:29:38.670 [    INFO] (           server.py: 356) Client <rpyc.core.protocol.Connection 'conn11' object at 0x00000260E65D9C10> disconnected.
2025-02-03 17:29:38.670 [    INFO] (           server.py: 207) goodbye ('127.0.0.1', 52686)
2025-02-03 17:29:42.006 [    INFO] (           server.py: 157) accepted ('127.0.0.1', 52693) with fd 6128
2025-02-03 17:29:42.006 [    INFO] (           server.py: 200) welcome ('127.0.0.1', 52693)
2025-02-03 17:29:42.006 [    INFO] (           server.py: 352) Client <rpyc.core.protocol.Connection 'conn12' object at 0x00000260E65E8690> connected.
2025-02-03 17:29:42.240 [    INFO] (           server.py: 356) Client <rpyc.core.protocol.Connection 'conn12' object at 0x00000260E65E8690> disconnected.
2025-02-03 17:29:42.240 [    INFO] (           server.py: 207) goodbye ('127.0.0.1', 52693)
2025-02-03 17:29:42.240 [    INFO] (           server.py: 157) accepted ('127.0.0.1', 52700) with fd 6068
2025-02-03 17:29:42.240 [    INFO] (           server.py: 200) welcome ('127.0.0.1', 52700)
2025-02-03 17:29:42.240 [    INFO] (           server.py: 352) Client <rpyc.core.protocol.Connection 'conn13' object at 0x00000260E65BF3D0> connected.
2025-02-03 17:29:42.373 [    INFO] (           server.py: 356) Client <rpyc.core.protocol.Connection 'conn13' object at 0x00000260E65BF3D0> disconnected.
2025-02-03 17:29:42.373 [    INFO] (           server.py: 207) goodbye ('127.0.0.1', 52700)
2025-02-03 17:29:46.316 [    INFO] (           server.py: 157) accepted ('127.0.0.1', 52704) with fd 5108
2025-02-03 17:29:46.316 [    INFO] (           server.py: 200) welcome ('127.0.0.1', 52704)
2025-02-03 17:29:46.316 [    INFO] (           server.py: 352) Client <rpyc.core.protocol.Connection 'conn14' object at 0x00000260E65DB410> connected.
2025-02-03 17:29:46.466 [    INFO] (           server.py: 356) Client <rpyc.core.protocol.Connection 'conn14' object at 0x00000260E65DB410> disconnected.
2025-02-03 17:29:46.467 [    INFO] (           server.py: 207) goodbye ('127.0.0.1', 52704)
2025-02-03 17:29:46.468 [    INFO] (           server.py: 157) accepted ('127.0.0.1', 52708) with fd 5108
2025-02-03 17:29:46.468 [    INFO] (           server.py: 200) welcome ('127.0.0.1', 52708)
2025-02-03 17:29:46.468 [    INFO] (           server.py: 352) Client <rpyc.core.protocol.Connection 'conn15' object at 0x00000260E65EBED0> connected.
2025-02-03 17:29:46.732 [    INFO] (           server.py: 356) Client <rpyc.core.protocol.Connection 'conn15' object at 0x00000260E65EBED0> disconnected.
2025-02-03 17:29:46.735 [    INFO] (           server.py: 207) goodbye ('127.0.0.1', 52708)
2025-02-03 17:30:51.460 [    INFO] (           server.py: 157) accepted ('127.0.0.1', 52720) with fd 4656
2025-02-03 17:30:51.460 [    INFO] (           server.py: 200) welcome ('127.0.0.1', 52720)
2025-02-03 17:30:51.460 [    INFO] (           server.py: 352) Client <rpyc.core.protocol.Connection 'conn16' object at 0x00000260E65F26D0> connected.
2025-02-03 17:30:53.557 [   DEBUG] (              rpc.py: 227) Make call 11, (1, 2000, 10000, 8, b'FREQ2340000000.0\r\n'), <bound method Vxi11Packer.pack_device_write_parms of <pyvisa_py.protocols.vxi11.Vxi11Packer object at 0x00000260BABDD950>>, <bound method Vxi11Unpacker.unpack_device_write_resp of <pyvisa_py.protocols.vxi11.Vxi11Unpacker object at 0x00000260BABDD8D0>>
2025-02-03 17:30:53.557 [   DEBUG] (              rpc.py: 298) Sending record through <socket.socket fd=408, family=2, type=1, proto=0, laddr=('10.135.70.59', 52532), raddr=('10.135.70.65', 1000)>: b"\x00\x00\x00\x02\x00\x00\x00\x00\x00\x00\x00\x02\x00\x06\x07\xaf\x00\x00\x00\x01\x00\x00\x00\x0b\x00\x00\x00\x00\x00\x00\x00\x00\x00\x00\x00\x00\x00\x00\x00\x00\x00\x00\x00\x01\x00\x00\x07\xd0\x00\x00'\x10\x00\x00\x00\x08\x00\x00\x00\x12FREQ2340000000.0\r\n\x00\x00"
2025-02-03 17:30:53.557 [   DEBUG] (              rpc.py: 499) RawTCPClient: procedure type 11
2025-02-03 17:30:55.326 [   DEBUG] (              rpc.py: 357) received b'\x80\x00\x00 '
2025-02-03 17:30:55.326 [   DEBUG] (              rpc.py: 357) received b'\x00\x00\x00\x02\x00\x00\x00\x01\x00\x00\x00\x00\x00\x00\x00\x00\x00\x00\x00\x00\x00\x00\x00\x00\x00\x00\x00\x00\x00\x00\x00\x12'
2025-02-03 17:30:55.326 [   DEBUG] (              rpc.py: 406) Received record through <socket.socket fd=408, family=2, type=1, proto=0, laddr=('10.135.70.59', 52532), raddr=('10.135.70.65', 1000)>: bytearray(b'\x00\x00\x00\x02\x00\x00\x00\x01\x00\x00\x00\x00\x00\x00\x00\x00\x00\x00\x00\x00\x00\x00\x00\x00\x00\x00\x00\x00\x00\x00\x00\x12')
2025-02-03 17:30:55.332 [    INFO] (sg396_driver_current.py: 234) Set frequency to 2340000000.0 Hz
2025-02-03 17:30:55.336 [   DEBUG] (              rpc.py: 227) Make call 11, (1, 2000, 10000, 8, b'AMPR-10.0\r\n'), <bound method Vxi11Packer.pack_device_write_parms of <pyvisa_py.protocols.vxi11.Vxi11Packer object at 0x00000260BABDD950>>, <bound method Vxi11Unpacker.unpack_device_write_resp of <pyvisa_py.protocols.vxi11.Vxi11Unpacker object at 0x00000260BABDD8D0>>
2025-02-03 17:30:55.336 [   DEBUG] (              rpc.py: 298) Sending record through <socket.socket fd=408, family=2, type=1, proto=0, laddr=('10.135.70.59', 52532), raddr=('10.135.70.65', 1000)>: b"\x00\x00\x00\x03\x00\x00\x00\x00\x00\x00\x00\x02\x00\x06\x07\xaf\x00\x00\x00\x01\x00\x00\x00\x0b\x00\x00\x00\x00\x00\x00\x00\x00\x00\x00\x00\x00\x00\x00\x00\x00\x00\x00\x00\x01\x00\x00\x07\xd0\x00\x00'\x10\x00\x00\x00\x08\x00\x00\x00\x0bAMPR-10.0\r\n\x00"
2025-02-03 17:30:55.336 [   DEBUG] (              rpc.py: 499) RawTCPClient: procedure type 11
2025-02-03 17:30:55.336 [   DEBUG] (              rpc.py: 357) received b'\x80\x00\x00 '
2025-02-03 17:30:55.336 [   DEBUG] (              rpc.py: 357) received b'\x00\x00\x00\x03\x00\x00\x00\x01\x00\x00\x00\x00\x00\x00\x00\x00\x00\x00\x00\x00\x00\x00\x00\x00\x00\x00\x00\x00\x00\x00\x00\x0b'
2025-02-03 17:30:55.336 [   DEBUG] (              rpc.py: 406) Received record through <socket.socket fd=408, family=2, type=1, proto=0, laddr=('10.135.70.59', 52532), raddr=('10.135.70.65', 1000)>: bytearray(b'\x00\x00\x00\x03\x00\x00\x00\x01\x00\x00\x00\x00\x00\x00\x00\x00\x00\x00\x00\x00\x00\x00\x00\x00\x00\x00\x00\x00\x00\x00\x00\x0b')
2025-02-03 17:30:55.336 [   DEBUG] (              rpc.py: 227) Make call 11, (1, 2000, 10000, 8, b'TYPE 7\r\n'), <bound method Vxi11Packer.pack_device_write_parms of <pyvisa_py.protocols.vxi11.Vxi11Packer object at 0x00000260BABDD950>>, <bound method Vxi11Unpacker.unpack_device_write_resp of <pyvisa_py.protocols.vxi11.Vxi11Unpacker object at 0x00000260BABDD8D0>>
2025-02-03 17:30:55.336 [   DEBUG] (              rpc.py: 298) Sending record through <socket.socket fd=408, family=2, type=1, proto=0, laddr=('10.135.70.59', 52532), raddr=('10.135.70.65', 1000)>: b"\x00\x00\x00\x04\x00\x00\x00\x00\x00\x00\x00\x02\x00\x06\x07\xaf\x00\x00\x00\x01\x00\x00\x00\x0b\x00\x00\x00\x00\x00\x00\x00\x00\x00\x00\x00\x00\x00\x00\x00\x00\x00\x00\x00\x01\x00\x00\x07\xd0\x00\x00'\x10\x00\x00\x00\x08\x00\x00\x00\x08TYPE 7\r\n"
2025-02-03 17:30:55.336 [   DEBUG] (              rpc.py: 499) RawTCPClient: procedure type 11
2025-02-03 17:30:55.336 [   DEBUG] (              rpc.py: 357) received b'\x80\x00\x00 '
2025-02-03 17:30:55.336 [   DEBUG] (              rpc.py: 357) received b'\x00\x00\x00\x04\x00\x00\x00\x01\x00\x00\x00\x00\x00\x00\x00\x00\x00\x00\x00\x00\x00\x00\x00\x00\x00\x00\x00\x00\x00\x00\x00\x08'
2025-02-03 17:30:55.336 [   DEBUG] (              rpc.py: 406) Received record through <socket.socket fd=408, family=2, type=1, proto=0, laddr=('10.135.70.59', 52532), raddr=('10.135.70.65', 1000)>: bytearray(b'\x00\x00\x00\x04\x00\x00\x00\x01\x00\x00\x00\x00\x00\x00\x00\x00\x00\x00\x00\x00\x00\x00\x00\x00\x00\x00\x00\x00\x00\x00\x00\x08')
2025-02-03 17:30:55.336 [   DEBUG] (              rpc.py: 227) Make call 11, (1, 2000, 10000, 8, b'STYP 1\r\n'), <bound method Vxi11Packer.pack_device_write_parms of <pyvisa_py.protocols.vxi11.Vxi11Packer object at 0x00000260BABDD950>>, <bound method Vxi11Unpacker.unpack_device_write_resp of <pyvisa_py.protocols.vxi11.Vxi11Unpacker object at 0x00000260BABDD8D0>>
2025-02-03 17:30:55.336 [   DEBUG] (              rpc.py: 298) Sending record through <socket.socket fd=408, family=2, type=1, proto=0, laddr=('10.135.70.59', 52532), raddr=('10.135.70.65', 1000)>: b"\x00\x00\x00\x05\x00\x00\x00\x00\x00\x00\x00\x02\x00\x06\x07\xaf\x00\x00\x00\x01\x00\x00\x00\x0b\x00\x00\x00\x00\x00\x00\x00\x00\x00\x00\x00\x00\x00\x00\x00\x00\x00\x00\x00\x01\x00\x00\x07\xd0\x00\x00'\x10\x00\x00\x00\x08\x00\x00\x00\x08STYP 1\r\n"
2025-02-03 17:30:55.336 [   DEBUG] (              rpc.py: 499) RawTCPClient: procedure type 11
2025-02-03 17:30:55.347 [   DEBUG] (              rpc.py: 357) received b'\x80\x00\x00 '
2025-02-03 17:30:55.347 [   DEBUG] (              rpc.py: 357) received b'\x00\x00\x00\x05\x00\x00\x00\x01\x00\x00\x00\x00\x00\x00\x00\x00\x00\x00\x00\x00\x00\x00\x00\x00\x00\x00\x00\x00\x00\x00\x00\x08'
2025-02-03 17:30:55.347 [   DEBUG] (              rpc.py: 406) Received record through <socket.socket fd=408, family=2, type=1, proto=0, laddr=('10.135.70.59', 52532), raddr=('10.135.70.65', 1000)>: bytearray(b'\x00\x00\x00\x05\x00\x00\x00\x01\x00\x00\x00\x00\x00\x00\x00\x00\x00\x00\x00\x00\x00\x00\x00\x00\x00\x00\x00\x00\x00\x00\x00\x08')
2025-02-03 17:30:55.347 [   DEBUG] (              rpc.py: 227) Make call 11, (1, 2000, 10000, 8, b'QFNC 5\r\n'), <bound method Vxi11Packer.pack_device_write_parms of <pyvisa_py.protocols.vxi11.Vxi11Packer object at 0x00000260BABDD950>>, <bound method Vxi11Unpacker.unpack_device_write_resp of <pyvisa_py.protocols.vxi11.Vxi11Unpacker object at 0x00000260BABDD8D0>>
2025-02-03 17:30:55.347 [   DEBUG] (              rpc.py: 298) Sending record through <socket.socket fd=408, family=2, type=1, proto=0, laddr=('10.135.70.59', 52532), raddr=('10.135.70.65', 1000)>: b"\x00\x00\x00\x06\x00\x00\x00\x00\x00\x00\x00\x02\x00\x06\x07\xaf\x00\x00\x00\x01\x00\x00\x00\x0b\x00\x00\x00\x00\x00\x00\x00\x00\x00\x00\x00\x00\x00\x00\x00\x00\x00\x00\x00\x01\x00\x00\x07\xd0\x00\x00'\x10\x00\x00\x00\x08\x00\x00\x00\x08QFNC 5\r\n"
2025-02-03 17:30:55.347 [   DEBUG] (              rpc.py: 499) RawTCPClient: procedure type 11
2025-02-03 17:30:55.347 [   DEBUG] (              rpc.py: 357) received b'\x80\x00\x00 '
2025-02-03 17:30:55.347 [   DEBUG] (              rpc.py: 357) received b'\x00\x00\x00\x06\x00\x00\x00\x01\x00\x00\x00\x00\x00\x00\x00\x00\x00\x00\x00\x00\x00\x00\x00\x00\x00\x00\x00\x00\x00\x00\x00\x08'
2025-02-03 17:30:55.347 [   DEBUG] (              rpc.py: 406) Received record through <socket.socket fd=408, family=2, type=1, proto=0, laddr=('10.135.70.59', 52532), raddr=('10.135.70.65', 1000)>: bytearray(b'\x00\x00\x00\x06\x00\x00\x00\x01\x00\x00\x00\x00\x00\x00\x00\x00\x00\x00\x00\x00\x00\x00\x00\x00\x00\x00\x00\x00\x00\x00\x00\x08')
2025-02-03 17:30:55.347 [   DEBUG] (              rpc.py: 227) Make call 11, (1, 2000, 10000, 8, b'MODL 1\r\n'), <bound method Vxi11Packer.pack_device_write_parms of <pyvisa_py.protocols.vxi11.Vxi11Packer object at 0x00000260BABDD950>>, <bound method Vxi11Unpacker.unpack_device_write_resp of <pyvisa_py.protocols.vxi11.Vxi11Unpacker object at 0x00000260BABDD8D0>>
2025-02-03 17:30:55.347 [   DEBUG] (              rpc.py: 298) Sending record through <socket.socket fd=408, family=2, type=1, proto=0, laddr=('10.135.70.59', 52532), raddr=('10.135.70.65', 1000)>: b"\x00\x00\x00\x07\x00\x00\x00\x00\x00\x00\x00\x02\x00\x06\x07\xaf\x00\x00\x00\x01\x00\x00\x00\x0b\x00\x00\x00\x00\x00\x00\x00\x00\x00\x00\x00\x00\x00\x00\x00\x00\x00\x00\x00\x01\x00\x00\x07\xd0\x00\x00'\x10\x00\x00\x00\x08\x00\x00\x00\x08MODL 1\r\n"
2025-02-03 17:30:55.347 [   DEBUG] (              rpc.py: 499) RawTCPClient: procedure type 11
2025-02-03 17:30:55.347 [   DEBUG] (              rpc.py: 357) received b'\x80\x00\x00 '
2025-02-03 17:30:55.347 [   DEBUG] (              rpc.py: 357) received b'\x00\x00\x00\x07\x00\x00\x00\x01\x00\x00\x00\x00\x00\x00\x00\x00\x00\x00\x00\x00\x00\x00\x00\x00\x00\x00\x00\x00\x00\x00\x00\x08'
2025-02-03 17:30:55.347 [   DEBUG] (              rpc.py: 406) Received record through <socket.socket fd=408, family=2, type=1, proto=0, laddr=('10.135.70.59', 52532), raddr=('10.135.70.65', 1000)>: bytearray(b'\x00\x00\x00\x07\x00\x00\x00\x01\x00\x00\x00\x00\x00\x00\x00\x00\x00\x00\x00\x00\x00\x00\x00\x00\x00\x00\x00\x00\x00\x00\x00\x08')
2025-02-03 17:30:56.141 [   DEBUG] (              rpc.py: 227) Make call 11, (1, 2000, 10000, 8, b'ENBR1\r\n'), <bound method Vxi11Packer.pack_device_write_parms of <pyvisa_py.protocols.vxi11.Vxi11Packer object at 0x00000260BABDD950>>, <bound method Vxi11Unpacker.unpack_device_write_resp of <pyvisa_py.protocols.vxi11.Vxi11Unpacker object at 0x00000260BABDD8D0>>
2025-02-03 17:30:56.141 [   DEBUG] (              rpc.py: 298) Sending record through <socket.socket fd=408, family=2, type=1, proto=0, laddr=('10.135.70.59', 52532), raddr=('10.135.70.65', 1000)>: b"\x00\x00\x00\x08\x00\x00\x00\x00\x00\x00\x00\x02\x00\x06\x07\xaf\x00\x00\x00\x01\x00\x00\x00\x0b\x00\x00\x00\x00\x00\x00\x00\x00\x00\x00\x00\x00\x00\x00\x00\x00\x00\x00\x00\x01\x00\x00\x07\xd0\x00\x00'\x10\x00\x00\x00\x08\x00\x00\x00\x07ENBR1\r\n\x00"
2025-02-03 17:30:56.141 [   DEBUG] (              rpc.py: 499) RawTCPClient: procedure type 11
2025-02-03 17:30:56.141 [   DEBUG] (              rpc.py: 357) received b'\x80\x00\x00 '
2025-02-03 17:30:56.141 [   DEBUG] (              rpc.py: 357) received b'\x00\x00\x00\x08\x00\x00\x00\x01\x00\x00\x00\x00\x00\x00\x00\x00\x00\x00\x00\x00\x00\x00\x00\x00\x00\x00\x00\x00\x00\x00\x00\x07'
2025-02-03 17:30:56.141 [   DEBUG] (              rpc.py: 406) Received record through <socket.socket fd=408, family=2, type=1, proto=0, laddr=('10.135.70.59', 52532), raddr=('10.135.70.65', 1000)>: bytearray(b'\x00\x00\x00\x08\x00\x00\x00\x01\x00\x00\x00\x00\x00\x00\x00\x00\x00\x00\x00\x00\x00\x00\x00\x00\x00\x00\x00\x00\x00\x00\x00\x07')
2025-02-03 17:30:56.141 [    INFO] (laser_driver_current.py:  95) Modulation state set to 'continuous'
2025-02-03 17:30:56.151 [    INFO] (laser_driver_current.py:  55) Analog control mode set to 'current'
2025-02-03 17:30:56.151 [    INFO] (laser_driver_current.py:  89) Laser diode current set to '110%'
2025-02-03 17:30:56.151 [ WARNING] (laser_driver_current.py:  40) Failed to set command 'CM=110'
2025-02-03 17:30:56.151 [ WARNING] (laser_driver_current.py:  41) Response from Device :'CM=110.00'
2025-02-03 17:30:56.162 [    INFO] (laser_driver_current.py: 105) Laser emission is ON
2025-02-03 17:30:59.198 [    INFO] (           server.py: 157) accepted ('127.0.0.1', 52733) with fd 5248
2025-02-03 17:30:59.198 [    INFO] (           server.py: 200) welcome ('127.0.0.1', 52733)
2025-02-03 17:30:59.198 [    INFO] (           server.py: 352) Client <rpyc.core.protocol.Connection 'conn17' object at 0x00000260E6617C90> connected.
2025-02-03 17:30:59.198 [    INFO] (laser_driver_current.py: 108) Laser emission is OFF
2025-02-03 17:30:59.198 [   DEBUG] (              rpc.py: 227) Make call 11, (1, 2000, 10000, 8, b'ENBR0\r\n'), <bound method Vxi11Packer.pack_device_write_parms of <pyvisa_py.protocols.vxi11.Vxi11Packer object at 0x00000260BABDD950>>, <bound method Vxi11Unpacker.unpack_device_write_resp of <pyvisa_py.protocols.vxi11.Vxi11Unpacker object at 0x00000260BABDD8D0>>
2025-02-03 17:30:59.208 [   DEBUG] (              rpc.py: 298) Sending record through <socket.socket fd=408, family=2, type=1, proto=0, laddr=('10.135.70.59', 52532), raddr=('10.135.70.65', 1000)>: b"\x00\x00\x00\t\x00\x00\x00\x00\x00\x00\x00\x02\x00\x06\x07\xaf\x00\x00\x00\x01\x00\x00\x00\x0b\x00\x00\x00\x00\x00\x00\x00\x00\x00\x00\x00\x00\x00\x00\x00\x00\x00\x00\x00\x01\x00\x00\x07\xd0\x00\x00'\x10\x00\x00\x00\x08\x00\x00\x00\x07ENBR0\r\n\x00"
2025-02-03 17:30:59.208 [   DEBUG] (              rpc.py: 499) RawTCPClient: procedure type 11
2025-02-03 17:30:59.208 [   DEBUG] (              rpc.py: 357) received b'\x80\x00\x00 '
2025-02-03 17:30:59.208 [   DEBUG] (              rpc.py: 357) received b'\x00\x00\x00\t\x00\x00\x00\x01\x00\x00\x00\x00\x00\x00\x00\x00\x00\x00\x00\x00\x00\x00\x00\x00\x00\x00\x00\x00\x00\x00\x00\x07'
2025-02-03 17:30:59.208 [   DEBUG] (              rpc.py: 406) Received record through <socket.socket fd=408, family=2, type=1, proto=0, laddr=('10.135.70.59', 52532), raddr=('10.135.70.65', 1000)>: bytearray(b'\x00\x00\x00\t\x00\x00\x00\x01\x00\x00\x00\x00\x00\x00\x00\x00\x00\x00\x00\x00\x00\x00\x00\x00\x00\x00\x00\x00\x00\x00\x00\x07')
2025-02-03 17:30:59.208 [   DEBUG] (              rpc.py: 227) Make call 11, (1, 2000, 10000, 8, b'MODL 0\r\n'), <bound method Vxi11Packer.pack_device_write_parms of <pyvisa_py.protocols.vxi11.Vxi11Packer object at 0x00000260BABDD950>>, <bound method Vxi11Unpacker.unpack_device_write_resp of <pyvisa_py.protocols.vxi11.Vxi11Unpacker object at 0x00000260BABDD8D0>>
2025-02-03 17:30:59.208 [   DEBUG] (              rpc.py: 298) Sending record through <socket.socket fd=408, family=2, type=1, proto=0, laddr=('10.135.70.59', 52532), raddr=('10.135.70.65', 1000)>: b"\x00\x00\x00\n\x00\x00\x00\x00\x00\x00\x00\x02\x00\x06\x07\xaf\x00\x00\x00\x01\x00\x00\x00\x0b\x00\x00\x00\x00\x00\x00\x00\x00\x00\x00\x00\x00\x00\x00\x00\x00\x00\x00\x00\x01\x00\x00\x07\xd0\x00\x00'\x10\x00\x00\x00\x08\x00\x00\x00\x08MODL 0\r\n"
2025-02-03 17:30:59.208 [   DEBUG] (              rpc.py: 499) RawTCPClient: procedure type 11
2025-02-03 17:30:59.208 [   DEBUG] (              rpc.py: 357) received b'\x80\x00\x00 '
2025-02-03 17:30:59.208 [   DEBUG] (              rpc.py: 357) received b'\x00\x00\x00\n\x00\x00\x00\x01\x00\x00\x00\x00\x00\x00\x00\x00\x00\x00\x00\x00\x00\x00\x00\x00\x00\x00\x00\x00\x00\x00\x00\x08'
2025-02-03 17:30:59.208 [   DEBUG] (              rpc.py: 406) Received record through <socket.socket fd=408, family=2, type=1, proto=0, laddr=('10.135.70.59', 52532), raddr=('10.135.70.65', 1000)>: bytearray(b'\x00\x00\x00\n\x00\x00\x00\x01\x00\x00\x00\x00\x00\x00\x00\x00\x00\x00\x00\x00\x00\x00\x00\x00\x00\x00\x00\x00\x00\x00\x00\x08')
2025-02-03 17:30:59.249 [    INFO] (           server.py: 356) Client <rpyc.core.protocol.Connection 'conn17' object at 0x00000260E6617C90> disconnected.
2025-02-03 17:30:59.249 [    INFO] (           server.py: 207) goodbye ('127.0.0.1', 52733)
2025-02-03 17:30:59.253 [    INFO] (           server.py: 356) Client <rpyc.core.protocol.Connection 'conn16' object at 0x00000260E65F26D0> disconnected.
2025-02-03 17:30:59.253 [    INFO] (           server.py: 207) goodbye ('127.0.0.1', 52720)
2025-02-03 17:40:42.025 [    INFO] (           server.py: 356) Client <rpyc.core.protocol.Connection 'conn1' object at 0x00000260E642FC90> disconnected.
2025-02-03 17:40:42.025 [    INFO] (           server.py: 207) goodbye ('127.0.0.1', 52633)
2025-02-03 17:42:43.835 [    INFO] (           server.py: 157) accepted ('127.0.0.1', 52876) with fd 5264
2025-02-03 17:42:43.835 [    INFO] (           server.py: 200) welcome ('127.0.0.1', 52876)
2025-02-03 17:42:43.835 [    INFO] (           server.py: 352) Client <rpyc.core.protocol.Connection 'conn18' object at 0x00000260E65F2390> connected.
2025-02-03 17:43:20.904 [    INFO] (           server.py: 157) accepted ('127.0.0.1', 52880) with fd 6100
2025-02-03 17:43:20.904 [    INFO] (           server.py: 200) welcome ('127.0.0.1', 52880)
2025-02-03 17:43:20.904 [    INFO] (           server.py: 352) Client <rpyc.core.protocol.Connection 'conn19' object at 0x00000260E645F250> connected.
2025-02-03 17:43:23.001 [   DEBUG] (              rpc.py: 227) Make call 11, (1, 2000, 10000, 8, b'FREQ2330000000.0\r\n'), <bound method Vxi11Packer.pack_device_write_parms of <pyvisa_py.protocols.vxi11.Vxi11Packer object at 0x00000260BABDD950>>, <bound method Vxi11Unpacker.unpack_device_write_resp of <pyvisa_py.protocols.vxi11.Vxi11Unpacker object at 0x00000260BABDD8D0>>
2025-02-03 17:43:23.001 [   DEBUG] (              rpc.py: 298) Sending record through <socket.socket fd=408, family=2, type=1, proto=0, laddr=('10.135.70.59', 52532), raddr=('10.135.70.65', 1000)>: b"\x00\x00\x00\x0b\x00\x00\x00\x00\x00\x00\x00\x02\x00\x06\x07\xaf\x00\x00\x00\x01\x00\x00\x00\x0b\x00\x00\x00\x00\x00\x00\x00\x00\x00\x00\x00\x00\x00\x00\x00\x00\x00\x00\x00\x01\x00\x00\x07\xd0\x00\x00'\x10\x00\x00\x00\x08\x00\x00\x00\x12FREQ2330000000.0\r\n\x00\x00"
2025-02-03 17:43:23.001 [   DEBUG] (              rpc.py: 499) RawTCPClient: procedure type 11
2025-02-03 17:43:24.815 [   DEBUG] (              rpc.py: 357) received b'\x80\x00\x00 '
2025-02-03 17:43:24.815 [   DEBUG] (              rpc.py: 357) received b'\x00\x00\x00\x0b\x00\x00\x00\x01\x00\x00\x00\x00\x00\x00\x00\x00\x00\x00\x00\x00\x00\x00\x00\x00\x00\x00\x00\x00\x00\x00\x00\x12'
2025-02-03 17:43:24.815 [   DEBUG] (              rpc.py: 406) Received record through <socket.socket fd=408, family=2, type=1, proto=0, laddr=('10.135.70.59', 52532), raddr=('10.135.70.65', 1000)>: bytearray(b'\x00\x00\x00\x0b\x00\x00\x00\x01\x00\x00\x00\x00\x00\x00\x00\x00\x00\x00\x00\x00\x00\x00\x00\x00\x00\x00\x00\x00\x00\x00\x00\x12')
2025-02-03 17:43:24.818 [    INFO] (sg396_driver_current.py: 234) Set frequency to 2330000000.0 Hz
2025-02-03 17:43:24.818 [   DEBUG] (              rpc.py: 227) Make call 11, (1, 2000, 10000, 8, b'AMPR-10.0\r\n'), <bound method Vxi11Packer.pack_device_write_parms of <pyvisa_py.protocols.vxi11.Vxi11Packer object at 0x00000260BABDD950>>, <bound method Vxi11Unpacker.unpack_device_write_resp of <pyvisa_py.protocols.vxi11.Vxi11Unpacker object at 0x00000260BABDD8D0>>
2025-02-03 17:43:24.823 [   DEBUG] (              rpc.py: 298) Sending record through <socket.socket fd=408, family=2, type=1, proto=0, laddr=('10.135.70.59', 52532), raddr=('10.135.70.65', 1000)>: b"\x00\x00\x00\x0c\x00\x00\x00\x00\x00\x00\x00\x02\x00\x06\x07\xaf\x00\x00\x00\x01\x00\x00\x00\x0b\x00\x00\x00\x00\x00\x00\x00\x00\x00\x00\x00\x00\x00\x00\x00\x00\x00\x00\x00\x01\x00\x00\x07\xd0\x00\x00'\x10\x00\x00\x00\x08\x00\x00\x00\x0bAMPR-10.0\r\n\x00"
2025-02-03 17:43:24.823 [   DEBUG] (              rpc.py: 499) RawTCPClient: procedure type 11
2025-02-03 17:43:24.823 [   DEBUG] (              rpc.py: 357) received b'\x80\x00\x00 '
2025-02-03 17:43:24.823 [   DEBUG] (              rpc.py: 357) received b'\x00\x00\x00\x0c\x00\x00\x00\x01\x00\x00\x00\x00\x00\x00\x00\x00\x00\x00\x00\x00\x00\x00\x00\x00\x00\x00\x00\x00\x00\x00\x00\x0b'
2025-02-03 17:43:24.823 [   DEBUG] (              rpc.py: 406) Received record through <socket.socket fd=408, family=2, type=1, proto=0, laddr=('10.135.70.59', 52532), raddr=('10.135.70.65', 1000)>: bytearray(b'\x00\x00\x00\x0c\x00\x00\x00\x01\x00\x00\x00\x00\x00\x00\x00\x00\x00\x00\x00\x00\x00\x00\x00\x00\x00\x00\x00\x00\x00\x00\x00\x0b')
2025-02-03 17:43:24.823 [   DEBUG] (              rpc.py: 227) Make call 11, (1, 2000, 10000, 8, b'TYPE 7\r\n'), <bound method Vxi11Packer.pack_device_write_parms of <pyvisa_py.protocols.vxi11.Vxi11Packer object at 0x00000260BABDD950>>, <bound method Vxi11Unpacker.unpack_device_write_resp of <pyvisa_py.protocols.vxi11.Vxi11Unpacker object at 0x00000260BABDD8D0>>
2025-02-03 17:43:24.823 [   DEBUG] (              rpc.py: 298) Sending record through <socket.socket fd=408, family=2, type=1, proto=0, laddr=('10.135.70.59', 52532), raddr=('10.135.70.65', 1000)>: b"\x00\x00\x00\r\x00\x00\x00\x00\x00\x00\x00\x02\x00\x06\x07\xaf\x00\x00\x00\x01\x00\x00\x00\x0b\x00\x00\x00\x00\x00\x00\x00\x00\x00\x00\x00\x00\x00\x00\x00\x00\x00\x00\x00\x01\x00\x00\x07\xd0\x00\x00'\x10\x00\x00\x00\x08\x00\x00\x00\x08TYPE 7\r\n"
2025-02-03 17:43:24.823 [   DEBUG] (              rpc.py: 499) RawTCPClient: procedure type 11
2025-02-03 17:43:24.823 [   DEBUG] (              rpc.py: 357) received b'\x80\x00\x00 '
2025-02-03 17:43:24.823 [   DEBUG] (              rpc.py: 357) received b'\x00\x00\x00\r\x00\x00\x00\x01\x00\x00\x00\x00\x00\x00\x00\x00\x00\x00\x00\x00\x00\x00\x00\x00\x00\x00\x00\x00\x00\x00\x00\x08'
2025-02-03 17:43:24.823 [   DEBUG] (              rpc.py: 406) Received record through <socket.socket fd=408, family=2, type=1, proto=0, laddr=('10.135.70.59', 52532), raddr=('10.135.70.65', 1000)>: bytearray(b'\x00\x00\x00\r\x00\x00\x00\x01\x00\x00\x00\x00\x00\x00\x00\x00\x00\x00\x00\x00\x00\x00\x00\x00\x00\x00\x00\x00\x00\x00\x00\x08')
2025-02-03 17:43:24.823 [   DEBUG] (              rpc.py: 227) Make call 11, (1, 2000, 10000, 8, b'STYP 1\r\n'), <bound method Vxi11Packer.pack_device_write_parms of <pyvisa_py.protocols.vxi11.Vxi11Packer object at 0x00000260BABDD950>>, <bound method Vxi11Unpacker.unpack_device_write_resp of <pyvisa_py.protocols.vxi11.Vxi11Unpacker object at 0x00000260BABDD8D0>>
2025-02-03 17:43:24.823 [   DEBUG] (              rpc.py: 298) Sending record through <socket.socket fd=408, family=2, type=1, proto=0, laddr=('10.135.70.59', 52532), raddr=('10.135.70.65', 1000)>: b"\x00\x00\x00\x0e\x00\x00\x00\x00\x00\x00\x00\x02\x00\x06\x07\xaf\x00\x00\x00\x01\x00\x00\x00\x0b\x00\x00\x00\x00\x00\x00\x00\x00\x00\x00\x00\x00\x00\x00\x00\x00\x00\x00\x00\x01\x00\x00\x07\xd0\x00\x00'\x10\x00\x00\x00\x08\x00\x00\x00\x08STYP 1\r\n"
2025-02-03 17:43:24.823 [   DEBUG] (              rpc.py: 499) RawTCPClient: procedure type 11
2025-02-03 17:43:24.823 [   DEBUG] (              rpc.py: 357) received b'\x80\x00\x00 '
2025-02-03 17:43:24.823 [   DEBUG] (              rpc.py: 357) received b'\x00\x00\x00\x0e\x00\x00\x00\x01\x00\x00\x00\x00\x00\x00\x00\x00\x00\x00\x00\x00\x00\x00\x00\x00\x00\x00\x00\x00\x00\x00\x00\x08'
2025-02-03 17:43:24.823 [   DEBUG] (              rpc.py: 406) Received record through <socket.socket fd=408, family=2, type=1, proto=0, laddr=('10.135.70.59', 52532), raddr=('10.135.70.65', 1000)>: bytearray(b'\x00\x00\x00\x0e\x00\x00\x00\x01\x00\x00\x00\x00\x00\x00\x00\x00\x00\x00\x00\x00\x00\x00\x00\x00\x00\x00\x00\x00\x00\x00\x00\x08')
2025-02-03 17:43:24.823 [   DEBUG] (              rpc.py: 227) Make call 11, (1, 2000, 10000, 8, b'QFNC 5\r\n'), <bound method Vxi11Packer.pack_device_write_parms of <pyvisa_py.protocols.vxi11.Vxi11Packer object at 0x00000260BABDD950>>, <bound method Vxi11Unpacker.unpack_device_write_resp of <pyvisa_py.protocols.vxi11.Vxi11Unpacker object at 0x00000260BABDD8D0>>
2025-02-03 17:43:24.823 [   DEBUG] (              rpc.py: 298) Sending record through <socket.socket fd=408, family=2, type=1, proto=0, laddr=('10.135.70.59', 52532), raddr=('10.135.70.65', 1000)>: b"\x00\x00\x00\x0f\x00\x00\x00\x00\x00\x00\x00\x02\x00\x06\x07\xaf\x00\x00\x00\x01\x00\x00\x00\x0b\x00\x00\x00\x00\x00\x00\x00\x00\x00\x00\x00\x00\x00\x00\x00\x00\x00\x00\x00\x01\x00\x00\x07\xd0\x00\x00'\x10\x00\x00\x00\x08\x00\x00\x00\x08QFNC 5\r\n"
2025-02-03 17:43:24.834 [   DEBUG] (              rpc.py: 499) RawTCPClient: procedure type 11
2025-02-03 17:43:24.835 [   DEBUG] (              rpc.py: 357) received b'\x80\x00\x00 '
2025-02-03 17:43:24.835 [   DEBUG] (              rpc.py: 357) received b'\x00\x00\x00\x0f\x00\x00\x00\x01\x00\x00\x00\x00\x00\x00\x00\x00\x00\x00\x00\x00\x00\x00\x00\x00\x00\x00\x00\x00\x00\x00\x00\x08'
2025-02-03 17:43:24.835 [   DEBUG] (              rpc.py: 406) Received record through <socket.socket fd=408, family=2, type=1, proto=0, laddr=('10.135.70.59', 52532), raddr=('10.135.70.65', 1000)>: bytearray(b'\x00\x00\x00\x0f\x00\x00\x00\x01\x00\x00\x00\x00\x00\x00\x00\x00\x00\x00\x00\x00\x00\x00\x00\x00\x00\x00\x00\x00\x00\x00\x00\x08')
2025-02-03 17:43:24.835 [   DEBUG] (              rpc.py: 227) Make call 11, (1, 2000, 10000, 8, b'MODL 1\r\n'), <bound method Vxi11Packer.pack_device_write_parms of <pyvisa_py.protocols.vxi11.Vxi11Packer object at 0x00000260BABDD950>>, <bound method Vxi11Unpacker.unpack_device_write_resp of <pyvisa_py.protocols.vxi11.Vxi11Unpacker object at 0x00000260BABDD8D0>>
2025-02-03 17:43:24.835 [   DEBUG] (              rpc.py: 298) Sending record through <socket.socket fd=408, family=2, type=1, proto=0, laddr=('10.135.70.59', 52532), raddr=('10.135.70.65', 1000)>: b"\x00\x00\x00\x10\x00\x00\x00\x00\x00\x00\x00\x02\x00\x06\x07\xaf\x00\x00\x00\x01\x00\x00\x00\x0b\x00\x00\x00\x00\x00\x00\x00\x00\x00\x00\x00\x00\x00\x00\x00\x00\x00\x00\x00\x01\x00\x00\x07\xd0\x00\x00'\x10\x00\x00\x00\x08\x00\x00\x00\x08MODL 1\r\n"
2025-02-03 17:43:24.835 [   DEBUG] (              rpc.py: 499) RawTCPClient: procedure type 11
2025-02-03 17:43:24.837 [   DEBUG] (              rpc.py: 357) received b'\x80\x00\x00 '
2025-02-03 17:43:24.837 [   DEBUG] (              rpc.py: 357) received b'\x00\x00\x00\x10\x00\x00\x00\x01\x00\x00\x00\x00\x00\x00\x00\x00\x00\x00\x00\x00\x00\x00\x00\x00\x00\x00\x00\x00\x00\x00\x00\x08'
2025-02-03 17:43:24.837 [   DEBUG] (              rpc.py: 406) Received record through <socket.socket fd=408, family=2, type=1, proto=0, laddr=('10.135.70.59', 52532), raddr=('10.135.70.65', 1000)>: bytearray(b'\x00\x00\x00\x10\x00\x00\x00\x01\x00\x00\x00\x00\x00\x00\x00\x00\x00\x00\x00\x00\x00\x00\x00\x00\x00\x00\x00\x00\x00\x00\x00\x08')
2025-02-03 17:43:25.607 [   DEBUG] (              rpc.py: 227) Make call 11, (1, 2000, 10000, 8, b'ENBR1\r\n'), <bound method Vxi11Packer.pack_device_write_parms of <pyvisa_py.protocols.vxi11.Vxi11Packer object at 0x00000260BABDD950>>, <bound method Vxi11Unpacker.unpack_device_write_resp of <pyvisa_py.protocols.vxi11.Vxi11Unpacker object at 0x00000260BABDD8D0>>
2025-02-03 17:43:25.607 [   DEBUG] (              rpc.py: 298) Sending record through <socket.socket fd=408, family=2, type=1, proto=0, laddr=('10.135.70.59', 52532), raddr=('10.135.70.65', 1000)>: b"\x00\x00\x00\x11\x00\x00\x00\x00\x00\x00\x00\x02\x00\x06\x07\xaf\x00\x00\x00\x01\x00\x00\x00\x0b\x00\x00\x00\x00\x00\x00\x00\x00\x00\x00\x00\x00\x00\x00\x00\x00\x00\x00\x00\x01\x00\x00\x07\xd0\x00\x00'\x10\x00\x00\x00\x08\x00\x00\x00\x07ENBR1\r\n\x00"
2025-02-03 17:43:25.607 [   DEBUG] (              rpc.py: 499) RawTCPClient: procedure type 11
2025-02-03 17:43:25.607 [   DEBUG] (              rpc.py: 357) received b'\x80\x00\x00 '
2025-02-03 17:43:25.607 [   DEBUG] (              rpc.py: 357) received b'\x00\x00\x00\x11\x00\x00\x00\x01\x00\x00\x00\x00\x00\x00\x00\x00\x00\x00\x00\x00\x00\x00\x00\x00\x00\x00\x00\x00\x00\x00\x00\x07'
2025-02-03 17:43:25.607 [   DEBUG] (              rpc.py: 406) Received record through <socket.socket fd=408, family=2, type=1, proto=0, laddr=('10.135.70.59', 52532), raddr=('10.135.70.65', 1000)>: bytearray(b'\x00\x00\x00\x11\x00\x00\x00\x01\x00\x00\x00\x00\x00\x00\x00\x00\x00\x00\x00\x00\x00\x00\x00\x00\x00\x00\x00\x00\x00\x00\x00\x07')
2025-02-03 17:43:25.617 [    INFO] (laser_driver_current.py:  95) Modulation state set to 'continuous'
2025-02-03 17:43:25.617 [    INFO] (laser_driver_current.py:  55) Analog control mode set to 'current'
2025-02-03 17:43:25.628 [    INFO] (laser_driver_current.py:  89) Laser diode current set to '110%'
2025-02-03 17:43:25.628 [ WARNING] (laser_driver_current.py:  40) Failed to set command 'CM=110'
2025-02-03 17:43:25.628 [ WARNING] (laser_driver_current.py:  41) Response from Device :'CM=110.00'
2025-02-03 17:43:25.638 [    INFO] (laser_driver_current.py: 105) Laser emission is ON
2025-02-03 17:43:29.941 [    INFO] (           server.py: 157) accepted ('127.0.0.1', 52894) with fd 5620
2025-02-03 17:43:29.941 [    INFO] (           server.py: 200) welcome ('127.0.0.1', 52894)
2025-02-03 17:43:29.941 [    INFO] (           server.py: 352) Client <rpyc.core.protocol.Connection 'conn20' object at 0x00000260E65F2690> connected.
2025-02-03 17:43:29.951 [    INFO] (laser_driver_current.py: 108) Laser emission is OFF
2025-02-03 17:43:29.951 [   DEBUG] (              rpc.py: 227) Make call 11, (1, 2000, 10000, 8, b'ENBR0\r\n'), <bound method Vxi11Packer.pack_device_write_parms of <pyvisa_py.protocols.vxi11.Vxi11Packer object at 0x00000260BABDD950>>, <bound method Vxi11Unpacker.unpack_device_write_resp of <pyvisa_py.protocols.vxi11.Vxi11Unpacker object at 0x00000260BABDD8D0>>
2025-02-03 17:43:29.951 [   DEBUG] (              rpc.py: 298) Sending record through <socket.socket fd=408, family=2, type=1, proto=0, laddr=('10.135.70.59', 52532), raddr=('10.135.70.65', 1000)>: b"\x00\x00\x00\x12\x00\x00\x00\x00\x00\x00\x00\x02\x00\x06\x07\xaf\x00\x00\x00\x01\x00\x00\x00\x0b\x00\x00\x00\x00\x00\x00\x00\x00\x00\x00\x00\x00\x00\x00\x00\x00\x00\x00\x00\x01\x00\x00\x07\xd0\x00\x00'\x10\x00\x00\x00\x08\x00\x00\x00\x07ENBR0\r\n\x00"
2025-02-03 17:43:29.951 [   DEBUG] (              rpc.py: 499) RawTCPClient: procedure type 11
2025-02-03 17:43:29.951 [   DEBUG] (              rpc.py: 357) received b'\x80\x00\x00 '
2025-02-03 17:43:29.951 [   DEBUG] (              rpc.py: 357) received b'\x00\x00\x00\x12\x00\x00\x00\x01\x00\x00\x00\x00\x00\x00\x00\x00\x00\x00\x00\x00\x00\x00\x00\x00\x00\x00\x00\x00\x00\x00\x00\x07'
2025-02-03 17:43:29.951 [   DEBUG] (              rpc.py: 406) Received record through <socket.socket fd=408, family=2, type=1, proto=0, laddr=('10.135.70.59', 52532), raddr=('10.135.70.65', 1000)>: bytearray(b'\x00\x00\x00\x12\x00\x00\x00\x01\x00\x00\x00\x00\x00\x00\x00\x00\x00\x00\x00\x00\x00\x00\x00\x00\x00\x00\x00\x00\x00\x00\x00\x07')
2025-02-03 17:43:29.951 [   DEBUG] (              rpc.py: 227) Make call 11, (1, 2000, 10000, 8, b'MODL 0\r\n'), <bound method Vxi11Packer.pack_device_write_parms of <pyvisa_py.protocols.vxi11.Vxi11Packer object at 0x00000260BABDD950>>, <bound method Vxi11Unpacker.unpack_device_write_resp of <pyvisa_py.protocols.vxi11.Vxi11Unpacker object at 0x00000260BABDD8D0>>
2025-02-03 17:43:29.951 [   DEBUG] (              rpc.py: 298) Sending record through <socket.socket fd=408, family=2, type=1, proto=0, laddr=('10.135.70.59', 52532), raddr=('10.135.70.65', 1000)>: b"\x00\x00\x00\x13\x00\x00\x00\x00\x00\x00\x00\x02\x00\x06\x07\xaf\x00\x00\x00\x01\x00\x00\x00\x0b\x00\x00\x00\x00\x00\x00\x00\x00\x00\x00\x00\x00\x00\x00\x00\x00\x00\x00\x00\x01\x00\x00\x07\xd0\x00\x00'\x10\x00\x00\x00\x08\x00\x00\x00\x08MODL 0\r\n"
2025-02-03 17:43:29.951 [   DEBUG] (              rpc.py: 499) RawTCPClient: procedure type 11
2025-02-03 17:43:29.961 [   DEBUG] (              rpc.py: 357) received b'\x80\x00\x00 '
2025-02-03 17:43:29.961 [   DEBUG] (              rpc.py: 357) received b'\x00\x00\x00\x13\x00\x00\x00\x01\x00\x00\x00\x00\x00\x00\x00\x00\x00\x00\x00\x00\x00\x00\x00\x00\x00\x00\x00\x00\x00\x00\x00\x08'
2025-02-03 17:43:29.961 [   DEBUG] (              rpc.py: 406) Received record through <socket.socket fd=408, family=2, type=1, proto=0, laddr=('10.135.70.59', 52532), raddr=('10.135.70.65', 1000)>: bytearray(b'\x00\x00\x00\x13\x00\x00\x00\x01\x00\x00\x00\x00\x00\x00\x00\x00\x00\x00\x00\x00\x00\x00\x00\x00\x00\x00\x00\x00\x00\x00\x00\x08')
2025-02-03 17:43:30.002 [    INFO] (           server.py: 356) Client <rpyc.core.protocol.Connection 'conn20' object at 0x00000260E65F2690> disconnected.
2025-02-03 17:43:30.002 [    INFO] (           server.py: 207) goodbye ('127.0.0.1', 52894)
2025-02-03 17:43:30.002 [    INFO] (           server.py: 356) Client <rpyc.core.protocol.Connection 'conn19' object at 0x00000260E645F250> disconnected.
2025-02-03 17:43:30.002 [    INFO] (           server.py: 207) goodbye ('127.0.0.1', 52880)
2025-02-03 17:43:42.628 [    INFO] (           server.py: 157) accepted ('127.0.0.1', 52896) with fd 5536
2025-02-03 17:43:42.628 [    INFO] (           server.py: 200) welcome ('127.0.0.1', 52896)
2025-02-03 17:43:42.628 [    INFO] (           server.py: 352) Client <rpyc.core.protocol.Connection 'conn21' object at 0x00000260E64554D0> connected.
2025-02-03 17:43:44.685 [   DEBUG] (              rpc.py: 227) Make call 11, (1, 2000, 10000, 8, b'FREQ2330000000.0\r\n'), <bound method Vxi11Packer.pack_device_write_parms of <pyvisa_py.protocols.vxi11.Vxi11Packer object at 0x00000260BABDD950>>, <bound method Vxi11Unpacker.unpack_device_write_resp of <pyvisa_py.protocols.vxi11.Vxi11Unpacker object at 0x00000260BABDD8D0>>
2025-02-03 17:43:44.685 [   DEBUG] (              rpc.py: 298) Sending record through <socket.socket fd=408, family=2, type=1, proto=0, laddr=('10.135.70.59', 52532), raddr=('10.135.70.65', 1000)>: b"\x00\x00\x00\x14\x00\x00\x00\x00\x00\x00\x00\x02\x00\x06\x07\xaf\x00\x00\x00\x01\x00\x00\x00\x0b\x00\x00\x00\x00\x00\x00\x00\x00\x00\x00\x00\x00\x00\x00\x00\x00\x00\x00\x00\x01\x00\x00\x07\xd0\x00\x00'\x10\x00\x00\x00\x08\x00\x00\x00\x12FREQ2330000000.0\r\n\x00\x00"
2025-02-03 17:43:44.685 [   DEBUG] (              rpc.py: 499) RawTCPClient: procedure type 11
2025-02-03 17:43:44.685 [   DEBUG] (              rpc.py: 357) received b'\x80\x00\x00 '
2025-02-03 17:43:44.685 [   DEBUG] (              rpc.py: 357) received b'\x00\x00\x00\x14\x00\x00\x00\x01\x00\x00\x00\x00\x00\x00\x00\x00\x00\x00\x00\x00\x00\x00\x00\x00\x00\x00\x00\x00\x00\x00\x00\x12'
2025-02-03 17:43:44.685 [   DEBUG] (              rpc.py: 406) Received record through <socket.socket fd=408, family=2, type=1, proto=0, laddr=('10.135.70.59', 52532), raddr=('10.135.70.65', 1000)>: bytearray(b'\x00\x00\x00\x14\x00\x00\x00\x01\x00\x00\x00\x00\x00\x00\x00\x00\x00\x00\x00\x00\x00\x00\x00\x00\x00\x00\x00\x00\x00\x00\x00\x12')
2025-02-03 17:43:44.685 [    INFO] (sg396_driver_current.py: 234) Set frequency to 2330000000.0 Hz
2025-02-03 17:43:44.685 [   DEBUG] (              rpc.py: 227) Make call 11, (1, 2000, 10000, 8, b'AMPR-10.0\r\n'), <bound method Vxi11Packer.pack_device_write_parms of <pyvisa_py.protocols.vxi11.Vxi11Packer object at 0x00000260BABDD950>>, <bound method Vxi11Unpacker.unpack_device_write_resp of <pyvisa_py.protocols.vxi11.Vxi11Unpacker object at 0x00000260BABDD8D0>>
2025-02-03 17:43:44.685 [   DEBUG] (              rpc.py: 298) Sending record through <socket.socket fd=408, family=2, type=1, proto=0, laddr=('10.135.70.59', 52532), raddr=('10.135.70.65', 1000)>: b"\x00\x00\x00\x15\x00\x00\x00\x00\x00\x00\x00\x02\x00\x06\x07\xaf\x00\x00\x00\x01\x00\x00\x00\x0b\x00\x00\x00\x00\x00\x00\x00\x00\x00\x00\x00\x00\x00\x00\x00\x00\x00\x00\x00\x01\x00\x00\x07\xd0\x00\x00'\x10\x00\x00\x00\x08\x00\x00\x00\x0bAMPR-10.0\r\n\x00"
2025-02-03 17:43:44.685 [   DEBUG] (              rpc.py: 499) RawTCPClient: procedure type 11
2025-02-03 17:43:44.685 [   DEBUG] (              rpc.py: 357) received b'\x80\x00\x00 '
2025-02-03 17:43:44.685 [   DEBUG] (              rpc.py: 357) received b'\x00\x00\x00\x15\x00\x00\x00\x01\x00\x00\x00\x00\x00\x00\x00\x00\x00\x00\x00\x00\x00\x00\x00\x00\x00\x00\x00\x00\x00\x00\x00\x0b'
2025-02-03 17:43:44.685 [   DEBUG] (              rpc.py: 406) Received record through <socket.socket fd=408, family=2, type=1, proto=0, laddr=('10.135.70.59', 52532), raddr=('10.135.70.65', 1000)>: bytearray(b'\x00\x00\x00\x15\x00\x00\x00\x01\x00\x00\x00\x00\x00\x00\x00\x00\x00\x00\x00\x00\x00\x00\x00\x00\x00\x00\x00\x00\x00\x00\x00\x0b')
2025-02-03 17:43:44.685 [   DEBUG] (              rpc.py: 227) Make call 11, (1, 2000, 10000, 8, b'TYPE 7\r\n'), <bound method Vxi11Packer.pack_device_write_parms of <pyvisa_py.protocols.vxi11.Vxi11Packer object at 0x00000260BABDD950>>, <bound method Vxi11Unpacker.unpack_device_write_resp of <pyvisa_py.protocols.vxi11.Vxi11Unpacker object at 0x00000260BABDD8D0>>
2025-02-03 17:43:44.685 [   DEBUG] (              rpc.py: 298) Sending record through <socket.socket fd=408, family=2, type=1, proto=0, laddr=('10.135.70.59', 52532), raddr=('10.135.70.65', 1000)>: b"\x00\x00\x00\x16\x00\x00\x00\x00\x00\x00\x00\x02\x00\x06\x07\xaf\x00\x00\x00\x01\x00\x00\x00\x0b\x00\x00\x00\x00\x00\x00\x00\x00\x00\x00\x00\x00\x00\x00\x00\x00\x00\x00\x00\x01\x00\x00\x07\xd0\x00\x00'\x10\x00\x00\x00\x08\x00\x00\x00\x08TYPE 7\r\n"
2025-02-03 17:43:44.685 [   DEBUG] (              rpc.py: 499) RawTCPClient: procedure type 11
2025-02-03 17:43:44.685 [   DEBUG] (              rpc.py: 357) received b'\x80\x00\x00 '
2025-02-03 17:43:44.685 [   DEBUG] (              rpc.py: 357) received b'\x00\x00\x00\x16\x00\x00\x00\x01\x00\x00\x00\x00\x00\x00\x00\x00\x00\x00\x00\x00\x00\x00\x00\x00\x00\x00\x00\x00\x00\x00\x00\x08'
2025-02-03 17:43:44.685 [   DEBUG] (              rpc.py: 406) Received record through <socket.socket fd=408, family=2, type=1, proto=0, laddr=('10.135.70.59', 52532), raddr=('10.135.70.65', 1000)>: bytearray(b'\x00\x00\x00\x16\x00\x00\x00\x01\x00\x00\x00\x00\x00\x00\x00\x00\x00\x00\x00\x00\x00\x00\x00\x00\x00\x00\x00\x00\x00\x00\x00\x08')
2025-02-03 17:43:44.693 [   DEBUG] (              rpc.py: 227) Make call 11, (1, 2000, 10000, 8, b'STYP 1\r\n'), <bound method Vxi11Packer.pack_device_write_parms of <pyvisa_py.protocols.vxi11.Vxi11Packer object at 0x00000260BABDD950>>, <bound method Vxi11Unpacker.unpack_device_write_resp of <pyvisa_py.protocols.vxi11.Vxi11Unpacker object at 0x00000260BABDD8D0>>
2025-02-03 17:43:44.693 [   DEBUG] (              rpc.py: 298) Sending record through <socket.socket fd=408, family=2, type=1, proto=0, laddr=('10.135.70.59', 52532), raddr=('10.135.70.65', 1000)>: b"\x00\x00\x00\x17\x00\x00\x00\x00\x00\x00\x00\x02\x00\x06\x07\xaf\x00\x00\x00\x01\x00\x00\x00\x0b\x00\x00\x00\x00\x00\x00\x00\x00\x00\x00\x00\x00\x00\x00\x00\x00\x00\x00\x00\x01\x00\x00\x07\xd0\x00\x00'\x10\x00\x00\x00\x08\x00\x00\x00\x08STYP 1\r\n"
2025-02-03 17:43:44.693 [   DEBUG] (              rpc.py: 499) RawTCPClient: procedure type 11
2025-02-03 17:43:44.693 [   DEBUG] (              rpc.py: 357) received b'\x80\x00\x00 '
2025-02-03 17:43:44.693 [   DEBUG] (              rpc.py: 357) received b'\x00\x00\x00\x17\x00\x00\x00\x01\x00\x00\x00\x00\x00\x00\x00\x00\x00\x00\x00\x00\x00\x00\x00\x00\x00\x00\x00\x00\x00\x00\x00\x08'
2025-02-03 17:43:44.693 [   DEBUG] (              rpc.py: 406) Received record through <socket.socket fd=408, family=2, type=1, proto=0, laddr=('10.135.70.59', 52532), raddr=('10.135.70.65', 1000)>: bytearray(b'\x00\x00\x00\x17\x00\x00\x00\x01\x00\x00\x00\x00\x00\x00\x00\x00\x00\x00\x00\x00\x00\x00\x00\x00\x00\x00\x00\x00\x00\x00\x00\x08')
2025-02-03 17:43:44.693 [   DEBUG] (              rpc.py: 227) Make call 11, (1, 2000, 10000, 8, b'QFNC 5\r\n'), <bound method Vxi11Packer.pack_device_write_parms of <pyvisa_py.protocols.vxi11.Vxi11Packer object at 0x00000260BABDD950>>, <bound method Vxi11Unpacker.unpack_device_write_resp of <pyvisa_py.protocols.vxi11.Vxi11Unpacker object at 0x00000260BABDD8D0>>
2025-02-03 17:43:44.693 [   DEBUG] (              rpc.py: 298) Sending record through <socket.socket fd=408, family=2, type=1, proto=0, laddr=('10.135.70.59', 52532), raddr=('10.135.70.65', 1000)>: b"\x00\x00\x00\x18\x00\x00\x00\x00\x00\x00\x00\x02\x00\x06\x07\xaf\x00\x00\x00\x01\x00\x00\x00\x0b\x00\x00\x00\x00\x00\x00\x00\x00\x00\x00\x00\x00\x00\x00\x00\x00\x00\x00\x00\x01\x00\x00\x07\xd0\x00\x00'\x10\x00\x00\x00\x08\x00\x00\x00\x08QFNC 5\r\n"
2025-02-03 17:43:44.693 [   DEBUG] (              rpc.py: 499) RawTCPClient: procedure type 11
2025-02-03 17:43:44.693 [   DEBUG] (              rpc.py: 357) received b'\x80\x00\x00 '
2025-02-03 17:43:44.693 [   DEBUG] (              rpc.py: 357) received b'\x00\x00\x00\x18\x00\x00\x00\x01\x00\x00\x00\x00\x00\x00\x00\x00\x00\x00\x00\x00\x00\x00\x00\x00\x00\x00\x00\x00\x00\x00\x00\x08'
2025-02-03 17:43:44.693 [   DEBUG] (              rpc.py: 406) Received record through <socket.socket fd=408, family=2, type=1, proto=0, laddr=('10.135.70.59', 52532), raddr=('10.135.70.65', 1000)>: bytearray(b'\x00\x00\x00\x18\x00\x00\x00\x01\x00\x00\x00\x00\x00\x00\x00\x00\x00\x00\x00\x00\x00\x00\x00\x00\x00\x00\x00\x00\x00\x00\x00\x08')
2025-02-03 17:43:44.693 [   DEBUG] (              rpc.py: 227) Make call 11, (1, 2000, 10000, 8, b'MODL 1\r\n'), <bound method Vxi11Packer.pack_device_write_parms of <pyvisa_py.protocols.vxi11.Vxi11Packer object at 0x00000260BABDD950>>, <bound method Vxi11Unpacker.unpack_device_write_resp of <pyvisa_py.protocols.vxi11.Vxi11Unpacker object at 0x00000260BABDD8D0>>
2025-02-03 17:43:44.693 [   DEBUG] (              rpc.py: 298) Sending record through <socket.socket fd=408, family=2, type=1, proto=0, laddr=('10.135.70.59', 52532), raddr=('10.135.70.65', 1000)>: b"\x00\x00\x00\x19\x00\x00\x00\x00\x00\x00\x00\x02\x00\x06\x07\xaf\x00\x00\x00\x01\x00\x00\x00\x0b\x00\x00\x00\x00\x00\x00\x00\x00\x00\x00\x00\x00\x00\x00\x00\x00\x00\x00\x00\x01\x00\x00\x07\xd0\x00\x00'\x10\x00\x00\x00\x08\x00\x00\x00\x08MODL 1\r\n"
2025-02-03 17:43:44.693 [   DEBUG] (              rpc.py: 499) RawTCPClient: procedure type 11
2025-02-03 17:43:44.693 [   DEBUG] (              rpc.py: 357) received b'\x80\x00\x00 '
2025-02-03 17:43:44.693 [   DEBUG] (              rpc.py: 357) received b'\x00\x00\x00\x19\x00\x00\x00\x01\x00\x00\x00\x00\x00\x00\x00\x00\x00\x00\x00\x00\x00\x00\x00\x00\x00\x00\x00\x00\x00\x00\x00\x08'
2025-02-03 17:43:44.693 [   DEBUG] (              rpc.py: 406) Received record through <socket.socket fd=408, family=2, type=1, proto=0, laddr=('10.135.70.59', 52532), raddr=('10.135.70.65', 1000)>: bytearray(b'\x00\x00\x00\x19\x00\x00\x00\x01\x00\x00\x00\x00\x00\x00\x00\x00\x00\x00\x00\x00\x00\x00\x00\x00\x00\x00\x00\x00\x00\x00\x00\x08')
2025-02-03 17:43:45.481 [   DEBUG] (              rpc.py: 227) Make call 11, (1, 2000, 10000, 8, b'ENBR1\r\n'), <bound method Vxi11Packer.pack_device_write_parms of <pyvisa_py.protocols.vxi11.Vxi11Packer object at 0x00000260BABDD950>>, <bound method Vxi11Unpacker.unpack_device_write_resp of <pyvisa_py.protocols.vxi11.Vxi11Unpacker object at 0x00000260BABDD8D0>>
2025-02-03 17:43:45.481 [   DEBUG] (              rpc.py: 298) Sending record through <socket.socket fd=408, family=2, type=1, proto=0, laddr=('10.135.70.59', 52532), raddr=('10.135.70.65', 1000)>: b"\x00\x00\x00\x1a\x00\x00\x00\x00\x00\x00\x00\x02\x00\x06\x07\xaf\x00\x00\x00\x01\x00\x00\x00\x0b\x00\x00\x00\x00\x00\x00\x00\x00\x00\x00\x00\x00\x00\x00\x00\x00\x00\x00\x00\x01\x00\x00\x07\xd0\x00\x00'\x10\x00\x00\x00\x08\x00\x00\x00\x07ENBR1\r\n\x00"
2025-02-03 17:43:45.481 [   DEBUG] (              rpc.py: 499) RawTCPClient: procedure type 11
2025-02-03 17:43:45.481 [   DEBUG] (              rpc.py: 357) received b'\x80\x00\x00 '
2025-02-03 17:43:45.481 [   DEBUG] (              rpc.py: 357) received b'\x00\x00\x00\x1a\x00\x00\x00\x01\x00\x00\x00\x00\x00\x00\x00\x00\x00\x00\x00\x00\x00\x00\x00\x00\x00\x00\x00\x00\x00\x00\x00\x07'
2025-02-03 17:43:45.481 [   DEBUG] (              rpc.py: 406) Received record through <socket.socket fd=408, family=2, type=1, proto=0, laddr=('10.135.70.59', 52532), raddr=('10.135.70.65', 1000)>: bytearray(b'\x00\x00\x00\x1a\x00\x00\x00\x01\x00\x00\x00\x00\x00\x00\x00\x00\x00\x00\x00\x00\x00\x00\x00\x00\x00\x00\x00\x00\x00\x00\x00\x07')
2025-02-03 17:43:45.481 [    INFO] (laser_driver_current.py:  95) Modulation state set to 'continuous'
2025-02-03 17:43:45.492 [    INFO] (laser_driver_current.py:  55) Analog control mode set to 'current'
2025-02-03 17:43:45.492 [    INFO] (laser_driver_current.py:  89) Laser diode current set to '110%'
2025-02-03 17:43:45.492 [ WARNING] (laser_driver_current.py:  40) Failed to set command 'CM=110'
2025-02-03 17:43:45.492 [ WARNING] (laser_driver_current.py:  41) Response from Device :'CM=110.00'
2025-02-03 17:43:45.502 [    INFO] (laser_driver_current.py: 105) Laser emission is ON
2025-02-03 17:43:49.534 [    INFO] (           server.py: 157) accepted ('127.0.0.1', 52906) with fd 6088
2025-02-03 17:43:49.545 [    INFO] (           server.py: 200) welcome ('127.0.0.1', 52906)
2025-02-03 17:43:49.545 [    INFO] (           server.py: 352) Client <rpyc.core.protocol.Connection 'conn22' object at 0x00000260E64573D0> connected.
2025-02-03 17:43:49.545 [    INFO] (laser_driver_current.py: 108) Laser emission is OFF
2025-02-03 17:43:49.545 [   DEBUG] (              rpc.py: 227) Make call 11, (1, 2000, 10000, 8, b'ENBR0\r\n'), <bound method Vxi11Packer.pack_device_write_parms of <pyvisa_py.protocols.vxi11.Vxi11Packer object at 0x00000260BABDD950>>, <bound method Vxi11Unpacker.unpack_device_write_resp of <pyvisa_py.protocols.vxi11.Vxi11Unpacker object at 0x00000260BABDD8D0>>
2025-02-03 17:43:49.545 [   DEBUG] (              rpc.py: 298) Sending record through <socket.socket fd=408, family=2, type=1, proto=0, laddr=('10.135.70.59', 52532), raddr=('10.135.70.65', 1000)>: b"\x00\x00\x00\x1b\x00\x00\x00\x00\x00\x00\x00\x02\x00\x06\x07\xaf\x00\x00\x00\x01\x00\x00\x00\x0b\x00\x00\x00\x00\x00\x00\x00\x00\x00\x00\x00\x00\x00\x00\x00\x00\x00\x00\x00\x01\x00\x00\x07\xd0\x00\x00'\x10\x00\x00\x00\x08\x00\x00\x00\x07ENBR0\r\n\x00"
2025-02-03 17:43:49.545 [   DEBUG] (              rpc.py: 499) RawTCPClient: procedure type 11
2025-02-03 17:43:49.545 [   DEBUG] (              rpc.py: 357) received b'\x80\x00\x00 '
2025-02-03 17:43:49.545 [   DEBUG] (              rpc.py: 357) received b'\x00\x00\x00\x1b\x00\x00\x00\x01\x00\x00\x00\x00\x00\x00\x00\x00\x00\x00\x00\x00\x00\x00\x00\x00\x00\x00\x00\x00\x00\x00\x00\x07'
2025-02-03 17:43:49.545 [   DEBUG] (              rpc.py: 406) Received record through <socket.socket fd=408, family=2, type=1, proto=0, laddr=('10.135.70.59', 52532), raddr=('10.135.70.65', 1000)>: bytearray(b'\x00\x00\x00\x1b\x00\x00\x00\x01\x00\x00\x00\x00\x00\x00\x00\x00\x00\x00\x00\x00\x00\x00\x00\x00\x00\x00\x00\x00\x00\x00\x00\x07')
2025-02-03 17:43:49.545 [   DEBUG] (              rpc.py: 227) Make call 11, (1, 2000, 10000, 8, b'MODL 0\r\n'), <bound method Vxi11Packer.pack_device_write_parms of <pyvisa_py.protocols.vxi11.Vxi11Packer object at 0x00000260BABDD950>>, <bound method Vxi11Unpacker.unpack_device_write_resp of <pyvisa_py.protocols.vxi11.Vxi11Unpacker object at 0x00000260BABDD8D0>>
2025-02-03 17:43:49.545 [   DEBUG] (              rpc.py: 298) Sending record through <socket.socket fd=408, family=2, type=1, proto=0, laddr=('10.135.70.59', 52532), raddr=('10.135.70.65', 1000)>: b"\x00\x00\x00\x1c\x00\x00\x00\x00\x00\x00\x00\x02\x00\x06\x07\xaf\x00\x00\x00\x01\x00\x00\x00\x0b\x00\x00\x00\x00\x00\x00\x00\x00\x00\x00\x00\x00\x00\x00\x00\x00\x00\x00\x00\x01\x00\x00\x07\xd0\x00\x00'\x10\x00\x00\x00\x08\x00\x00\x00\x08MODL 0\r\n"
2025-02-03 17:43:49.545 [   DEBUG] (              rpc.py: 499) RawTCPClient: procedure type 11
2025-02-03 17:43:49.555 [   DEBUG] (              rpc.py: 357) received b'\x80\x00\x00 '
2025-02-03 17:43:49.555 [   DEBUG] (              rpc.py: 357) received b'\x00\x00\x00\x1c\x00\x00\x00\x01\x00\x00\x00\x00\x00\x00\x00\x00\x00\x00\x00\x00\x00\x00\x00\x00\x00\x00\x00\x00\x00\x00\x00\x08'
2025-02-03 17:43:49.555 [   DEBUG] (              rpc.py: 406) Received record through <socket.socket fd=408, family=2, type=1, proto=0, laddr=('10.135.70.59', 52532), raddr=('10.135.70.65', 1000)>: bytearray(b'\x00\x00\x00\x1c\x00\x00\x00\x01\x00\x00\x00\x00\x00\x00\x00\x00\x00\x00\x00\x00\x00\x00\x00\x00\x00\x00\x00\x00\x00\x00\x00\x08')
2025-02-03 17:43:49.596 [    INFO] (           server.py: 356) Client <rpyc.core.protocol.Connection 'conn22' object at 0x00000260E64573D0> disconnected.
2025-02-03 17:43:49.596 [    INFO] (           server.py: 207) goodbye ('127.0.0.1', 52906)
2025-02-03 17:43:49.596 [    INFO] (           server.py: 356) Client <rpyc.core.protocol.Connection 'conn21' object at 0x00000260E64554D0> disconnected.
2025-02-03 17:43:49.596 [    INFO] (           server.py: 207) goodbye ('127.0.0.1', 52896)
2025-02-03 17:46:54.384 [    INFO] (           server.py: 157) accepted ('127.0.0.1', 52936) with fd 6036
2025-02-03 17:46:54.384 [    INFO] (           server.py: 200) welcome ('127.0.0.1', 52936)
2025-02-03 17:46:54.384 [    INFO] (           server.py: 352) Client <rpyc.core.protocol.Connection 'conn23' object at 0x00000260E65BDA10> connected.
2025-02-03 17:46:56.447 [   DEBUG] (              rpc.py: 227) Make call 11, (1, 2000, 10000, 8, b'FREQ2330000000.0\r\n'), <bound method Vxi11Packer.pack_device_write_parms of <pyvisa_py.protocols.vxi11.Vxi11Packer object at 0x00000260BABDD950>>, <bound method Vxi11Unpacker.unpack_device_write_resp of <pyvisa_py.protocols.vxi11.Vxi11Unpacker object at 0x00000260BABDD8D0>>
2025-02-03 17:46:56.447 [   DEBUG] (              rpc.py: 298) Sending record through <socket.socket fd=408, family=2, type=1, proto=0, laddr=('10.135.70.59', 52532), raddr=('10.135.70.65', 1000)>: b"\x00\x00\x00\x1d\x00\x00\x00\x00\x00\x00\x00\x02\x00\x06\x07\xaf\x00\x00\x00\x01\x00\x00\x00\x0b\x00\x00\x00\x00\x00\x00\x00\x00\x00\x00\x00\x00\x00\x00\x00\x00\x00\x00\x00\x01\x00\x00\x07\xd0\x00\x00'\x10\x00\x00\x00\x08\x00\x00\x00\x12FREQ2330000000.0\r\n\x00\x00"
2025-02-03 17:46:56.447 [   DEBUG] (              rpc.py: 499) RawTCPClient: procedure type 11
2025-02-03 17:46:56.448 [   DEBUG] (              rpc.py: 357) received b'\x80\x00\x00 '
2025-02-03 17:46:56.448 [   DEBUG] (              rpc.py: 357) received b'\x00\x00\x00\x1d\x00\x00\x00\x01\x00\x00\x00\x00\x00\x00\x00\x00\x00\x00\x00\x00\x00\x00\x00\x00\x00\x00\x00\x00\x00\x00\x00\x12'
2025-02-03 17:46:56.448 [   DEBUG] (              rpc.py: 406) Received record through <socket.socket fd=408, family=2, type=1, proto=0, laddr=('10.135.70.59', 52532), raddr=('10.135.70.65', 1000)>: bytearray(b'\x00\x00\x00\x1d\x00\x00\x00\x01\x00\x00\x00\x00\x00\x00\x00\x00\x00\x00\x00\x00\x00\x00\x00\x00\x00\x00\x00\x00\x00\x00\x00\x12')
2025-02-03 17:46:56.448 [    INFO] (sg396_driver_current.py: 234) Set frequency to 2330000000.0 Hz
2025-02-03 17:46:56.448 [   DEBUG] (              rpc.py: 227) Make call 11, (1, 2000, 10000, 8, b'AMPR-10.0\r\n'), <bound method Vxi11Packer.pack_device_write_parms of <pyvisa_py.protocols.vxi11.Vxi11Packer object at 0x00000260BABDD950>>, <bound method Vxi11Unpacker.unpack_device_write_resp of <pyvisa_py.protocols.vxi11.Vxi11Unpacker object at 0x00000260BABDD8D0>>
2025-02-03 17:46:56.448 [   DEBUG] (              rpc.py: 298) Sending record through <socket.socket fd=408, family=2, type=1, proto=0, laddr=('10.135.70.59', 52532), raddr=('10.135.70.65', 1000)>: b"\x00\x00\x00\x1e\x00\x00\x00\x00\x00\x00\x00\x02\x00\x06\x07\xaf\x00\x00\x00\x01\x00\x00\x00\x0b\x00\x00\x00\x00\x00\x00\x00\x00\x00\x00\x00\x00\x00\x00\x00\x00\x00\x00\x00\x01\x00\x00\x07\xd0\x00\x00'\x10\x00\x00\x00\x08\x00\x00\x00\x0bAMPR-10.0\r\n\x00"
2025-02-03 17:46:56.448 [   DEBUG] (              rpc.py: 499) RawTCPClient: procedure type 11
2025-02-03 17:46:56.448 [   DEBUG] (              rpc.py: 357) received b'\x80\x00\x00 '
2025-02-03 17:46:56.448 [   DEBUG] (              rpc.py: 357) received b'\x00\x00\x00\x1e\x00\x00\x00\x01\x00\x00\x00\x00\x00\x00\x00\x00\x00\x00\x00\x00\x00\x00\x00\x00\x00\x00\x00\x00\x00\x00\x00\x0b'
2025-02-03 17:46:56.448 [   DEBUG] (              rpc.py: 406) Received record through <socket.socket fd=408, family=2, type=1, proto=0, laddr=('10.135.70.59', 52532), raddr=('10.135.70.65', 1000)>: bytearray(b'\x00\x00\x00\x1e\x00\x00\x00\x01\x00\x00\x00\x00\x00\x00\x00\x00\x00\x00\x00\x00\x00\x00\x00\x00\x00\x00\x00\x00\x00\x00\x00\x0b')
2025-02-03 17:46:56.448 [   DEBUG] (              rpc.py: 227) Make call 11, (1, 2000, 10000, 8, b'TYPE 7\r\n'), <bound method Vxi11Packer.pack_device_write_parms of <pyvisa_py.protocols.vxi11.Vxi11Packer object at 0x00000260BABDD950>>, <bound method Vxi11Unpacker.unpack_device_write_resp of <pyvisa_py.protocols.vxi11.Vxi11Unpacker object at 0x00000260BABDD8D0>>
2025-02-03 17:46:56.448 [   DEBUG] (              rpc.py: 298) Sending record through <socket.socket fd=408, family=2, type=1, proto=0, laddr=('10.135.70.59', 52532), raddr=('10.135.70.65', 1000)>: b"\x00\x00\x00\x1f\x00\x00\x00\x00\x00\x00\x00\x02\x00\x06\x07\xaf\x00\x00\x00\x01\x00\x00\x00\x0b\x00\x00\x00\x00\x00\x00\x00\x00\x00\x00\x00\x00\x00\x00\x00\x00\x00\x00\x00\x01\x00\x00\x07\xd0\x00\x00'\x10\x00\x00\x00\x08\x00\x00\x00\x08TYPE 7\r\n"
2025-02-03 17:46:56.448 [   DEBUG] (              rpc.py: 499) RawTCPClient: procedure type 11
2025-02-03 17:46:56.448 [   DEBUG] (              rpc.py: 357) received b'\x80\x00\x00 '
2025-02-03 17:46:56.448 [   DEBUG] (              rpc.py: 357) received b'\x00\x00\x00\x1f\x00\x00\x00\x01\x00\x00\x00\x00\x00\x00\x00\x00\x00\x00\x00\x00\x00\x00\x00\x00\x00\x00\x00\x00\x00\x00\x00\x08'
2025-02-03 17:46:56.448 [   DEBUG] (              rpc.py: 406) Received record through <socket.socket fd=408, family=2, type=1, proto=0, laddr=('10.135.70.59', 52532), raddr=('10.135.70.65', 1000)>: bytearray(b'\x00\x00\x00\x1f\x00\x00\x00\x01\x00\x00\x00\x00\x00\x00\x00\x00\x00\x00\x00\x00\x00\x00\x00\x00\x00\x00\x00\x00\x00\x00\x00\x08')
2025-02-03 17:46:56.448 [   DEBUG] (              rpc.py: 227) Make call 11, (1, 2000, 10000, 8, b'STYP 1\r\n'), <bound method Vxi11Packer.pack_device_write_parms of <pyvisa_py.protocols.vxi11.Vxi11Packer object at 0x00000260BABDD950>>, <bound method Vxi11Unpacker.unpack_device_write_resp of <pyvisa_py.protocols.vxi11.Vxi11Unpacker object at 0x00000260BABDD8D0>>
2025-02-03 17:46:56.448 [   DEBUG] (              rpc.py: 298) Sending record through <socket.socket fd=408, family=2, type=1, proto=0, laddr=('10.135.70.59', 52532), raddr=('10.135.70.65', 1000)>: b"\x00\x00\x00 \x00\x00\x00\x00\x00\x00\x00\x02\x00\x06\x07\xaf\x00\x00\x00\x01\x00\x00\x00\x0b\x00\x00\x00\x00\x00\x00\x00\x00\x00\x00\x00\x00\x00\x00\x00\x00\x00\x00\x00\x01\x00\x00\x07\xd0\x00\x00'\x10\x00\x00\x00\x08\x00\x00\x00\x08STYP 1\r\n"
2025-02-03 17:46:56.456 [   DEBUG] (              rpc.py: 499) RawTCPClient: procedure type 11
2025-02-03 17:46:56.457 [   DEBUG] (              rpc.py: 357) received b'\x80\x00\x00 '
2025-02-03 17:46:56.457 [   DEBUG] (              rpc.py: 357) received b'\x00\x00\x00 \x00\x00\x00\x01\x00\x00\x00\x00\x00\x00\x00\x00\x00\x00\x00\x00\x00\x00\x00\x00\x00\x00\x00\x00\x00\x00\x00\x08'
2025-02-03 17:46:56.457 [   DEBUG] (              rpc.py: 406) Received record through <socket.socket fd=408, family=2, type=1, proto=0, laddr=('10.135.70.59', 52532), raddr=('10.135.70.65', 1000)>: bytearray(b'\x00\x00\x00 \x00\x00\x00\x01\x00\x00\x00\x00\x00\x00\x00\x00\x00\x00\x00\x00\x00\x00\x00\x00\x00\x00\x00\x00\x00\x00\x00\x08')
2025-02-03 17:46:56.457 [   DEBUG] (              rpc.py: 227) Make call 11, (1, 2000, 10000, 8, b'QFNC 5\r\n'), <bound method Vxi11Packer.pack_device_write_parms of <pyvisa_py.protocols.vxi11.Vxi11Packer object at 0x00000260BABDD950>>, <bound method Vxi11Unpacker.unpack_device_write_resp of <pyvisa_py.protocols.vxi11.Vxi11Unpacker object at 0x00000260BABDD8D0>>
2025-02-03 17:46:56.457 [   DEBUG] (              rpc.py: 298) Sending record through <socket.socket fd=408, family=2, type=1, proto=0, laddr=('10.135.70.59', 52532), raddr=('10.135.70.65', 1000)>: b"\x00\x00\x00!\x00\x00\x00\x00\x00\x00\x00\x02\x00\x06\x07\xaf\x00\x00\x00\x01\x00\x00\x00\x0b\x00\x00\x00\x00\x00\x00\x00\x00\x00\x00\x00\x00\x00\x00\x00\x00\x00\x00\x00\x01\x00\x00\x07\xd0\x00\x00'\x10\x00\x00\x00\x08\x00\x00\x00\x08QFNC 5\r\n"
2025-02-03 17:46:56.457 [   DEBUG] (              rpc.py: 499) RawTCPClient: procedure type 11
2025-02-03 17:46:56.457 [   DEBUG] (              rpc.py: 357) received b'\x80\x00\x00 '
2025-02-03 17:46:56.457 [   DEBUG] (              rpc.py: 357) received b'\x00\x00\x00!\x00\x00\x00\x01\x00\x00\x00\x00\x00\x00\x00\x00\x00\x00\x00\x00\x00\x00\x00\x00\x00\x00\x00\x00\x00\x00\x00\x08'
2025-02-03 17:46:56.457 [   DEBUG] (              rpc.py: 406) Received record through <socket.socket fd=408, family=2, type=1, proto=0, laddr=('10.135.70.59', 52532), raddr=('10.135.70.65', 1000)>: bytearray(b'\x00\x00\x00!\x00\x00\x00\x01\x00\x00\x00\x00\x00\x00\x00\x00\x00\x00\x00\x00\x00\x00\x00\x00\x00\x00\x00\x00\x00\x00\x00\x08')
2025-02-03 17:46:56.457 [   DEBUG] (              rpc.py: 227) Make call 11, (1, 2000, 10000, 8, b'MODL 1\r\n'), <bound method Vxi11Packer.pack_device_write_parms of <pyvisa_py.protocols.vxi11.Vxi11Packer object at 0x00000260BABDD950>>, <bound method Vxi11Unpacker.unpack_device_write_resp of <pyvisa_py.protocols.vxi11.Vxi11Unpacker object at 0x00000260BABDD8D0>>
2025-02-03 17:46:56.457 [   DEBUG] (              rpc.py: 298) Sending record through <socket.socket fd=408, family=2, type=1, proto=0, laddr=('10.135.70.59', 52532), raddr=('10.135.70.65', 1000)>: b'\x00\x00\x00"\x00\x00\x00\x00\x00\x00\x00\x02\x00\x06\x07\xaf\x00\x00\x00\x01\x00\x00\x00\x0b\x00\x00\x00\x00\x00\x00\x00\x00\x00\x00\x00\x00\x00\x00\x00\x00\x00\x00\x00\x01\x00\x00\x07\xd0\x00\x00\'\x10\x00\x00\x00\x08\x00\x00\x00\x08MODL 1\r\n'
2025-02-03 17:46:56.457 [   DEBUG] (              rpc.py: 499) RawTCPClient: procedure type 11
2025-02-03 17:46:56.457 [   DEBUG] (              rpc.py: 357) received b'\x80\x00\x00 '
2025-02-03 17:46:56.457 [   DEBUG] (              rpc.py: 357) received b'\x00\x00\x00"\x00\x00\x00\x01\x00\x00\x00\x00\x00\x00\x00\x00\x00\x00\x00\x00\x00\x00\x00\x00\x00\x00\x00\x00\x00\x00\x00\x08'
2025-02-03 17:46:56.457 [   DEBUG] (              rpc.py: 406) Received record through <socket.socket fd=408, family=2, type=1, proto=0, laddr=('10.135.70.59', 52532), raddr=('10.135.70.65', 1000)>: bytearray(b'\x00\x00\x00"\x00\x00\x00\x01\x00\x00\x00\x00\x00\x00\x00\x00\x00\x00\x00\x00\x00\x00\x00\x00\x00\x00\x00\x00\x00\x00\x00\x08')
2025-02-03 17:46:57.251 [   DEBUG] (              rpc.py: 227) Make call 11, (1, 2000, 10000, 8, b'ENBR1\r\n'), <bound method Vxi11Packer.pack_device_write_parms of <pyvisa_py.protocols.vxi11.Vxi11Packer object at 0x00000260BABDD950>>, <bound method Vxi11Unpacker.unpack_device_write_resp of <pyvisa_py.protocols.vxi11.Vxi11Unpacker object at 0x00000260BABDD8D0>>
2025-02-03 17:46:57.251 [   DEBUG] (              rpc.py: 298) Sending record through <socket.socket fd=408, family=2, type=1, proto=0, laddr=('10.135.70.59', 52532), raddr=('10.135.70.65', 1000)>: b"\x00\x00\x00#\x00\x00\x00\x00\x00\x00\x00\x02\x00\x06\x07\xaf\x00\x00\x00\x01\x00\x00\x00\x0b\x00\x00\x00\x00\x00\x00\x00\x00\x00\x00\x00\x00\x00\x00\x00\x00\x00\x00\x00\x01\x00\x00\x07\xd0\x00\x00'\x10\x00\x00\x00\x08\x00\x00\x00\x07ENBR1\r\n\x00"
2025-02-03 17:46:57.251 [   DEBUG] (              rpc.py: 499) RawTCPClient: procedure type 11
2025-02-03 17:46:57.251 [   DEBUG] (              rpc.py: 357) received b'\x80\x00\x00 '
2025-02-03 17:46:57.251 [   DEBUG] (              rpc.py: 357) received b'\x00\x00\x00#\x00\x00\x00\x01\x00\x00\x00\x00\x00\x00\x00\x00\x00\x00\x00\x00\x00\x00\x00\x00\x00\x00\x00\x00\x00\x00\x00\x07'
2025-02-03 17:46:57.251 [   DEBUG] (              rpc.py: 406) Received record through <socket.socket fd=408, family=2, type=1, proto=0, laddr=('10.135.70.59', 52532), raddr=('10.135.70.65', 1000)>: bytearray(b'\x00\x00\x00#\x00\x00\x00\x01\x00\x00\x00\x00\x00\x00\x00\x00\x00\x00\x00\x00\x00\x00\x00\x00\x00\x00\x00\x00\x00\x00\x00\x07')
2025-02-03 17:46:57.251 [    INFO] (laser_driver_current.py:  95) Modulation state set to 'continuous'
2025-02-03 17:46:57.251 [    INFO] (laser_driver_current.py:  55) Analog control mode set to 'current'
2025-02-03 17:46:57.261 [    INFO] (laser_driver_current.py:  89) Laser diode current set to '110%'
2025-02-03 17:46:57.261 [ WARNING] (laser_driver_current.py:  40) Failed to set command 'CM=110'
2025-02-03 17:46:57.261 [ WARNING] (laser_driver_current.py:  41) Response from Device :'CM=110.00'
2025-02-03 17:46:57.261 [    INFO] (laser_driver_current.py: 105) Laser emission is ON
2025-02-03 17:47:04.430 [    INFO] (           server.py: 157) accepted ('127.0.0.1', 52946) with fd 5480
2025-02-03 17:47:04.430 [    INFO] (           server.py: 200) welcome ('127.0.0.1', 52946)
2025-02-03 17:47:04.430 [    INFO] (           server.py: 352) Client <rpyc.core.protocol.Connection 'conn24' object at 0x00000260E6653810> connected.
2025-02-03 17:47:04.440 [    INFO] (laser_driver_current.py: 108) Laser emission is OFF
2025-02-03 17:47:04.444 [   DEBUG] (              rpc.py: 227) Make call 11, (1, 2000, 10000, 8, b'ENBR0\r\n'), <bound method Vxi11Packer.pack_device_write_parms of <pyvisa_py.protocols.vxi11.Vxi11Packer object at 0x00000260BABDD950>>, <bound method Vxi11Unpacker.unpack_device_write_resp of <pyvisa_py.protocols.vxi11.Vxi11Unpacker object at 0x00000260BABDD8D0>>
2025-02-03 17:47:04.444 [   DEBUG] (              rpc.py: 298) Sending record through <socket.socket fd=408, family=2, type=1, proto=0, laddr=('10.135.70.59', 52532), raddr=('10.135.70.65', 1000)>: b"\x00\x00\x00$\x00\x00\x00\x00\x00\x00\x00\x02\x00\x06\x07\xaf\x00\x00\x00\x01\x00\x00\x00\x0b\x00\x00\x00\x00\x00\x00\x00\x00\x00\x00\x00\x00\x00\x00\x00\x00\x00\x00\x00\x01\x00\x00\x07\xd0\x00\x00'\x10\x00\x00\x00\x08\x00\x00\x00\x07ENBR0\r\n\x00"
2025-02-03 17:47:04.444 [   DEBUG] (              rpc.py: 499) RawTCPClient: procedure type 11
2025-02-03 17:47:04.444 [   DEBUG] (              rpc.py: 357) received b'\x80\x00\x00 '
2025-02-03 17:47:04.444 [   DEBUG] (              rpc.py: 357) received b'\x00\x00\x00$\x00\x00\x00\x01\x00\x00\x00\x00\x00\x00\x00\x00\x00\x00\x00\x00\x00\x00\x00\x00\x00\x00\x00\x00\x00\x00\x00\x07'
2025-02-03 17:47:04.444 [   DEBUG] (              rpc.py: 406) Received record through <socket.socket fd=408, family=2, type=1, proto=0, laddr=('10.135.70.59', 52532), raddr=('10.135.70.65', 1000)>: bytearray(b'\x00\x00\x00$\x00\x00\x00\x01\x00\x00\x00\x00\x00\x00\x00\x00\x00\x00\x00\x00\x00\x00\x00\x00\x00\x00\x00\x00\x00\x00\x00\x07')
2025-02-03 17:47:04.444 [   DEBUG] (              rpc.py: 227) Make call 11, (1, 2000, 10000, 8, b'MODL 0\r\n'), <bound method Vxi11Packer.pack_device_write_parms of <pyvisa_py.protocols.vxi11.Vxi11Packer object at 0x00000260BABDD950>>, <bound method Vxi11Unpacker.unpack_device_write_resp of <pyvisa_py.protocols.vxi11.Vxi11Unpacker object at 0x00000260BABDD8D0>>
2025-02-03 17:47:04.444 [   DEBUG] (              rpc.py: 298) Sending record through <socket.socket fd=408, family=2, type=1, proto=0, laddr=('10.135.70.59', 52532), raddr=('10.135.70.65', 1000)>: b"\x00\x00\x00%\x00\x00\x00\x00\x00\x00\x00\x02\x00\x06\x07\xaf\x00\x00\x00\x01\x00\x00\x00\x0b\x00\x00\x00\x00\x00\x00\x00\x00\x00\x00\x00\x00\x00\x00\x00\x00\x00\x00\x00\x01\x00\x00\x07\xd0\x00\x00'\x10\x00\x00\x00\x08\x00\x00\x00\x08MODL 0\r\n"
2025-02-03 17:47:04.444 [   DEBUG] (              rpc.py: 499) RawTCPClient: procedure type 11
2025-02-03 17:47:04.450 [   DEBUG] (              rpc.py: 357) received b'\x80\x00\x00 '
2025-02-03 17:47:04.450 [   DEBUG] (              rpc.py: 357) received b'\x00\x00\x00%\x00\x00\x00\x01\x00\x00\x00\x00\x00\x00\x00\x00\x00\x00\x00\x00\x00\x00\x00\x00\x00\x00\x00\x00\x00\x00\x00\x08'
2025-02-03 17:47:04.450 [   DEBUG] (              rpc.py: 406) Received record through <socket.socket fd=408, family=2, type=1, proto=0, laddr=('10.135.70.59', 52532), raddr=('10.135.70.65', 1000)>: bytearray(b'\x00\x00\x00%\x00\x00\x00\x01\x00\x00\x00\x00\x00\x00\x00\x00\x00\x00\x00\x00\x00\x00\x00\x00\x00\x00\x00\x00\x00\x00\x00\x08')
2025-02-03 17:47:04.491 [    INFO] (           server.py: 356) Client <rpyc.core.protocol.Connection 'conn24' object at 0x00000260E6653810> disconnected.
2025-02-03 17:47:04.491 [    INFO] (           server.py: 207) goodbye ('127.0.0.1', 52946)
2025-02-03 17:47:04.491 [    INFO] (           server.py: 356) Client <rpyc.core.protocol.Connection 'conn23' object at 0x00000260E65BDA10> disconnected.
2025-02-03 17:47:04.491 [    INFO] (           server.py: 207) goodbye ('127.0.0.1', 52936)
2025-02-03 17:50:48.877 [    INFO] (           server.py: 157) accepted ('127.0.0.1', 52974) with fd 5376
2025-02-03 17:50:48.877 [    INFO] (           server.py: 200) welcome ('127.0.0.1', 52974)
2025-02-03 17:50:48.877 [    INFO] (           server.py: 352) Client <rpyc.core.protocol.Connection 'conn25' object at 0x00000260E65F3150> connected.
2025-02-03 17:51:03.412 [    INFO] (           server.py: 157) accepted ('127.0.0.1', 52985) with fd 5536
2025-02-03 17:51:03.412 [    INFO] (           server.py: 200) welcome ('127.0.0.1', 52985)
2025-02-03 17:51:03.423 [    INFO] (           server.py: 352) Client <rpyc.core.protocol.Connection 'conn26' object at 0x00000260DCBEDBD0> connected.
2025-02-03 17:51:03.423 [    INFO] (nnmr_stagecontrol_zaber_current.py:  67) Parking Zaber stages...
2025-02-03 17:51:04.031 [    INFO] (nnmr_stagecontrol_zaber_current.py:  72) Zaber stages parked (inactive).
2025-02-03 17:51:04.034 [    INFO] (           server.py: 356) Client <rpyc.core.protocol.Connection 'conn26' object at 0x00000260DCBEDBD0> disconnected.
2025-02-03 17:51:04.034 [    INFO] (           server.py: 207) goodbye ('127.0.0.1', 52985)
2025-02-03 17:51:25.526 [    INFO] (           server.py: 157) accepted ('127.0.0.1', 52988) with fd 5364
2025-02-03 17:51:25.526 [    INFO] (           server.py: 200) welcome ('127.0.0.1', 52988)
2025-02-03 17:51:25.536 [    INFO] (           server.py: 352) Client <rpyc.core.protocol.Connection 'conn27' object at 0x00000260DCBEFFD0> connected.
2025-02-03 17:51:25.536 [    INFO] (           server.py: 356) Client <rpyc.core.protocol.Connection 'conn27' object at 0x00000260DCBEFFD0> disconnected.
2025-02-03 17:51:25.536 [    INFO] (           server.py: 207) goodbye ('127.0.0.1', 52988)
2025-02-03 17:51:26.390 [    INFO] (           server.py: 157) accepted ('127.0.0.1', 52989) with fd 5180
2025-02-03 17:51:26.390 [    INFO] (           server.py: 200) welcome ('127.0.0.1', 52989)
2025-02-03 17:51:26.390 [    INFO] (           server.py: 352) Client <rpyc.core.protocol.Connection 'conn28' object at 0x00000260E663CFD0> connected.
2025-02-03 17:51:26.417 [    INFO] (laser_driver_current.py:  89) Laser diode current set to '2%'
2025-02-03 17:51:26.417 [ WARNING] (laser_driver_current.py:  40) Failed to set command 'CM=2'
2025-02-03 17:51:26.417 [ WARNING] (laser_driver_current.py:  41) Response from Device :'CM=2.00'
2025-02-03 17:51:26.417 [    INFO] (           server.py: 356) Client <rpyc.core.protocol.Connection 'conn28' object at 0x00000260E663CFD0> disconnected.
2025-02-03 17:51:26.417 [    INFO] (           server.py: 207) goodbye ('127.0.0.1', 52989)
2025-02-03 17:51:26.417 [    INFO] (           server.py: 157) accepted ('127.0.0.1', 52990) with fd 5244
2025-02-03 17:51:26.417 [    INFO] (           server.py: 200) welcome ('127.0.0.1', 52990)
2025-02-03 17:51:26.417 [    INFO] (           server.py: 352) Client <rpyc.core.protocol.Connection 'conn29' object at 0x00000260DCBEF050> connected.
2025-02-03 17:51:26.427 [    INFO] (laser_driver_current.py:  89) Laser diode current set to '10%'
2025-02-03 17:51:26.429 [ WARNING] (laser_driver_current.py:  40) Failed to set command 'CM=10'
2025-02-03 17:51:26.429 [ WARNING] (laser_driver_current.py:  41) Response from Device :'CM=10.00'
2025-02-03 17:51:26.429 [    INFO] (           server.py: 356) Client <rpyc.core.protocol.Connection 'conn29' object at 0x00000260DCBEF050> disconnected.
2025-02-03 17:51:26.429 [    INFO] (           server.py: 207) goodbye ('127.0.0.1', 52990)
2025-02-03 17:51:26.429 [    INFO] (           server.py: 157) accepted ('127.0.0.1', 52991) with fd 5180
2025-02-03 17:51:26.429 [    INFO] (           server.py: 200) welcome ('127.0.0.1', 52991)
2025-02-03 17:51:26.429 [    INFO] (           server.py: 352) Client <rpyc.core.protocol.Connection 'conn30' object at 0x00000260E65E2A90> connected.
2025-02-03 17:51:26.447 [    INFO] (laser_driver_current.py:  89) Laser diode current set to '13%'
2025-02-03 17:51:26.447 [ WARNING] (laser_driver_current.py:  40) Failed to set command 'CM=13'
2025-02-03 17:51:26.447 [ WARNING] (laser_driver_current.py:  41) Response from Device :'CM=13.00'
2025-02-03 17:51:26.447 [    INFO] (           server.py: 356) Client <rpyc.core.protocol.Connection 'conn30' object at 0x00000260E65E2A90> disconnected.
2025-02-03 17:51:26.447 [    INFO] (           server.py: 207) goodbye ('127.0.0.1', 52991)
2025-02-03 17:51:26.447 [    INFO] (           server.py: 157) accepted ('127.0.0.1', 52992) with fd 5180
2025-02-03 17:51:26.447 [    INFO] (           server.py: 200) welcome ('127.0.0.1', 52992)
2025-02-03 17:51:26.447 [    INFO] (           server.py: 352) Client <rpyc.core.protocol.Connection 'conn31' object at 0x00000260E6639D10> connected.
2025-02-03 17:51:26.447 [    INFO] (laser_driver_current.py:  89) Laser diode current set to '22%'
2025-02-03 17:51:26.447 [ WARNING] (laser_driver_current.py:  40) Failed to set command 'CM=22'
2025-02-03 17:51:26.447 [ WARNING] (laser_driver_current.py:  41) Response from Device :'CM=22.00'
2025-02-03 17:51:26.457 [    INFO] (           server.py: 356) Client <rpyc.core.protocol.Connection 'conn31' object at 0x00000260E6639D10> disconnected.
2025-02-03 17:51:26.457 [    INFO] (           server.py: 207) goodbye ('127.0.0.1', 52992)
2025-02-03 17:51:26.487 [    INFO] (           server.py: 157) accepted ('127.0.0.1', 52993) with fd 5180
2025-02-03 17:51:26.487 [    INFO] (           server.py: 200) welcome ('127.0.0.1', 52993)
2025-02-03 17:51:26.487 [    INFO] (           server.py: 352) Client <rpyc.core.protocol.Connection 'conn32' object at 0x00000260E6638A50> connected.
2025-02-03 17:51:26.487 [    INFO] (laser_driver_current.py:  89) Laser diode current set to '31%'
2025-02-03 17:51:26.487 [ WARNING] (laser_driver_current.py:  40) Failed to set command 'CM=31'
2025-02-03 17:51:26.487 [ WARNING] (laser_driver_current.py:  41) Response from Device :'CM=31.00'
2025-02-03 17:51:26.487 [    INFO] (           server.py: 356) Client <rpyc.core.protocol.Connection 'conn32' object at 0x00000260E6638A50> disconnected.
2025-02-03 17:51:26.487 [    INFO] (           server.py: 207) goodbye ('127.0.0.1', 52993)
2025-02-03 17:51:26.508 [    INFO] (           server.py: 157) accepted ('127.0.0.1', 52994) with fd 6188
2025-02-03 17:51:26.508 [    INFO] (           server.py: 200) welcome ('127.0.0.1', 52994)
2025-02-03 17:51:26.508 [    INFO] (           server.py: 352) Client <rpyc.core.protocol.Connection 'conn33' object at 0x00000260E65DC590> connected.
2025-02-03 17:51:26.518 [    INFO] (laser_driver_current.py:  89) Laser diode current set to '36%'
2025-02-03 17:51:26.518 [ WARNING] (laser_driver_current.py:  40) Failed to set command 'CM=36'
2025-02-03 17:51:26.518 [ WARNING] (laser_driver_current.py:  41) Response from Device :'CM=36.00'
2025-02-03 17:51:26.518 [    INFO] (           server.py: 356) Client <rpyc.core.protocol.Connection 'conn33' object at 0x00000260E65DC590> disconnected.
2025-02-03 17:51:26.518 [    INFO] (           server.py: 207) goodbye ('127.0.0.1', 52994)
2025-02-03 17:51:26.518 [    INFO] (           server.py: 157) accepted ('127.0.0.1', 52995) with fd 6188
2025-02-03 17:51:26.518 [    INFO] (           server.py: 200) welcome ('127.0.0.1', 52995)
2025-02-03 17:51:26.518 [    INFO] (           server.py: 352) Client <rpyc.core.protocol.Connection 'conn34' object at 0x00000260E65DC650> connected.
2025-02-03 17:51:26.528 [    INFO] (laser_driver_current.py:  89) Laser diode current set to '42%'
2025-02-03 17:51:26.528 [ WARNING] (laser_driver_current.py:  40) Failed to set command 'CM=42'
2025-02-03 17:51:26.528 [ WARNING] (laser_driver_current.py:  41) Response from Device :'CM=42.00'
2025-02-03 17:51:26.528 [    INFO] (           server.py: 356) Client <rpyc.core.protocol.Connection 'conn34' object at 0x00000260E65DC650> disconnected.
2025-02-03 17:51:26.528 [    INFO] (           server.py: 207) goodbye ('127.0.0.1', 52995)
2025-02-03 17:51:26.528 [    INFO] (           server.py: 157) accepted ('127.0.0.1', 52996) with fd 6256
2025-02-03 17:51:26.528 [    INFO] (           server.py: 200) welcome ('127.0.0.1', 52996)
2025-02-03 17:51:26.528 [    INFO] (           server.py: 352) Client <rpyc.core.protocol.Connection 'conn35' object at 0x00000260E65DD5D0> connected.
2025-02-03 17:51:26.538 [    INFO] (laser_driver_current.py:  89) Laser diode current set to '43%'
2025-02-03 17:51:26.538 [ WARNING] (laser_driver_current.py:  40) Failed to set command 'CM=43'
2025-02-03 17:51:26.538 [ WARNING] (laser_driver_current.py:  41) Response from Device :'CM=43.00'
2025-02-03 17:51:26.538 [    INFO] (           server.py: 356) Client <rpyc.core.protocol.Connection 'conn35' object at 0x00000260E65DD5D0> disconnected.
2025-02-03 17:51:26.538 [    INFO] (           server.py: 207) goodbye ('127.0.0.1', 52996)
2025-02-03 17:51:26.538 [    INFO] (           server.py: 157) accepted ('127.0.0.1', 52997) with fd 6256
2025-02-03 17:51:26.538 [    INFO] (           server.py: 200) welcome ('127.0.0.1', 52997)
2025-02-03 17:51:26.538 [    INFO] (           server.py: 352) Client <rpyc.core.protocol.Connection 'conn36' object at 0x00000260E6639B90> connected.
2025-02-03 17:51:26.548 [    INFO] (laser_driver_current.py:  89) Laser diode current set to '44%'
2025-02-03 17:51:26.548 [ WARNING] (laser_driver_current.py:  40) Failed to set command 'CM=44'
2025-02-03 17:51:26.548 [ WARNING] (laser_driver_current.py:  41) Response from Device :'CM=44.00'
2025-02-03 17:51:26.548 [    INFO] (           server.py: 356) Client <rpyc.core.protocol.Connection 'conn36' object at 0x00000260E6639B90> disconnected.
2025-02-03 17:51:26.548 [    INFO] (           server.py: 207) goodbye ('127.0.0.1', 52997)
2025-02-03 17:51:26.548 [    INFO] (           server.py: 157) accepted ('127.0.0.1', 52998) with fd 6256
2025-02-03 17:51:26.548 [    INFO] (           server.py: 200) welcome ('127.0.0.1', 52998)
2025-02-03 17:51:26.548 [    INFO] (           server.py: 352) Client <rpyc.core.protocol.Connection 'conn37' object at 0x00000260E664D590> connected.
2025-02-03 17:51:26.559 [    INFO] (laser_driver_current.py:  89) Laser diode current set to '46%'
2025-02-03 17:51:26.559 [ WARNING] (laser_driver_current.py:  40) Failed to set command 'CM=46'
2025-02-03 17:51:26.559 [ WARNING] (laser_driver_current.py:  41) Response from Device :'CM=46.00'
2025-02-03 17:51:26.559 [    INFO] (           server.py: 356) Client <rpyc.core.protocol.Connection 'conn37' object at 0x00000260E664D590> disconnected.
2025-02-03 17:51:26.559 [    INFO] (           server.py: 207) goodbye ('127.0.0.1', 52998)
2025-02-03 17:51:26.559 [    INFO] (           server.py: 157) accepted ('127.0.0.1', 52999) with fd 6256
2025-02-03 17:51:26.559 [    INFO] (           server.py: 200) welcome ('127.0.0.1', 52999)
2025-02-03 17:51:26.559 [    INFO] (           server.py: 352) Client <rpyc.core.protocol.Connection 'conn38' object at 0x00000260E65F1C90> connected.
2025-02-03 17:51:26.569 [    INFO] (laser_driver_current.py:  89) Laser diode current set to '47%'
2025-02-03 17:51:26.569 [ WARNING] (laser_driver_current.py:  40) Failed to set command 'CM=47'
2025-02-03 17:51:26.569 [ WARNING] (laser_driver_current.py:  41) Response from Device :'CM=47.00'
2025-02-03 17:51:26.569 [    INFO] (           server.py: 356) Client <rpyc.core.protocol.Connection 'conn38' object at 0x00000260E65F1C90> disconnected.
2025-02-03 17:51:26.569 [    INFO] (           server.py: 207) goodbye ('127.0.0.1', 52999)
2025-02-03 17:51:26.569 [    INFO] (           server.py: 157) accepted ('127.0.0.1', 53000) with fd 6124
2025-02-03 17:51:26.569 [    INFO] (           server.py: 200) welcome ('127.0.0.1', 53000)
2025-02-03 17:51:26.569 [    INFO] (           server.py: 352) Client <rpyc.core.protocol.Connection 'conn39' object at 0x00000260E6652C50> connected.
2025-02-03 17:51:26.579 [    INFO] (laser_driver_current.py:  89) Laser diode current set to '48%'
2025-02-03 17:51:26.579 [ WARNING] (laser_driver_current.py:  40) Failed to set command 'CM=48'
2025-02-03 17:51:26.579 [ WARNING] (laser_driver_current.py:  41) Response from Device :'CM=48.00'
2025-02-03 17:51:26.579 [    INFO] (           server.py: 356) Client <rpyc.core.protocol.Connection 'conn39' object at 0x00000260E6652C50> disconnected.
2025-02-03 17:51:26.579 [    INFO] (           server.py: 207) goodbye ('127.0.0.1', 53000)
2025-02-03 17:51:26.579 [    INFO] (           server.py: 157) accepted ('127.0.0.1', 53001) with fd 6124
2025-02-03 17:51:26.579 [    INFO] (           server.py: 200) welcome ('127.0.0.1', 53001)
2025-02-03 17:51:26.579 [    INFO] (           server.py: 352) Client <rpyc.core.protocol.Connection 'conn40' object at 0x00000260E6632D50> connected.
2025-02-03 17:51:26.589 [    INFO] (laser_driver_current.py:  89) Laser diode current set to '49%'
2025-02-03 17:51:26.589 [ WARNING] (laser_driver_current.py:  40) Failed to set command 'CM=49'
2025-02-03 17:51:26.589 [ WARNING] (laser_driver_current.py:  41) Response from Device :'CM=49.00'
2025-02-03 17:51:26.589 [    INFO] (           server.py: 356) Client <rpyc.core.protocol.Connection 'conn40' object at 0x00000260E6632D50> disconnected.
2025-02-03 17:51:26.589 [    INFO] (           server.py: 207) goodbye ('127.0.0.1', 53001)
2025-02-03 17:51:26.589 [    INFO] (           server.py: 157) accepted ('127.0.0.1', 53002) with fd 6308
2025-02-03 17:51:26.589 [    INFO] (           server.py: 200) welcome ('127.0.0.1', 53002)
2025-02-03 17:51:26.589 [    INFO] (           server.py: 352) Client <rpyc.core.protocol.Connection 'conn41' object at 0x00000260DCBEF9D0> connected.
2025-02-03 17:51:26.600 [    INFO] (laser_driver_current.py:  89) Laser diode current set to '50%'
2025-02-03 17:51:26.600 [ WARNING] (laser_driver_current.py:  40) Failed to set command 'CM=50'
2025-02-03 17:51:26.600 [ WARNING] (laser_driver_current.py:  41) Response from Device :'CM=50.00'
2025-02-03 17:51:26.600 [    INFO] (           server.py: 356) Client <rpyc.core.protocol.Connection 'conn41' object at 0x00000260DCBEF9D0> disconnected.
2025-02-03 17:51:26.600 [    INFO] (           server.py: 207) goodbye ('127.0.0.1', 53002)
2025-02-03 17:51:26.600 [    INFO] (           server.py: 157) accepted ('127.0.0.1', 53003) with fd 6152
2025-02-03 17:51:26.600 [    INFO] (           server.py: 200) welcome ('127.0.0.1', 53003)
2025-02-03 17:51:26.600 [    INFO] (           server.py: 352) Client <rpyc.core.protocol.Connection 'conn42' object at 0x00000260E65DCE10> connected.
2025-02-03 17:51:26.611 [    INFO] (laser_driver_current.py:  89) Laser diode current set to '52%'
2025-02-03 17:51:26.611 [ WARNING] (laser_driver_current.py:  40) Failed to set command 'CM=52'
2025-02-03 17:51:26.611 [ WARNING] (laser_driver_current.py:  41) Response from Device :'CM=52.00'
2025-02-03 17:51:26.611 [    INFO] (           server.py: 356) Client <rpyc.core.protocol.Connection 'conn42' object at 0x00000260E65DCE10> disconnected.
2025-02-03 17:51:26.616 [    INFO] (           server.py: 207) goodbye ('127.0.0.1', 53003)
2025-02-03 17:51:26.616 [    INFO] (           server.py: 157) accepted ('127.0.0.1', 53004) with fd 6152
2025-02-03 17:51:26.616 [    INFO] (           server.py: 200) welcome ('127.0.0.1', 53004)
2025-02-03 17:51:26.616 [    INFO] (           server.py: 352) Client <rpyc.core.protocol.Connection 'conn43' object at 0x00000260E663F890> connected.
2025-02-03 17:51:26.630 [    INFO] (laser_driver_current.py:  89) Laser diode current set to '55%'
2025-02-03 17:51:26.630 [ WARNING] (laser_driver_current.py:  40) Failed to set command 'CM=55'
2025-02-03 17:51:26.630 [ WARNING] (laser_driver_current.py:  41) Response from Device :'CM=55.00'
2025-02-03 17:51:26.630 [    INFO] (           server.py: 356) Client <rpyc.core.protocol.Connection 'conn43' object at 0x00000260E663F890> disconnected.
2025-02-03 17:51:26.630 [    INFO] (           server.py: 207) goodbye ('127.0.0.1', 53004)
2025-02-03 17:51:26.630 [    INFO] (           server.py: 157) accepted ('127.0.0.1', 53005) with fd 6044
2025-02-03 17:51:26.630 [    INFO] (           server.py: 200) welcome ('127.0.0.1', 53005)
2025-02-03 17:51:26.630 [    INFO] (           server.py: 352) Client <rpyc.core.protocol.Connection 'conn44' object at 0x00000260E661D810> connected.
2025-02-03 17:51:26.641 [    INFO] (laser_driver_current.py:  89) Laser diode current set to '59%'
2025-02-03 17:51:26.641 [ WARNING] (laser_driver_current.py:  40) Failed to set command 'CM=59'
2025-02-03 17:51:26.641 [ WARNING] (laser_driver_current.py:  41) Response from Device :'CM=59.00'
2025-02-03 17:51:26.641 [    INFO] (           server.py: 356) Client <rpyc.core.protocol.Connection 'conn44' object at 0x00000260E661D810> disconnected.
2025-02-03 17:51:26.641 [    INFO] (           server.py: 207) goodbye ('127.0.0.1', 53005)
2025-02-03 17:51:26.651 [    INFO] (           server.py: 157) accepted ('127.0.0.1', 53006) with fd 5244
2025-02-03 17:51:26.661 [    INFO] (           server.py: 200) welcome ('127.0.0.1', 53006)
2025-02-03 17:51:26.661 [    INFO] (           server.py: 352) Client <rpyc.core.protocol.Connection 'conn45' object at 0x00000260E65D9D10> connected.
2025-02-03 17:51:26.661 [    INFO] (laser_driver_current.py:  89) Laser diode current set to '63%'
2025-02-03 17:51:26.661 [ WARNING] (laser_driver_current.py:  40) Failed to set command 'CM=63'
2025-02-03 17:51:26.661 [ WARNING] (laser_driver_current.py:  41) Response from Device :'CM=63.00'
2025-02-03 17:51:26.661 [    INFO] (           server.py: 356) Client <rpyc.core.protocol.Connection 'conn45' object at 0x00000260E65D9D10> disconnected.
2025-02-03 17:51:26.661 [    INFO] (           server.py: 207) goodbye ('127.0.0.1', 53006)
2025-02-03 17:51:26.671 [    INFO] (           server.py: 157) accepted ('127.0.0.1', 53007) with fd 5244
2025-02-03 17:51:26.671 [    INFO] (           server.py: 200) welcome ('127.0.0.1', 53007)
2025-02-03 17:51:26.671 [    INFO] (           server.py: 352) Client <rpyc.core.protocol.Connection 'conn46' object at 0x00000260E65E2A10> connected.
2025-02-03 17:51:26.682 [    INFO] (laser_driver_current.py:  89) Laser diode current set to '66%'
2025-02-03 17:51:26.682 [ WARNING] (laser_driver_current.py:  40) Failed to set command 'CM=66'
2025-02-03 17:51:26.682 [ WARNING] (laser_driver_current.py:  41) Response from Device :'CM=66.00'
2025-02-03 17:51:26.682 [    INFO] (           server.py: 356) Client <rpyc.core.protocol.Connection 'conn46' object at 0x00000260E65E2A10> disconnected.
2025-02-03 17:51:26.682 [    INFO] (           server.py: 207) goodbye ('127.0.0.1', 53007)
2025-02-03 17:51:26.692 [    INFO] (           server.py: 157) accepted ('127.0.0.1', 53008) with fd 6320
2025-02-03 17:51:26.692 [    INFO] (           server.py: 200) welcome ('127.0.0.1', 53008)
2025-02-03 17:51:26.692 [    INFO] (           server.py: 352) Client <rpyc.core.protocol.Connection 'conn47' object at 0x00000260E664CFD0> connected.
2025-02-03 17:51:26.702 [    INFO] (laser_driver_current.py:  89) Laser diode current set to '67%'
2025-02-03 17:51:26.702 [ WARNING] (laser_driver_current.py:  40) Failed to set command 'CM=67'
2025-02-03 17:51:26.702 [ WARNING] (laser_driver_current.py:  41) Response from Device :'CM=67.00'
2025-02-03 17:51:26.702 [    INFO] (           server.py: 356) Client <rpyc.core.protocol.Connection 'conn47' object at 0x00000260E664CFD0> disconnected.
2025-02-03 17:51:26.702 [    INFO] (           server.py: 207) goodbye ('127.0.0.1', 53008)
2025-02-03 17:51:26.742 [    INFO] (           server.py: 157) accepted ('127.0.0.1', 53009) with fd 6320
2025-02-03 17:51:26.742 [    INFO] (           server.py: 200) welcome ('127.0.0.1', 53009)
2025-02-03 17:51:26.742 [    INFO] (           server.py: 352) Client <rpyc.core.protocol.Connection 'conn48' object at 0x00000260E663B350> connected.
2025-02-03 17:51:26.752 [    INFO] (laser_driver_current.py:  89) Laser diode current set to '68%'
2025-02-03 17:51:26.752 [ WARNING] (laser_driver_current.py:  40) Failed to set command 'CM=68'
2025-02-03 17:51:26.752 [ WARNING] (laser_driver_current.py:  41) Response from Device :'CM=68.00'
2025-02-03 17:51:26.752 [    INFO] (           server.py: 356) Client <rpyc.core.protocol.Connection 'conn48' object at 0x00000260E663B350> disconnected.
2025-02-03 17:51:26.762 [    INFO] (           server.py: 207) goodbye ('127.0.0.1', 53009)
2025-02-03 17:51:26.763 [    INFO] (           server.py: 157) accepted ('127.0.0.1', 53010) with fd 6320
2025-02-03 17:51:26.763 [    INFO] (           server.py: 200) welcome ('127.0.0.1', 53010)
2025-02-03 17:51:26.763 [    INFO] (           server.py: 352) Client <rpyc.core.protocol.Connection 'conn49' object at 0x00000260E65DDF90> connected.
2025-02-03 17:51:26.773 [    INFO] (laser_driver_current.py:  89) Laser diode current set to '69%'
2025-02-03 17:51:26.773 [ WARNING] (laser_driver_current.py:  40) Failed to set command 'CM=69'
2025-02-03 17:51:26.773 [ WARNING] (laser_driver_current.py:  41) Response from Device :'CM=69.00'
2025-02-03 17:51:26.773 [    INFO] (           server.py: 356) Client <rpyc.core.protocol.Connection 'conn49' object at 0x00000260E65DDF90> disconnected.
2025-02-03 17:51:26.773 [    INFO] (           server.py: 207) goodbye ('127.0.0.1', 53010)
2025-02-03 17:51:26.773 [    INFO] (           server.py: 157) accepted ('127.0.0.1', 53011) with fd 6320
2025-02-03 17:51:26.773 [    INFO] (           server.py: 200) welcome ('127.0.0.1', 53011)
2025-02-03 17:51:26.773 [    INFO] (           server.py: 352) Client <rpyc.core.protocol.Connection 'conn50' object at 0x00000260E65DDD50> connected.
2025-02-03 17:51:26.783 [    INFO] (laser_driver_current.py:  89) Laser diode current set to '70%'
2025-02-03 17:51:26.786 [ WARNING] (laser_driver_current.py:  40) Failed to set command 'CM=70'
2025-02-03 17:51:26.786 [ WARNING] (laser_driver_current.py:  41) Response from Device :'CM=70.00'
2025-02-03 17:51:26.786 [    INFO] (           server.py: 356) Client <rpyc.core.protocol.Connection 'conn50' object at 0x00000260E65DDD50> disconnected.
2025-02-03 17:51:26.786 [    INFO] (           server.py: 207) goodbye ('127.0.0.1', 53011)
2025-02-03 17:51:27.069 [    INFO] (           server.py: 157) accepted ('127.0.0.1', 53012) with fd 6320
2025-02-03 17:51:27.069 [    INFO] (           server.py: 200) welcome ('127.0.0.1', 53012)
2025-02-03 17:51:27.069 [    INFO] (           server.py: 352) Client <rpyc.core.protocol.Connection 'conn51' object at 0x00000260E6636290> connected.
2025-02-03 17:51:27.079 [    INFO] (laser_driver_current.py:  89) Laser diode current set to '71%'
2025-02-03 17:51:27.079 [ WARNING] (laser_driver_current.py:  40) Failed to set command 'CM=71'
2025-02-03 17:51:27.079 [ WARNING] (laser_driver_current.py:  41) Response from Device :'CM=71.00'
2025-02-03 17:51:27.079 [    INFO] (           server.py: 356) Client <rpyc.core.protocol.Connection 'conn51' object at 0x00000260E6636290> disconnected.
2025-02-03 17:51:27.079 [    INFO] (           server.py: 207) goodbye ('127.0.0.1', 53012)
2025-02-03 17:51:27.084 [    INFO] (           server.py: 157) accepted ('127.0.0.1', 53013) with fd 6320
2025-02-03 17:51:27.084 [    INFO] (           server.py: 200) welcome ('127.0.0.1', 53013)
2025-02-03 17:51:27.084 [    INFO] (           server.py: 352) Client <rpyc.core.protocol.Connection 'conn52' object at 0x00000260E6637F90> connected.
2025-02-03 17:51:27.099 [    INFO] (laser_driver_current.py:  89) Laser diode current set to '75%'
2025-02-03 17:51:27.099 [ WARNING] (laser_driver_current.py:  40) Failed to set command 'CM=75'
2025-02-03 17:51:27.099 [ WARNING] (laser_driver_current.py:  41) Response from Device :'CM=75.00'
2025-02-03 17:51:27.099 [    INFO] (           server.py: 356) Client <rpyc.core.protocol.Connection 'conn52' object at 0x00000260E6637F90> disconnected.
2025-02-03 17:51:27.099 [    INFO] (           server.py: 207) goodbye ('127.0.0.1', 53013)
2025-02-03 17:51:27.295 [    INFO] (           server.py: 157) accepted ('127.0.0.1', 53014) with fd 6240
2025-02-03 17:51:27.295 [    INFO] (           server.py: 200) welcome ('127.0.0.1', 53014)
2025-02-03 17:51:27.295 [    INFO] (           server.py: 352) Client <rpyc.core.protocol.Connection 'conn53' object at 0x00000260E663C590> connected.
2025-02-03 17:51:27.305 [    INFO] (laser_driver_current.py:  89) Laser diode current set to '78%'
2025-02-03 17:51:27.305 [ WARNING] (laser_driver_current.py:  40) Failed to set command 'CM=78'
2025-02-03 17:51:27.305 [ WARNING] (laser_driver_current.py:  41) Response from Device :'CM=78.00'
2025-02-03 17:51:27.305 [    INFO] (           server.py: 356) Client <rpyc.core.protocol.Connection 'conn53' object at 0x00000260E663C590> disconnected.
2025-02-03 17:51:27.305 [    INFO] (           server.py: 207) goodbye ('127.0.0.1', 53014)
2025-02-03 17:51:27.312 [    INFO] (           server.py: 157) accepted ('127.0.0.1', 53015) with fd 6292
2025-02-03 17:51:27.312 [    INFO] (           server.py: 200) welcome ('127.0.0.1', 53015)
2025-02-03 17:51:27.312 [    INFO] (           server.py: 352) Client <rpyc.core.protocol.Connection 'conn54' object at 0x00000260E661E850> connected.
2025-02-03 17:51:27.326 [    INFO] (laser_driver_current.py:  89) Laser diode current set to '81%'
2025-02-03 17:51:27.326 [ WARNING] (laser_driver_current.py:  40) Failed to set command 'CM=81'
2025-02-03 17:51:27.326 [ WARNING] (laser_driver_current.py:  41) Response from Device :'CM=81.00'
2025-02-03 17:51:27.326 [    INFO] (           server.py: 356) Client <rpyc.core.protocol.Connection 'conn54' object at 0x00000260E661E850> disconnected.
2025-02-03 17:51:27.326 [    INFO] (           server.py: 207) goodbye ('127.0.0.1', 53015)
2025-02-03 17:51:27.326 [    INFO] (           server.py: 157) accepted ('127.0.0.1', 53016) with fd 6292
2025-02-03 17:51:27.326 [    INFO] (           server.py: 200) welcome ('127.0.0.1', 53016)
2025-02-03 17:51:27.326 [    INFO] (           server.py: 352) Client <rpyc.core.protocol.Connection 'conn55' object at 0x00000260E661D810> connected.
2025-02-03 17:51:27.336 [    INFO] (laser_driver_current.py:  89) Laser diode current set to '101%'
2025-02-03 17:51:27.336 [ WARNING] (laser_driver_current.py:  40) Failed to set command 'CM=101'
2025-02-03 17:51:27.336 [ WARNING] (laser_driver_current.py:  41) Response from Device :'CM=101.00'
2025-02-03 17:51:27.336 [    INFO] (           server.py: 356) Client <rpyc.core.protocol.Connection 'conn55' object at 0x00000260E661D810> disconnected.
2025-02-03 17:51:27.336 [    INFO] (           server.py: 207) goodbye ('127.0.0.1', 53016)
2025-02-03 17:51:27.340 [    INFO] (           server.py: 157) accepted ('127.0.0.1', 53017) with fd 6292
2025-02-03 17:51:27.340 [    INFO] (           server.py: 200) welcome ('127.0.0.1', 53017)
2025-02-03 17:51:27.340 [    INFO] (           server.py: 352) Client <rpyc.core.protocol.Connection 'conn56' object at 0x00000260E66306D0> connected.
2025-02-03 17:51:27.356 [    INFO] (laser_driver_current.py:  89) Laser diode current set to '110%'
2025-02-03 17:51:27.356 [ WARNING] (laser_driver_current.py:  40) Failed to set command 'CM=110'
2025-02-03 17:51:27.356 [ WARNING] (laser_driver_current.py:  41) Response from Device :'CM=110.00'
2025-02-03 17:51:27.356 [    INFO] (           server.py: 356) Client <rpyc.core.protocol.Connection 'conn56' object at 0x00000260E66306D0> disconnected.
2025-02-03 17:51:27.356 [    INFO] (           server.py: 207) goodbye ('127.0.0.1', 53017)
2025-02-03 17:51:28.857 [    INFO] (           server.py: 157) accepted ('127.0.0.1', 53018) with fd 6248
2025-02-03 17:51:28.857 [    INFO] (           server.py: 200) welcome ('127.0.0.1', 53018)
2025-02-03 17:51:28.857 [    INFO] (           server.py: 352) Client <rpyc.core.protocol.Connection 'conn57' object at 0x00000260E65DED10> connected.
2025-02-03 17:51:28.867 [    INFO] (laser_driver_current.py:  95) Modulation state set to 'continuous'
2025-02-03 17:51:28.867 [    INFO] (laser_driver_current.py:  55) Analog control mode set to 'current'
2025-02-03 17:51:28.877 [    INFO] (laser_driver_current.py:  89) Laser diode current set to '110%'
2025-02-03 17:51:28.877 [ WARNING] (laser_driver_current.py:  40) Failed to set command 'CM=110'
2025-02-03 17:51:28.877 [ WARNING] (laser_driver_current.py:  41) Response from Device :'CM=110.00'
2025-02-03 17:51:28.877 [    INFO] (laser_driver_current.py: 105) Laser emission is ON
2025-02-03 17:51:28.877 [    INFO] (           server.py: 356) Client <rpyc.core.protocol.Connection 'conn57' object at 0x00000260E65DED10> disconnected.
2025-02-03 17:51:28.877 [    INFO] (           server.py: 207) goodbye ('127.0.0.1', 53018)
2025-02-03 17:51:28.877 [    INFO] (           server.py: 157) accepted ('127.0.0.1', 53019) with fd 6344
2025-02-03 17:51:28.877 [    INFO] (           server.py: 200) welcome ('127.0.0.1', 53019)
2025-02-03 17:51:28.877 [    INFO] (           server.py: 352) Client <rpyc.core.protocol.Connection 'conn58' object at 0x00000260E65DC210> connected.
2025-02-03 17:51:28.888 [    INFO] (laser_driver_current.py:  95) Modulation state set to 'continuous'
2025-02-03 17:51:28.888 [    INFO] (laser_driver_current.py:  55) Analog control mode set to 'current'
2025-02-03 17:51:28.898 [    INFO] (laser_driver_current.py:  89) Laser diode current set to '110%'
2025-02-03 17:51:28.898 [ WARNING] (laser_driver_current.py:  40) Failed to set command 'CM=110'
2025-02-03 17:51:28.898 [ WARNING] (laser_driver_current.py:  41) Response from Device :'CM=110.00'
2025-02-03 17:51:28.898 [    INFO] (laser_driver_current.py: 105) Laser emission is ON
2025-02-03 17:51:28.898 [    INFO] (           server.py: 356) Client <rpyc.core.protocol.Connection 'conn58' object at 0x00000260E65DC210> disconnected.
2025-02-03 17:51:28.908 [    INFO] (           server.py: 207) goodbye ('127.0.0.1', 53019)
2025-02-03 17:52:11.082 [    INFO] (           server.py: 157) accepted ('127.0.0.1', 53024) with fd 6204
2025-02-03 17:52:11.082 [    INFO] (           server.py: 200) welcome ('127.0.0.1', 53024)
2025-02-03 17:52:11.082 [    INFO] (           server.py: 352) Client <rpyc.core.protocol.Connection 'conn59' object at 0x00000260DCBF3810> connected.
2025-02-03 17:52:11.096 [    INFO] (laser_driver_current.py:  95) Modulation state set to 'continuous'
2025-02-03 17:52:11.096 [    INFO] (laser_driver_current.py:  55) Analog control mode set to 'current'
2025-02-03 17:52:11.103 [ WARNING] (laser_driver_current.py:  40) Failed to set command 'ACC=1'
2025-02-03 17:52:11.103 [ WARNING] (laser_driver_current.py:  41) Response from Device :'Not authorized'
2025-02-03 17:52:11.103 [    INFO] (laser_driver_current.py:  89) Laser diode current set to '110%'
2025-02-03 17:52:11.103 [ WARNING] (laser_driver_current.py:  40) Failed to set command 'CM=110'
2025-02-03 17:52:11.103 [ WARNING] (laser_driver_current.py:  41) Response from Device :'CM=110.00'
2025-02-03 17:52:11.103 [    INFO] (laser_driver_current.py: 108) Laser emission is OFF
2025-02-03 17:52:11.103 [    INFO] (           server.py: 356) Client <rpyc.core.protocol.Connection 'conn59' object at 0x00000260DCBF3810> disconnected.
2025-02-03 17:52:11.103 [    INFO] (           server.py: 207) goodbye ('127.0.0.1', 53024)
2025-02-03 17:52:11.103 [    INFO] (           server.py: 157) accepted ('127.0.0.1', 53025) with fd 6372
2025-02-03 17:52:11.103 [    INFO] (           server.py: 200) welcome ('127.0.0.1', 53025)
2025-02-03 17:52:11.113 [    INFO] (           server.py: 352) Client <rpyc.core.protocol.Connection 'conn60' object at 0x00000260E65E2E90> connected.
2025-02-03 17:52:11.113 [    INFO] (laser_driver_current.py:  95) Modulation state set to 'continuous'
2025-02-03 17:52:11.118 [    INFO] (laser_driver_current.py:  55) Analog control mode set to 'current'
2025-02-03 17:52:11.127 [    INFO] (laser_driver_current.py:  89) Laser diode current set to '110%'
2025-02-03 17:52:11.127 [ WARNING] (laser_driver_current.py:  40) Failed to set command 'CM=110'
2025-02-03 17:52:11.127 [ WARNING] (laser_driver_current.py:  41) Response from Device :'CM=110.00'
2025-02-03 17:52:11.127 [    INFO] (laser_driver_current.py: 108) Laser emission is OFF
2025-02-03 17:52:11.127 [    INFO] (           server.py: 356) Client <rpyc.core.protocol.Connection 'conn60' object at 0x00000260E65E2E90> disconnected.
2025-02-03 17:52:11.127 [    INFO] (           server.py: 207) goodbye ('127.0.0.1', 53025)
2025-02-03 17:52:17.834 [    INFO] (           server.py: 157) accepted ('127.0.0.1', 53026) with fd 6340
2025-02-03 17:52:17.834 [    INFO] (           server.py: 200) welcome ('127.0.0.1', 53026)
2025-02-03 17:52:17.837 [    INFO] (           server.py: 352) Client <rpyc.core.protocol.Connection 'conn61' object at 0x00000260DCC201D0> connected.
2025-02-03 17:52:17.844 [    INFO] (laser_driver_current.py: 108) Laser emission is OFF
2025-02-03 17:52:17.844 [   DEBUG] (              rpc.py: 227) Make call 11, (1, 2000, 10000, 8, b'ENBR0\r\n'), <bound method Vxi11Packer.pack_device_write_parms of <pyvisa_py.protocols.vxi11.Vxi11Packer object at 0x00000260BABDD950>>, <bound method Vxi11Unpacker.unpack_device_write_resp of <pyvisa_py.protocols.vxi11.Vxi11Unpacker object at 0x00000260BABDD8D0>>
2025-02-03 17:52:17.855 [   DEBUG] (              rpc.py: 298) Sending record through <socket.socket fd=408, family=2, type=1, proto=0, laddr=('10.135.70.59', 52532), raddr=('10.135.70.65', 1000)>: b"\x00\x00\x00&\x00\x00\x00\x00\x00\x00\x00\x02\x00\x06\x07\xaf\x00\x00\x00\x01\x00\x00\x00\x0b\x00\x00\x00\x00\x00\x00\x00\x00\x00\x00\x00\x00\x00\x00\x00\x00\x00\x00\x00\x01\x00\x00\x07\xd0\x00\x00'\x10\x00\x00\x00\x08\x00\x00\x00\x07ENBR0\r\n\x00"
2025-02-03 17:52:17.855 [   DEBUG] (              rpc.py: 499) RawTCPClient: procedure type 11
2025-02-03 17:52:17.855 [   DEBUG] (              rpc.py: 357) received b'\x80\x00\x00 '
2025-02-03 17:52:17.855 [   DEBUG] (              rpc.py: 357) received b'\x00\x00\x00&\x00\x00\x00\x01\x00\x00\x00\x00\x00\x00\x00\x00\x00\x00\x00\x00\x00\x00\x00\x00\x00\x00\x00\x00\x00\x00\x00\x07'
2025-02-03 17:52:17.855 [   DEBUG] (              rpc.py: 406) Received record through <socket.socket fd=408, family=2, type=1, proto=0, laddr=('10.135.70.59', 52532), raddr=('10.135.70.65', 1000)>: bytearray(b'\x00\x00\x00&\x00\x00\x00\x01\x00\x00\x00\x00\x00\x00\x00\x00\x00\x00\x00\x00\x00\x00\x00\x00\x00\x00\x00\x00\x00\x00\x00\x07')
2025-02-03 17:52:17.855 [   DEBUG] (              rpc.py: 227) Make call 11, (1, 2000, 10000, 8, b'MODL 0\r\n'), <bound method Vxi11Packer.pack_device_write_parms of <pyvisa_py.protocols.vxi11.Vxi11Packer object at 0x00000260BABDD950>>, <bound method Vxi11Unpacker.unpack_device_write_resp of <pyvisa_py.protocols.vxi11.Vxi11Unpacker object at 0x00000260BABDD8D0>>
2025-02-03 17:52:17.855 [   DEBUG] (              rpc.py: 298) Sending record through <socket.socket fd=408, family=2, type=1, proto=0, laddr=('10.135.70.59', 52532), raddr=('10.135.70.65', 1000)>: b"\x00\x00\x00'\x00\x00\x00\x00\x00\x00\x00\x02\x00\x06\x07\xaf\x00\x00\x00\x01\x00\x00\x00\x0b\x00\x00\x00\x00\x00\x00\x00\x00\x00\x00\x00\x00\x00\x00\x00\x00\x00\x00\x00\x01\x00\x00\x07\xd0\x00\x00'\x10\x00\x00\x00\x08\x00\x00\x00\x08MODL 0\r\n"
2025-02-03 17:52:17.855 [   DEBUG] (              rpc.py: 499) RawTCPClient: procedure type 11
2025-02-03 17:52:17.858 [   DEBUG] (              rpc.py: 357) received b'\x80\x00\x00 '
2025-02-03 17:52:17.858 [   DEBUG] (              rpc.py: 357) received b"\x00\x00\x00'\x00\x00\x00\x01\x00\x00\x00\x00\x00\x00\x00\x00\x00\x00\x00\x00\x00\x00\x00\x00\x00\x00\x00\x00\x00\x00\x00\x08"
2025-02-03 17:52:17.858 [   DEBUG] (              rpc.py: 406) Received record through <socket.socket fd=408, family=2, type=1, proto=0, laddr=('10.135.70.59', 52532), raddr=('10.135.70.65', 1000)>: bytearray(b"\x00\x00\x00\'\x00\x00\x00\x01\x00\x00\x00\x00\x00\x00\x00\x00\x00\x00\x00\x00\x00\x00\x00\x00\x00\x00\x00\x00\x00\x00\x00\x08")
2025-02-03 17:52:17.906 [    INFO] (           server.py: 356) Client <rpyc.core.protocol.Connection 'conn61' object at 0x00000260DCC201D0> disconnected.
2025-02-03 17:52:17.906 [    INFO] (           server.py: 207) goodbye ('127.0.0.1', 53026)
2025-02-03 17:52:17.906 [    INFO] (           server.py: 356) Client <rpyc.core.protocol.Connection 'conn25' object at 0x00000260E65F3150> disconnected.
2025-02-03 17:52:17.906 [    INFO] (           server.py: 207) goodbye ('127.0.0.1', 52974)
2025-02-03 17:52:30.738 [    INFO] (           server.py: 157) accepted ('127.0.0.1', 53027) with fd 6140
2025-02-03 17:52:30.738 [    INFO] (           server.py: 200) welcome ('127.0.0.1', 53027)
2025-02-03 17:52:30.738 [    INFO] (           server.py: 352) Client <rpyc.core.protocol.Connection 'conn62' object at 0x00000260E65E0AD0> connected.
2025-02-03 17:52:31.005 [    INFO] (           server.py: 356) Client <rpyc.core.protocol.Connection 'conn62' object at 0x00000260E65E0AD0> disconnected.
2025-02-03 17:52:31.005 [    INFO] (           server.py: 207) goodbye ('127.0.0.1', 53027)
2025-02-03 17:52:43.155 [    INFO] (           server.py: 157) accepted ('127.0.0.1', 53039) with fd 5580
2025-02-03 17:52:43.155 [    INFO] (           server.py: 200) welcome ('127.0.0.1', 53039)
2025-02-03 17:52:43.155 [    INFO] (           server.py: 352) Client <rpyc.core.protocol.Connection 'conn63' object at 0x00000260E661E8D0> connected.
2025-02-03 17:52:43.155 [    INFO] (nnmr_stagecontrol_zaber_current.py:  75) Unparking Zaber stages...
2025-02-03 17:52:43.759 [    INFO] (nnmr_stagecontrol_zaber_current.py:  80) Zaber stages unparked (active).
2025-02-03 17:52:43.759 [    INFO] (           server.py: 356) Client <rpyc.core.protocol.Connection 'conn63' object at 0x00000260E661E8D0> disconnected.
2025-02-03 17:52:43.759 [    INFO] (           server.py: 207) goodbye ('127.0.0.1', 53039)
2025-02-03 17:52:46.490 [    INFO] (           server.py: 157) accepted ('127.0.0.1', 53041) with fd 6400
2025-02-03 17:52:46.490 [    INFO] (           server.py: 200) welcome ('127.0.0.1', 53041)
2025-02-03 17:52:46.490 [    INFO] (           server.py: 352) Client <rpyc.core.protocol.Connection 'conn64' object at 0x00000260E65DFE10> connected.
2025-02-03 17:52:46.490 [    INFO] (nnmr_stagecontrol_zaber_current.py:  91) Moving Zaber stages to standby mode...
2025-02-03 17:52:54.853 [    INFO] (nnmr_stagecontrol_zaber_current.py:  96) Zaber stages in standby mode.
2025-02-03 17:52:54.854 [    INFO] (nnmr_stagecontrol_thorlabs_current.py: 134) Moving Thorlabs stage 40251814 to Standby Mode...
2025-02-03 17:52:54.854 [    INFO] (nnmr_stagecontrol_thorlabs_current.py: 138) Thorlabs stage 40251814 set in Standby Mode.
2025-02-03 17:52:54.862 [    INFO] (nnmr_stagecontrol_thorlabs_current.py: 134) Moving Thorlabs stage 40179174 to Standby Mode...
2025-02-03 17:52:54.863 [    INFO] (nnmr_stagecontrol_thorlabs_current.py: 138) Thorlabs stage 40179174 set in Standby Mode.
2025-02-03 17:52:54.864 [    INFO] (nnmr_stagecontrol_thorlabs_current.py:  82) Thorlabs stage 40179174 updated position = 52.9999946 deg.
2025-02-03 17:52:55.667 [    INFO] (nnmr_stagecontrol_thorlabs_current.py:  82) Thorlabs stage 40179174 updated position = 53.7436242 deg.
2025-02-03 17:52:56.477 [    INFO] (nnmr_stagecontrol_thorlabs_current.py:  82) Thorlabs stage 40179174 updated position = 56.4784766 deg.
2025-02-03 17:52:57.282 [    INFO] (nnmr_stagecontrol_thorlabs_current.py:  82) Thorlabs stage 40179174 updated position = 61.2159366 deg.
2025-02-03 17:52:58.090 [    INFO] (nnmr_stagecontrol_thorlabs_current.py:  82) Thorlabs stage 40179174 updated position = 66.92849939999999 deg.
2025-02-03 17:52:58.899 [    INFO] (nnmr_stagecontrol_thorlabs_current.py:  82) Thorlabs stage 40179174 updated position = 72.6645633 deg.
2025-02-03 17:52:59.706 [    INFO] (nnmr_stagecontrol_thorlabs_current.py:  82) Thorlabs stage 40179174 updated position = 78.4118391 deg.
2025-02-03 17:53:00.511 [    INFO] (nnmr_stagecontrol_thorlabs_current.py:  82) Thorlabs stage 40179174 updated position = 84.143913 deg.
2025-02-03 17:53:01.321 [    INFO] (nnmr_stagecontrol_thorlabs_current.py:  82) Thorlabs stage 40179174 updated position = 89.8706004 deg.
2025-02-03 17:53:02.127 [    INFO] (nnmr_stagecontrol_thorlabs_current.py:  82) Thorlabs stage 40179174 updated position = 94.88121579999999 deg.
2025-02-03 17:53:02.929 [    INFO] (nnmr_stagecontrol_thorlabs_current.py:  82) Thorlabs stage 40179174 updated position = 100.6011202 deg.
2025-02-03 17:53:03.734 [    INFO] (nnmr_stagecontrol_thorlabs_current.py:  82) Thorlabs stage 40179174 updated position = 106.334564 deg.
2025-02-03 17:53:04.539 [    INFO] (nnmr_stagecontrol_thorlabs_current.py:  82) Thorlabs stage 40179174 updated position = 111.2255991 deg.
2025-02-03 17:53:05.349 [    INFO] (nnmr_stagecontrol_thorlabs_current.py:  82) Thorlabs stage 40179174 updated position = 114.118522 deg.
2025-02-03 17:53:06.156 [    INFO] (nnmr_stagecontrol_thorlabs_current.py:  82) Thorlabs stage 40179174 updated position = 114.9999928 deg.
2025-02-03 17:53:06.263 [    INFO] (nnmr_stagecontrol_zaber_current.py:  40) Zaber stage updated positions = 100.0 mm & 100.0 mm.
2025-02-03 17:53:06.267 [    INFO] (nnmr_stagecontrol_thorlabs_current.py:  82) Thorlabs stage 40251814 updated position = 0.0 deg.
2025-02-03 17:53:06.269 [    INFO] (nnmr_stagecontrol_thorlabs_current.py:  82) Thorlabs stage 40179174 updated position = 114.9999928 deg.
2025-02-03 17:53:06.476 [    INFO] (           server.py: 356) Client <rpyc.core.protocol.Connection 'conn64' object at 0x00000260E65DFE10> disconnected.
2025-02-03 17:53:06.478 [    INFO] (           server.py: 207) goodbye ('127.0.0.1', 53041)
2025-02-03 17:58:50.714 [    INFO] (           server.py: 157) accepted ('127.0.0.1', 53078) with fd 6464
2025-02-03 17:58:50.714 [    INFO] (           server.py: 200) welcome ('127.0.0.1', 53078)
2025-02-03 17:58:50.714 [    INFO] (           server.py: 352) Client <rpyc.core.protocol.Connection 'conn65' object at 0x00000260E661F050> connected.
2025-02-03 17:59:01.414 [    INFO] (           server.py: 157) accepted ('127.0.0.1', 53085) with fd 5376
2025-02-03 17:59:01.414 [    INFO] (           server.py: 200) welcome ('127.0.0.1', 53085)
2025-02-03 17:59:01.414 [    INFO] (           server.py: 352) Client <rpyc.core.protocol.Connection 'conn66' object at 0x00000260E66301D0> connected.
2025-02-03 17:59:01.424 [    INFO] (           server.py: 356) Client <rpyc.core.protocol.Connection 'conn66' object at 0x00000260E66301D0> disconnected.
2025-02-03 17:59:01.424 [    INFO] (           server.py: 207) goodbye ('127.0.0.1', 53085)
2025-02-03 17:59:01.946 [    INFO] (           server.py: 157) accepted ('127.0.0.1', 53086) with fd 6344
2025-02-03 17:59:01.946 [    INFO] (           server.py: 200) welcome ('127.0.0.1', 53086)
2025-02-03 17:59:01.946 [    INFO] (           server.py: 352) Client <rpyc.core.protocol.Connection 'conn67' object at 0x00000260DCC22DD0> connected.
2025-02-03 17:59:01.946 [    INFO] (           server.py: 356) Client <rpyc.core.protocol.Connection 'conn67' object at 0x00000260DCC22DD0> disconnected.
2025-02-03 17:59:01.946 [    INFO] (           server.py: 207) goodbye ('127.0.0.1', 53086)
2025-02-03 17:59:03.284 [    INFO] (           server.py: 157) accepted ('127.0.0.1', 53087) with fd 6348
2025-02-03 17:59:03.284 [    INFO] (           server.py: 200) welcome ('127.0.0.1', 53087)
2025-02-03 17:59:03.284 [    INFO] (           server.py: 352) Client <rpyc.core.protocol.Connection 'conn68' object at 0x00000260DCBEC050> connected.
2025-02-03 17:59:03.294 [    INFO] (laser_driver_current.py:  95) Modulation state set to 'continuous'
2025-02-03 17:59:03.296 [    INFO] (laser_driver_current.py:  55) Analog control mode set to 'current'
2025-02-03 17:59:03.305 [    INFO] (laser_driver_current.py:  89) Laser diode current set to '110%'
2025-02-03 17:59:03.305 [ WARNING] (laser_driver_current.py:  40) Failed to set command 'CM=110'
2025-02-03 17:59:03.305 [ WARNING] (laser_driver_current.py:  41) Response from Device :'CM=110.00'
2025-02-03 17:59:03.305 [    INFO] (laser_driver_current.py: 105) Laser emission is ON
2025-02-03 17:59:03.305 [    INFO] (           server.py: 356) Client <rpyc.core.protocol.Connection 'conn68' object at 0x00000260DCBEC050> disconnected.
2025-02-03 17:59:03.305 [    INFO] (           server.py: 207) goodbye ('127.0.0.1', 53087)
2025-02-03 17:59:03.305 [    INFO] (           server.py: 157) accepted ('127.0.0.1', 53088) with fd 6280
2025-02-03 17:59:03.316 [    INFO] (           server.py: 200) welcome ('127.0.0.1', 53088)
2025-02-03 17:59:03.316 [    INFO] (           server.py: 352) Client <rpyc.core.protocol.Connection 'conn69' object at 0x00000260DCBF0D50> connected.
2025-02-03 17:59:03.316 [    INFO] (laser_driver_current.py:  95) Modulation state set to 'continuous'
2025-02-03 17:59:03.326 [    INFO] (laser_driver_current.py:  55) Analog control mode set to 'current'
2025-02-03 17:59:03.326 [    INFO] (laser_driver_current.py:  89) Laser diode current set to '110%'
2025-02-03 17:59:03.335 [ WARNING] (laser_driver_current.py:  40) Failed to set command 'CM=110'
2025-02-03 17:59:03.335 [ WARNING] (laser_driver_current.py:  41) Response from Device :'CM=110.00'
2025-02-03 17:59:03.335 [    INFO] (laser_driver_current.py: 105) Laser emission is ON
2025-02-03 17:59:03.335 [    INFO] (           server.py: 356) Client <rpyc.core.protocol.Connection 'conn69' object at 0x00000260DCBF0D50> disconnected.
2025-02-03 17:59:03.335 [    INFO] (           server.py: 207) goodbye ('127.0.0.1', 53088)
2025-02-03 18:01:16.983 [    INFO] (           server.py: 157) accepted ('127.0.0.1', 53097) with fd 6180
2025-02-03 18:01:16.983 [    INFO] (           server.py: 200) welcome ('127.0.0.1', 53097)
2025-02-03 18:01:16.983 [    INFO] (           server.py: 352) Client <rpyc.core.protocol.Connection 'conn70' object at 0x00000260E64501D0> connected.
2025-02-03 18:01:16.993 [    INFO] (laser_driver_current.py:  95) Modulation state set to 'continuous'
2025-02-03 18:01:17.003 [    INFO] (laser_driver_current.py:  55) Analog control mode set to 'current'
2025-02-03 18:01:17.006 [ WARNING] (laser_driver_current.py:  40) Failed to set command 'ACC=1'
2025-02-03 18:01:17.006 [ WARNING] (laser_driver_current.py:  41) Response from Device :'Not authorized'
2025-02-03 18:01:17.006 [    INFO] (laser_driver_current.py:  89) Laser diode current set to '110%'
2025-02-03 18:01:17.006 [ WARNING] (laser_driver_current.py:  40) Failed to set command 'CM=110'
2025-02-03 18:01:17.006 [ WARNING] (laser_driver_current.py:  41) Response from Device :'CM=110.00'
2025-02-03 18:01:17.006 [    INFO] (laser_driver_current.py: 108) Laser emission is OFF
2025-02-03 18:01:17.006 [    INFO] (           server.py: 356) Client <rpyc.core.protocol.Connection 'conn70' object at 0x00000260E64501D0> disconnected.
2025-02-03 18:01:17.013 [    INFO] (           server.py: 207) goodbye ('127.0.0.1', 53097)
2025-02-03 18:01:17.013 [    INFO] (           server.py: 157) accepted ('127.0.0.1', 53098) with fd 5376
2025-02-03 18:01:17.013 [    INFO] (           server.py: 200) welcome ('127.0.0.1', 53098)
2025-02-03 18:01:17.013 [    INFO] (           server.py: 352) Client <rpyc.core.protocol.Connection 'conn71' object at 0x00000260E6631010> connected.
2025-02-03 18:01:17.023 [    INFO] (laser_driver_current.py:  95) Modulation state set to 'continuous'
2025-02-03 18:01:17.023 [    INFO] (laser_driver_current.py:  55) Analog control mode set to 'current'
2025-02-03 18:01:17.034 [    INFO] (laser_driver_current.py:  89) Laser diode current set to '110%'
2025-02-03 18:01:17.034 [ WARNING] (laser_driver_current.py:  40) Failed to set command 'CM=110'
2025-02-03 18:01:17.034 [ WARNING] (laser_driver_current.py:  41) Response from Device :'CM=110.00'
2025-02-03 18:01:17.034 [    INFO] (laser_driver_current.py: 108) Laser emission is OFF
2025-02-03 18:01:17.034 [    INFO] (           server.py: 356) Client <rpyc.core.protocol.Connection 'conn71' object at 0x00000260E6631010> disconnected.
2025-02-03 18:01:17.034 [    INFO] (           server.py: 207) goodbye ('127.0.0.1', 53098)
2025-02-03 18:01:18.829 [    INFO] (           server.py: 157) accepted ('127.0.0.1', 53099) with fd 6564
2025-02-03 18:01:18.829 [    INFO] (           server.py: 200) welcome ('127.0.0.1', 53099)
2025-02-03 18:01:18.829 [    INFO] (           server.py: 352) Client <rpyc.core.protocol.Connection 'conn72' object at 0x00000260E664C9D0> connected.
2025-02-03 18:01:18.844 [    INFO] (laser_driver_current.py: 108) Laser emission is OFF
2025-02-03 18:01:18.844 [   DEBUG] (              rpc.py: 227) Make call 11, (1, 2000, 10000, 8, b'ENBR0\r\n'), <bound method Vxi11Packer.pack_device_write_parms of <pyvisa_py.protocols.vxi11.Vxi11Packer object at 0x00000260BABDD950>>, <bound method Vxi11Unpacker.unpack_device_write_resp of <pyvisa_py.protocols.vxi11.Vxi11Unpacker object at 0x00000260BABDD8D0>>
2025-02-03 18:01:18.844 [   DEBUG] (              rpc.py: 298) Sending record through <socket.socket fd=408, family=2, type=1, proto=0, laddr=('10.135.70.59', 52532), raddr=('10.135.70.65', 1000)>: b"\x00\x00\x00(\x00\x00\x00\x00\x00\x00\x00\x02\x00\x06\x07\xaf\x00\x00\x00\x01\x00\x00\x00\x0b\x00\x00\x00\x00\x00\x00\x00\x00\x00\x00\x00\x00\x00\x00\x00\x00\x00\x00\x00\x01\x00\x00\x07\xd0\x00\x00'\x10\x00\x00\x00\x08\x00\x00\x00\x07ENBR0\r\n\x00"
2025-02-03 18:01:18.844 [   DEBUG] (              rpc.py: 499) RawTCPClient: procedure type 11
2025-02-03 18:01:20.789 [   DEBUG] (              rpc.py: 357) received b'\x80\x00\x00 '
2025-02-03 18:01:20.789 [   DEBUG] (              rpc.py: 357) received b'\x00\x00\x00(\x00\x00\x00\x01\x00\x00\x00\x00\x00\x00\x00\x00\x00\x00\x00\x00\x00\x00\x00\x00\x00\x00\x00\x00\x00\x00\x00\x07'
2025-02-03 18:01:20.789 [   DEBUG] (              rpc.py: 406) Received record through <socket.socket fd=408, family=2, type=1, proto=0, laddr=('10.135.70.59', 52532), raddr=('10.135.70.65', 1000)>: bytearray(b'\x00\x00\x00(\x00\x00\x00\x01\x00\x00\x00\x00\x00\x00\x00\x00\x00\x00\x00\x00\x00\x00\x00\x00\x00\x00\x00\x00\x00\x00\x00\x07')
2025-02-03 18:01:20.799 [   DEBUG] (              rpc.py: 227) Make call 11, (1, 2000, 10000, 8, b'MODL 0\r\n'), <bound method Vxi11Packer.pack_device_write_parms of <pyvisa_py.protocols.vxi11.Vxi11Packer object at 0x00000260BABDD950>>, <bound method Vxi11Unpacker.unpack_device_write_resp of <pyvisa_py.protocols.vxi11.Vxi11Unpacker object at 0x00000260BABDD8D0>>
2025-02-03 18:01:20.799 [   DEBUG] (              rpc.py: 298) Sending record through <socket.socket fd=408, family=2, type=1, proto=0, laddr=('10.135.70.59', 52532), raddr=('10.135.70.65', 1000)>: b"\x00\x00\x00)\x00\x00\x00\x00\x00\x00\x00\x02\x00\x06\x07\xaf\x00\x00\x00\x01\x00\x00\x00\x0b\x00\x00\x00\x00\x00\x00\x00\x00\x00\x00\x00\x00\x00\x00\x00\x00\x00\x00\x00\x01\x00\x00\x07\xd0\x00\x00'\x10\x00\x00\x00\x08\x00\x00\x00\x08MODL 0\r\n"
2025-02-03 18:01:20.809 [   DEBUG] (              rpc.py: 499) RawTCPClient: procedure type 11
2025-02-03 18:01:20.809 [   DEBUG] (              rpc.py: 357) received b'\x80\x00\x00 '
2025-02-03 18:01:20.809 [   DEBUG] (              rpc.py: 357) received b'\x00\x00\x00)\x00\x00\x00\x01\x00\x00\x00\x00\x00\x00\x00\x00\x00\x00\x00\x00\x00\x00\x00\x00\x00\x00\x00\x00\x00\x00\x00\x08'
2025-02-03 18:01:20.809 [   DEBUG] (              rpc.py: 406) Received record through <socket.socket fd=408, family=2, type=1, proto=0, laddr=('10.135.70.59', 52532), raddr=('10.135.70.65', 1000)>: bytearray(b'\x00\x00\x00)\x00\x00\x00\x01\x00\x00\x00\x00\x00\x00\x00\x00\x00\x00\x00\x00\x00\x00\x00\x00\x00\x00\x00\x00\x00\x00\x00\x08')
2025-02-03 18:01:20.850 [    INFO] (           server.py: 356) Client <rpyc.core.protocol.Connection 'conn72' object at 0x00000260E664C9D0> disconnected.
2025-02-03 18:01:20.850 [    INFO] (           server.py: 207) goodbye ('127.0.0.1', 53099)
2025-02-03 18:01:20.850 [    INFO] (           server.py: 356) Client <rpyc.core.protocol.Connection 'conn65' object at 0x00000260E661F050> disconnected.
2025-02-03 18:01:20.850 [    INFO] (           server.py: 207) goodbye ('127.0.0.1', 53078)
2025-02-03 18:01:32.721 [    INFO] (           server.py: 157) accepted ('127.0.0.1', 53104) with fd 5364
2025-02-03 18:01:32.721 [    INFO] (           server.py: 200) welcome ('127.0.0.1', 53104)
2025-02-03 18:01:32.721 [    INFO] (           server.py: 352) Client <rpyc.core.protocol.Connection 'conn73' object at 0x00000260E6618110> connected.
2025-02-03 18:01:39.637 [    INFO] (           server.py: 157) accepted ('127.0.0.1', 53111) with fd 5188
2025-02-03 18:01:39.637 [    INFO] (           server.py: 200) welcome ('127.0.0.1', 53111)
2025-02-03 18:01:39.637 [    INFO] (           server.py: 352) Client <rpyc.core.protocol.Connection 'conn74' object at 0x00000260DCC3B310> connected.
2025-02-03 18:01:39.645 [    INFO] (laser_driver_current.py:  95) Modulation state set to 'continuous'
2025-02-03 18:01:39.648 [    INFO] (laser_driver_current.py:  55) Analog control mode set to 'current'
2025-02-03 18:01:39.655 [    INFO] (laser_driver_current.py:  89) Laser diode current set to '110%'
2025-02-03 18:01:39.655 [ WARNING] (laser_driver_current.py:  40) Failed to set command 'CM=110'
2025-02-03 18:01:39.655 [ WARNING] (laser_driver_current.py:  41) Response from Device :'CM=110.00'
2025-02-03 18:01:39.655 [    INFO] (laser_driver_current.py: 105) Laser emission is ON
2025-02-03 18:01:39.655 [    INFO] (           server.py: 356) Client <rpyc.core.protocol.Connection 'conn74' object at 0x00000260DCC3B310> disconnected.
2025-02-03 18:01:39.655 [    INFO] (           server.py: 207) goodbye ('127.0.0.1', 53111)
2025-02-03 18:01:39.655 [    INFO] (           server.py: 157) accepted ('127.0.0.1', 53112) with fd 5188
2025-02-03 18:01:39.655 [    INFO] (           server.py: 200) welcome ('127.0.0.1', 53112)
2025-02-03 18:01:39.655 [    INFO] (           server.py: 352) Client <rpyc.core.protocol.Connection 'conn75' object at 0x00000260DCC2A410> connected.
2025-02-03 18:01:39.668 [    INFO] (laser_driver_current.py:  95) Modulation state set to 'continuous'
2025-02-03 18:01:39.668 [    INFO] (laser_driver_current.py:  55) Analog control mode set to 'current'
2025-02-03 18:01:39.675 [    INFO] (laser_driver_current.py:  89) Laser diode current set to '110%'
2025-02-03 18:01:39.675 [ WARNING] (laser_driver_current.py:  40) Failed to set command 'CM=110'
2025-02-03 18:01:39.675 [ WARNING] (laser_driver_current.py:  41) Response from Device :'CM=110.00'
2025-02-03 18:01:39.685 [    INFO] (laser_driver_current.py: 105) Laser emission is ON
2025-02-03 18:01:39.688 [    INFO] (           server.py: 356) Client <rpyc.core.protocol.Connection 'conn75' object at 0x00000260DCC2A410> disconnected.
2025-02-03 18:01:39.688 [    INFO] (           server.py: 207) goodbye ('127.0.0.1', 53112)
2025-02-03 18:04:03.171 [    INFO] (           server.py: 157) accepted ('127.0.0.1', 53121) with fd 6284
2025-02-03 18:04:03.171 [    INFO] (           server.py: 200) welcome ('127.0.0.1', 53121)
2025-02-03 18:04:03.171 [    INFO] (           server.py: 352) Client <rpyc.core.protocol.Connection 'conn76' object at 0x00000260E661F3D0> connected.
2025-02-03 18:04:03.181 [    INFO] (laser_driver_current.py:  95) Modulation state set to 'continuous'
2025-02-03 18:04:03.181 [    INFO] (laser_driver_current.py:  55) Analog control mode set to 'current'
2025-02-03 18:04:03.181 [ WARNING] (laser_driver_current.py:  40) Failed to set command 'ACC=1'
2025-02-03 18:04:03.181 [ WARNING] (laser_driver_current.py:  41) Response from Device :'Not authorized'
2025-02-03 18:04:03.191 [    INFO] (laser_driver_current.py:  89) Laser diode current set to '110%'
2025-02-03 18:04:03.191 [ WARNING] (laser_driver_current.py:  40) Failed to set command 'CM=110'
2025-02-03 18:04:03.191 [ WARNING] (laser_driver_current.py:  41) Response from Device :'CM=110.00'
2025-02-03 18:04:03.191 [    INFO] (laser_driver_current.py: 108) Laser emission is OFF
2025-02-03 18:04:03.191 [    INFO] (           server.py: 356) Client <rpyc.core.protocol.Connection 'conn76' object at 0x00000260E661F3D0> disconnected.
2025-02-03 18:04:03.191 [    INFO] (           server.py: 207) goodbye ('127.0.0.1', 53121)
2025-02-03 18:04:03.191 [    INFO] (           server.py: 157) accepted ('127.0.0.1', 53122) with fd 6208
2025-02-03 18:04:03.191 [    INFO] (           server.py: 200) welcome ('127.0.0.1', 53122)
2025-02-03 18:04:03.191 [    INFO] (           server.py: 352) Client <rpyc.core.protocol.Connection 'conn77' object at 0x00000260E6444E90> connected.
2025-02-03 18:04:03.201 [    INFO] (laser_driver_current.py:  95) Modulation state set to 'continuous'
2025-02-03 18:04:03.201 [    INFO] (laser_driver_current.py:  55) Analog control mode set to 'current'
2025-02-03 18:04:03.211 [    INFO] (laser_driver_current.py:  89) Laser diode current set to '110%'
2025-02-03 18:04:03.211 [ WARNING] (laser_driver_current.py:  40) Failed to set command 'CM=110'
2025-02-03 18:04:03.211 [ WARNING] (laser_driver_current.py:  41) Response from Device :'CM=110.00'
2025-02-03 18:04:03.211 [    INFO] (laser_driver_current.py: 108) Laser emission is OFF
2025-02-03 18:04:03.211 [    INFO] (           server.py: 356) Client <rpyc.core.protocol.Connection 'conn77' object at 0x00000260E6444E90> disconnected.
2025-02-03 18:04:03.211 [    INFO] (           server.py: 207) goodbye ('127.0.0.1', 53122)
2025-02-03 18:04:05.438 [    INFO] (           server.py: 157) accepted ('127.0.0.1', 53123) with fd 6304
2025-02-03 18:04:05.438 [    INFO] (           server.py: 200) welcome ('127.0.0.1', 53123)
2025-02-03 18:04:05.438 [    INFO] (           server.py: 352) Client <rpyc.core.protocol.Connection 'conn78' object at 0x00000260E661C450> connected.
2025-02-03 18:04:05.448 [    INFO] (laser_driver_current.py: 108) Laser emission is OFF
2025-02-03 18:04:05.448 [   DEBUG] (              rpc.py: 227) Make call 11, (1, 2000, 10000, 8, b'ENBR0\r\n'), <bound method Vxi11Packer.pack_device_write_parms of <pyvisa_py.protocols.vxi11.Vxi11Packer object at 0x00000260BABDD950>>, <bound method Vxi11Unpacker.unpack_device_write_resp of <pyvisa_py.protocols.vxi11.Vxi11Unpacker object at 0x00000260BABDD8D0>>
2025-02-03 18:04:05.448 [   DEBUG] (              rpc.py: 298) Sending record through <socket.socket fd=408, family=2, type=1, proto=0, laddr=('10.135.70.59', 52532), raddr=('10.135.70.65', 1000)>: b"\x00\x00\x00*\x00\x00\x00\x00\x00\x00\x00\x02\x00\x06\x07\xaf\x00\x00\x00\x01\x00\x00\x00\x0b\x00\x00\x00\x00\x00\x00\x00\x00\x00\x00\x00\x00\x00\x00\x00\x00\x00\x00\x00\x01\x00\x00\x07\xd0\x00\x00'\x10\x00\x00\x00\x08\x00\x00\x00\x07ENBR0\r\n\x00"
2025-02-03 18:04:05.448 [   DEBUG] (              rpc.py: 499) RawTCPClient: procedure type 11
2025-02-03 18:04:05.448 [   DEBUG] (              rpc.py: 357) received b'\x80\x00\x00 '
2025-02-03 18:04:05.448 [   DEBUG] (              rpc.py: 357) received b'\x00\x00\x00*\x00\x00\x00\x01\x00\x00\x00\x00\x00\x00\x00\x00\x00\x00\x00\x00\x00\x00\x00\x00\x00\x00\x00\x00\x00\x00\x00\x07'
2025-02-03 18:04:05.456 [   DEBUG] (              rpc.py: 406) Received record through <socket.socket fd=408, family=2, type=1, proto=0, laddr=('10.135.70.59', 52532), raddr=('10.135.70.65', 1000)>: bytearray(b'\x00\x00\x00*\x00\x00\x00\x01\x00\x00\x00\x00\x00\x00\x00\x00\x00\x00\x00\x00\x00\x00\x00\x00\x00\x00\x00\x00\x00\x00\x00\x07')
2025-02-03 18:04:05.456 [   DEBUG] (              rpc.py: 227) Make call 11, (1, 2000, 10000, 8, b'MODL 0\r\n'), <bound method Vxi11Packer.pack_device_write_parms of <pyvisa_py.protocols.vxi11.Vxi11Packer object at 0x00000260BABDD950>>, <bound method Vxi11Unpacker.unpack_device_write_resp of <pyvisa_py.protocols.vxi11.Vxi11Unpacker object at 0x00000260BABDD8D0>>
2025-02-03 18:04:05.456 [   DEBUG] (              rpc.py: 298) Sending record through <socket.socket fd=408, family=2, type=1, proto=0, laddr=('10.135.70.59', 52532), raddr=('10.135.70.65', 1000)>: b"\x00\x00\x00+\x00\x00\x00\x00\x00\x00\x00\x02\x00\x06\x07\xaf\x00\x00\x00\x01\x00\x00\x00\x0b\x00\x00\x00\x00\x00\x00\x00\x00\x00\x00\x00\x00\x00\x00\x00\x00\x00\x00\x00\x01\x00\x00\x07\xd0\x00\x00'\x10\x00\x00\x00\x08\x00\x00\x00\x08MODL 0\r\n"
2025-02-03 18:04:05.456 [   DEBUG] (              rpc.py: 499) RawTCPClient: procedure type 11
2025-02-03 18:04:05.456 [   DEBUG] (              rpc.py: 357) received b'\x80\x00\x00 '
2025-02-03 18:04:05.456 [   DEBUG] (              rpc.py: 357) received b'\x00\x00\x00+\x00\x00\x00\x01\x00\x00\x00\x00\x00\x00\x00\x00\x00\x00\x00\x00\x00\x00\x00\x00\x00\x00\x00\x00\x00\x00\x00\x08'
2025-02-03 18:04:05.458 [   DEBUG] (              rpc.py: 406) Received record through <socket.socket fd=408, family=2, type=1, proto=0, laddr=('10.135.70.59', 52532), raddr=('10.135.70.65', 1000)>: bytearray(b'\x00\x00\x00+\x00\x00\x00\x01\x00\x00\x00\x00\x00\x00\x00\x00\x00\x00\x00\x00\x00\x00\x00\x00\x00\x00\x00\x00\x00\x00\x00\x08')
2025-02-03 18:04:05.510 [    INFO] (           server.py: 356) Client <rpyc.core.protocol.Connection 'conn78' object at 0x00000260E661C450> disconnected.
2025-02-03 18:04:05.510 [    INFO] (           server.py: 207) goodbye ('127.0.0.1', 53123)
2025-02-03 18:04:05.510 [    INFO] (           server.py: 356) Client <rpyc.core.protocol.Connection 'conn73' object at 0x00000260E6618110> disconnected.
2025-02-03 18:04:05.510 [    INFO] (           server.py: 207) goodbye ('127.0.0.1', 53104)
2025-02-03 18:04:36.480 [    INFO] (           server.py: 157) accepted ('127.0.0.1', 53126) with fd 6244
2025-02-03 18:04:36.480 [    INFO] (           server.py: 200) welcome ('127.0.0.1', 53126)
2025-02-03 18:04:36.480 [    INFO] (           server.py: 352) Client <rpyc.core.protocol.Connection 'conn79' object at 0x00000260DCBF0650> connected.
2025-02-03 18:04:36.480 [    INFO] (nnmr_stagecontrol_thorlabs_current.py: 213) Checking if move requested for stage 40179174 is safe...
2025-02-03 18:04:36.480 [    INFO] (nnmr_stagecontrol_thorlabs_current.py: 189) Moving Thorlabs stage 40179174 to 53.0 deg...
2025-02-03 18:04:36.480 [    INFO] (nnmr_stagecontrol_thorlabs_current.py: 191) Thorlabs stage 40179174 set to 53.0 deg.
2025-02-03 18:04:36.480 [    INFO] (nnmr_stagecontrol_thorlabs_current.py:  82) Thorlabs stage 40179174 updated position = 114.9999928 deg.
2025-02-03 18:04:37.287 [    INFO] (nnmr_stagecontrol_thorlabs_current.py:  82) Thorlabs stage 40179174 updated position = 114.1400414 deg.
2025-02-03 18:04:38.094 [    INFO] (nnmr_stagecontrol_thorlabs_current.py:  82) Thorlabs stage 40179174 updated position = 111.2762588 deg.
2025-02-03 18:04:38.901 [    INFO] (nnmr_stagecontrol_thorlabs_current.py:  82) Thorlabs stage 40179174 updated position = 106.3808746 deg.
2025-02-03 18:04:39.710 [    INFO] (nnmr_stagecontrol_thorlabs_current.py:  82) Thorlabs stage 40179174 updated position = 101.3615876 deg.
2025-02-03 18:04:40.515 [    INFO] (nnmr_stagecontrol_thorlabs_current.py:  82) Thorlabs stage 40179174 updated position = 95.6272261 deg.
2025-02-03 18:04:41.320 [    INFO] (nnmr_stagecontrol_thorlabs_current.py:  82) Thorlabs stage 40179174 updated position = 89.89547139999999 deg.
2025-02-03 18:04:42.129 [    INFO] (nnmr_stagecontrol_thorlabs_current.py:  82) Thorlabs stage 40179174 updated position = 84.1814855 deg.
2025-02-03 18:04:42.936 [    INFO] (nnmr_stagecontrol_thorlabs_current.py:  82) Thorlabs stage 40179174 updated position = 78.4579768 deg.
2025-02-03 18:04:43.743 [    INFO] (nnmr_stagecontrol_thorlabs_current.py:  82) Thorlabs stage 40179174 updated position = 72.7286427 deg.
2025-02-03 18:04:44.550 [    INFO] (nnmr_stagecontrol_thorlabs_current.py:  82) Thorlabs stage 40179174 updated position = 67.0083393 deg.
2025-02-03 18:04:45.363 [    INFO] (nnmr_stagecontrol_thorlabs_current.py:  82) Thorlabs stage 40179174 updated position = 61.2723552 deg.
2025-02-03 18:04:46.168 [    INFO] (nnmr_stagecontrol_thorlabs_current.py:  82) Thorlabs stage 40179174 updated position = 56.7205632 deg.
2025-02-03 18:04:46.976 [    INFO] (nnmr_stagecontrol_thorlabs_current.py:  82) Thorlabs stage 40179174 updated position = 53.37157 deg.
2025-02-03 18:04:47.784 [    INFO] (nnmr_stagecontrol_thorlabs_current.py:  82) Thorlabs stage 40179174 updated position = 52.0296133 deg.
2025-02-03 18:04:48.591 [    INFO] (nnmr_stagecontrol_thorlabs_current.py:  82) Thorlabs stage 40179174 updated position = 52.6566551 deg.
2025-02-03 18:04:49.395 [    INFO] (nnmr_stagecontrol_thorlabs_current.py:  82) Thorlabs stage 40179174 updated position = 52.9999946 deg.
2025-02-03 18:04:49.504 [    INFO] (nnmr_stagecontrol_zaber_current.py:  40) Zaber stage updated positions = 100.0 mm & 100.0 mm.
2025-02-03 18:04:49.504 [    INFO] (nnmr_stagecontrol_thorlabs_current.py:  82) Thorlabs stage 40251814 updated position = 0.0 deg.
2025-02-03 18:04:49.505 [    INFO] (nnmr_stagecontrol_thorlabs_current.py:  82) Thorlabs stage 40179174 updated position = 52.9999946 deg.
2025-02-03 18:04:49.711 [    INFO] (           server.py: 356) Client <rpyc.core.protocol.Connection 'conn79' object at 0x00000260DCBF0650> disconnected.
2025-02-03 18:04:49.713 [    INFO] (           server.py: 207) goodbye ('127.0.0.1', 53126)
2025-02-03 18:04:56.082 [    INFO] (           server.py: 157) accepted ('127.0.0.1', 53128) with fd 5292
2025-02-03 18:04:56.082 [    INFO] (           server.py: 200) welcome ('127.0.0.1', 53128)
2025-02-03 18:04:56.082 [    INFO] (           server.py: 352) Client <rpyc.core.protocol.Connection 'conn80' object at 0x00000260E6457050> connected.
2025-02-03 18:04:56.093 [    INFO] (           server.py: 356) Client <rpyc.core.protocol.Connection 'conn80' object at 0x00000260E6457050> disconnected.
2025-02-03 18:04:56.093 [    INFO] (           server.py: 207) goodbye ('127.0.0.1', 53128)
2025-02-03 18:04:57.005 [    INFO] (           server.py: 157) accepted ('127.0.0.1', 53129) with fd 6148
2025-02-03 18:04:57.005 [    INFO] (           server.py: 200) welcome ('127.0.0.1', 53129)
2025-02-03 18:04:57.005 [    INFO] (           server.py: 352) Client <rpyc.core.protocol.Connection 'conn81' object at 0x00000260E661D510> connected.
2025-02-03 18:04:57.024 [    INFO] (           server.py: 356) Client <rpyc.core.protocol.Connection 'conn81' object at 0x00000260E661D510> disconnected.
2025-02-03 18:04:57.024 [    INFO] (           server.py: 207) goodbye ('127.0.0.1', 53129)
2025-02-03 18:04:57.934 [    INFO] (           server.py: 157) accepted ('127.0.0.1', 53130) with fd 6216
2025-02-03 18:04:57.944 [    INFO] (           server.py: 200) welcome ('127.0.0.1', 53130)
2025-02-03 18:04:57.944 [    INFO] (           server.py: 352) Client <rpyc.core.protocol.Connection 'conn82' object at 0x00000260E65DD090> connected.
2025-02-03 18:04:57.947 [    INFO] (           server.py: 356) Client <rpyc.core.protocol.Connection 'conn82' object at 0x00000260E65DD090> disconnected.
2025-02-03 18:04:57.947 [    INFO] (           server.py: 207) goodbye ('127.0.0.1', 53130)
2025-02-03 18:04:58.742 [    INFO] (           server.py: 157) accepted ('127.0.0.1', 53131) with fd 6532
2025-02-03 18:04:58.753 [    INFO] (           server.py: 200) welcome ('127.0.0.1', 53131)
2025-02-03 18:04:58.753 [    INFO] (           server.py: 352) Client <rpyc.core.protocol.Connection 'conn83' object at 0x00000260E6639790> connected.
2025-02-03 18:04:58.757 [    INFO] (           server.py: 356) Client <rpyc.core.protocol.Connection 'conn83' object at 0x00000260E6639790> disconnected.
2025-02-03 18:04:58.757 [    INFO] (           server.py: 207) goodbye ('127.0.0.1', 53131)
2025-02-03 18:04:59.420 [    INFO] (           server.py: 157) accepted ('127.0.0.1', 53132) with fd 6200
2025-02-03 18:04:59.420 [    INFO] (           server.py: 200) welcome ('127.0.0.1', 53132)
2025-02-03 18:04:59.420 [    INFO] (           server.py: 352) Client <rpyc.core.protocol.Connection 'conn84' object at 0x00000260E664FE10> connected.
2025-02-03 18:04:59.430 [    INFO] (           server.py: 356) Client <rpyc.core.protocol.Connection 'conn84' object at 0x00000260E664FE10> disconnected.
2025-02-03 18:04:59.430 [    INFO] (           server.py: 207) goodbye ('127.0.0.1', 53132)
2025-02-03 18:05:00.650 [    INFO] (           server.py: 157) accepted ('127.0.0.1', 53133) with fd 6532
2025-02-03 18:05:00.650 [    INFO] (           server.py: 200) welcome ('127.0.0.1', 53133)
2025-02-03 18:05:00.660 [    INFO] (           server.py: 352) Client <rpyc.core.protocol.Connection 'conn85' object at 0x00000260DCC3BC10> connected.
2025-02-03 18:05:00.660 [    INFO] (           server.py: 356) Client <rpyc.core.protocol.Connection 'conn85' object at 0x00000260DCC3BC10> disconnected.
2025-02-03 18:05:00.660 [    INFO] (           server.py: 207) goodbye ('127.0.0.1', 53133)
2025-02-03 18:05:01.256 [    INFO] (           server.py: 157) accepted ('127.0.0.1', 53134) with fd 6148
2025-02-03 18:05:01.257 [    INFO] (           server.py: 200) welcome ('127.0.0.1', 53134)
2025-02-03 18:05:01.257 [    INFO] (           server.py: 352) Client <rpyc.core.protocol.Connection 'conn86' object at 0x00000260DCC39C50> connected.
2025-02-03 18:05:01.274 [    INFO] (           server.py: 356) Client <rpyc.core.protocol.Connection 'conn86' object at 0x00000260DCC39C50> disconnected.
2025-02-03 18:05:01.274 [    INFO] (           server.py: 207) goodbye ('127.0.0.1', 53134)
2025-02-03 18:05:04.962 [    INFO] (           server.py: 157) accepted ('127.0.0.1', 53136) with fd 5188
2025-02-03 18:05:04.962 [    INFO] (           server.py: 200) welcome ('127.0.0.1', 53136)
2025-02-03 18:05:04.962 [    INFO] (           server.py: 352) Client <rpyc.core.protocol.Connection 'conn87' object at 0x00000260DCC2F1D0> connected.
2025-02-03 18:05:07.339 [    INFO] (           server.py: 356) Client <rpyc.core.protocol.Connection 'conn87' object at 0x00000260DCC2F1D0> disconnected.
2025-02-03 18:05:07.343 [    INFO] (           server.py: 207) goodbye ('127.0.0.1', 53136)
2025-02-03 18:05:10.946 [    INFO] (           server.py: 157) accepted ('127.0.0.1', 53137) with fd 6644
2025-02-03 18:05:10.946 [    INFO] (           server.py: 200) welcome ('127.0.0.1', 53137)
2025-02-03 18:05:10.946 [    INFO] (           server.py: 352) Client <rpyc.core.protocol.Connection 'conn88' object at 0x00000260DCC39290> connected.
2025-02-03 18:05:13.332 [    INFO] (           server.py: 356) Client <rpyc.core.protocol.Connection 'conn88' object at 0x00000260DCC39290> disconnected.
2025-02-03 18:05:13.332 [    INFO] (           server.py: 207) goodbye ('127.0.0.1', 53137)
2025-02-03 18:05:18.393 [    INFO] (           server.py: 157) accepted ('127.0.0.1', 53139) with fd 6560
2025-02-03 18:05:18.393 [    INFO] (           server.py: 200) welcome ('127.0.0.1', 53139)
2025-02-03 18:05:18.393 [    INFO] (           server.py: 352) Client <rpyc.core.protocol.Connection 'conn89' object at 0x00000260E65D8990> connected.
2025-02-03 18:05:18.545 [    INFO] (           server.py: 356) Client <rpyc.core.protocol.Connection 'conn89' object at 0x00000260E65D8990> disconnected.
2025-02-03 18:05:18.547 [    INFO] (           server.py: 207) goodbye ('127.0.0.1', 53139)
2025-02-03 18:05:19.180 [    INFO] (           server.py: 157) accepted ('127.0.0.1', 53145) with fd 6636
2025-02-03 18:05:19.190 [    INFO] (           server.py: 200) welcome ('127.0.0.1', 53145)
2025-02-03 18:05:19.190 [    INFO] (           server.py: 352) Client <rpyc.core.protocol.Connection 'conn90' object at 0x00000260E65DC110> connected.
2025-02-03 18:05:19.333 [    INFO] (           server.py: 356) Client <rpyc.core.protocol.Connection 'conn90' object at 0x00000260E65DC110> disconnected.
2025-02-03 18:05:19.335 [    INFO] (           server.py: 207) goodbye ('127.0.0.1', 53145)
2025-02-03 18:06:00.324 [    INFO] (           server.py: 157) accepted ('127.0.0.1', 53156) with fd 6328
2025-02-03 18:06:00.324 [    INFO] (           server.py: 200) welcome ('127.0.0.1', 53156)
2025-02-03 18:06:00.324 [    INFO] (           server.py: 352) Client <rpyc.core.protocol.Connection 'conn91' object at 0x00000260DCC21A10> connected.
2025-02-03 18:06:00.324 [    INFO] (nnmr_stagecontrol_thorlabs_current.py: 213) Checking if move requested for stage 40251814 is safe...
2025-02-03 18:06:00.324 [    INFO] (nnmr_stagecontrol_thorlabs_current.py: 189) Moving Thorlabs stage 40251814 to 36.0 deg...
2025-02-03 18:06:00.324 [    INFO] (nnmr_stagecontrol_thorlabs_current.py: 191) Thorlabs stage 40251814 set to 36.0 deg.
2025-02-03 18:06:00.334 [    INFO] (nnmr_stagecontrol_thorlabs_current.py:  82) Thorlabs stage 40251814 updated position = 0.0 deg.
2025-02-03 18:06:01.137 [    INFO] (nnmr_stagecontrol_thorlabs_current.py:  82) Thorlabs stage 40251814 updated position = 0.8939728 deg.
2025-02-03 18:06:01.945 [    INFO] (nnmr_stagecontrol_thorlabs_current.py:  82) Thorlabs stage 40251814 updated position = 3.7937585 deg.
2025-02-03 18:06:02.752 [    INFO] (nnmr_stagecontrol_thorlabs_current.py:  82) Thorlabs stage 40251814 updated position = 8.6949947 deg.
2025-02-03 18:06:03.558 [    INFO] (nnmr_stagecontrol_thorlabs_current.py:  82) Thorlabs stage 40251814 updated position = 13.6949834 deg.
2025-02-03 18:06:04.366 [    INFO] (nnmr_stagecontrol_thorlabs_current.py:  82) Thorlabs stage 40251814 updated position = 19.3967865 deg.
2025-02-03 18:06:05.175 [    INFO] (nnmr_stagecontrol_thorlabs_current.py:  82) Thorlabs stage 40251814 updated position = 25.127025 deg.
2025-02-03 18:06:05.983 [    INFO] (nnmr_stagecontrol_thorlabs_current.py:  82) Thorlabs stage 40251814 updated position = 30.5665787 deg.
2025-02-03 18:06:06.790 [    INFO] (nnmr_stagecontrol_thorlabs_current.py:  82) Thorlabs stage 40251814 updated position = 34.2305026 deg.
2025-02-03 18:06:07.598 [    INFO] (nnmr_stagecontrol_thorlabs_current.py:  82) Thorlabs stage 40251814 updated position = 35.891912 deg.
2025-02-03 18:06:08.403 [    INFO] (nnmr_stagecontrol_thorlabs_current.py:  82) Thorlabs stage 40251814 updated position = 35.9999878 deg.
2025-02-03 18:06:08.514 [    INFO] (nnmr_stagecontrol_zaber_current.py:  40) Zaber stage updated positions = 100.0 mm & 100.0 mm.
2025-02-03 18:06:08.518 [    INFO] (nnmr_stagecontrol_thorlabs_current.py:  82) Thorlabs stage 40251814 updated position = 35.9999878 deg.
2025-02-03 18:06:08.520 [    INFO] (nnmr_stagecontrol_thorlabs_current.py:  82) Thorlabs stage 40179174 updated position = 52.9999946 deg.
2025-02-03 18:06:08.728 [    INFO] (           server.py: 356) Client <rpyc.core.protocol.Connection 'conn91' object at 0x00000260DCC21A10> disconnected.
2025-02-03 18:06:08.729 [    INFO] (           server.py: 207) goodbye ('127.0.0.1', 53156)
2025-02-03 18:06:11.500 [    INFO] (           server.py: 157) accepted ('127.0.0.1', 53158) with fd 6160
2025-02-03 18:06:11.505 [    INFO] (           server.py: 200) welcome ('127.0.0.1', 53158)
2025-02-03 18:06:11.505 [    INFO] (           server.py: 352) Client <rpyc.core.protocol.Connection 'conn92' object at 0x00000260DCBEC050> connected.
2025-02-03 18:06:19.988 [    INFO] (nnmr_stagecontrol_zaber_current.py:  40) Zaber stage updated positions = 52.46 mm & 52.46 mm.
2025-02-03 18:06:19.992 [    INFO] (nnmr_stagecontrol_thorlabs_current.py:  82) Thorlabs stage 40251814 updated position = 35.9999878 deg.
2025-02-03 18:06:19.996 [    INFO] (nnmr_stagecontrol_thorlabs_current.py:  82) Thorlabs stage 40179174 updated position = 52.9999946 deg.
2025-02-03 18:06:20.203 [    INFO] (           server.py: 356) Client <rpyc.core.protocol.Connection 'conn92' object at 0x00000260DCBEC050> disconnected.
2025-02-03 18:06:20.205 [    INFO] (           server.py: 207) goodbye ('127.0.0.1', 53158)
2025-02-03 18:06:32.046 [    INFO] (           server.py: 157) accepted ('127.0.0.1', 53160) with fd 6236
2025-02-03 18:06:32.056 [    INFO] (           server.py: 200) welcome ('127.0.0.1', 53160)
2025-02-03 18:06:32.056 [    INFO] (           server.py: 352) Client <rpyc.core.protocol.Connection 'conn93' object at 0x00000260DCC29810> connected.
2025-02-03 18:06:34.113 [   DEBUG] (              rpc.py: 227) Make call 11, (1, 2000, 10000, 8, b'FREQ2330000000.0\r\n'), <bound method Vxi11Packer.pack_device_write_parms of <pyvisa_py.protocols.vxi11.Vxi11Packer object at 0x00000260BABDD950>>, <bound method Vxi11Unpacker.unpack_device_write_resp of <pyvisa_py.protocols.vxi11.Vxi11Unpacker object at 0x00000260BABDD8D0>>
2025-02-03 18:06:34.113 [   DEBUG] (              rpc.py: 298) Sending record through <socket.socket fd=408, family=2, type=1, proto=0, laddr=('10.135.70.59', 52532), raddr=('10.135.70.65', 1000)>: b"\x00\x00\x00,\x00\x00\x00\x00\x00\x00\x00\x02\x00\x06\x07\xaf\x00\x00\x00\x01\x00\x00\x00\x0b\x00\x00\x00\x00\x00\x00\x00\x00\x00\x00\x00\x00\x00\x00\x00\x00\x00\x00\x00\x01\x00\x00\x07\xd0\x00\x00'\x10\x00\x00\x00\x08\x00\x00\x00\x12FREQ2330000000.0\r\n\x00\x00"
2025-02-03 18:06:34.113 [   DEBUG] (              rpc.py: 499) RawTCPClient: procedure type 11
2025-02-03 18:06:34.116 [   DEBUG] (              rpc.py: 357) received b'\x80\x00\x00 '
2025-02-03 18:06:34.116 [   DEBUG] (              rpc.py: 357) received b'\x00\x00\x00,\x00\x00\x00\x01\x00\x00\x00\x00\x00\x00\x00\x00\x00\x00\x00\x00\x00\x00\x00\x00\x00\x00\x00\x00\x00\x00\x00\x12'
2025-02-03 18:06:34.116 [   DEBUG] (              rpc.py: 406) Received record through <socket.socket fd=408, family=2, type=1, proto=0, laddr=('10.135.70.59', 52532), raddr=('10.135.70.65', 1000)>: bytearray(b'\x00\x00\x00,\x00\x00\x00\x01\x00\x00\x00\x00\x00\x00\x00\x00\x00\x00\x00\x00\x00\x00\x00\x00\x00\x00\x00\x00\x00\x00\x00\x12')
2025-02-03 18:06:34.116 [    INFO] (sg396_driver_current.py: 234) Set frequency to 2330000000.0 Hz
2025-02-03 18:06:34.116 [   DEBUG] (              rpc.py: 227) Make call 11, (1, 2000, 10000, 8, b'AMPR-10.0\r\n'), <bound method Vxi11Packer.pack_device_write_parms of <pyvisa_py.protocols.vxi11.Vxi11Packer object at 0x00000260BABDD950>>, <bound method Vxi11Unpacker.unpack_device_write_resp of <pyvisa_py.protocols.vxi11.Vxi11Unpacker object at 0x00000260BABDD8D0>>
2025-02-03 18:06:34.116 [   DEBUG] (              rpc.py: 298) Sending record through <socket.socket fd=408, family=2, type=1, proto=0, laddr=('10.135.70.59', 52532), raddr=('10.135.70.65', 1000)>: b"\x00\x00\x00-\x00\x00\x00\x00\x00\x00\x00\x02\x00\x06\x07\xaf\x00\x00\x00\x01\x00\x00\x00\x0b\x00\x00\x00\x00\x00\x00\x00\x00\x00\x00\x00\x00\x00\x00\x00\x00\x00\x00\x00\x01\x00\x00\x07\xd0\x00\x00'\x10\x00\x00\x00\x08\x00\x00\x00\x0bAMPR-10.0\r\n\x00"
2025-02-03 18:06:34.116 [   DEBUG] (              rpc.py: 499) RawTCPClient: procedure type 11
2025-02-03 18:06:34.118 [   DEBUG] (              rpc.py: 357) received b'\x80\x00\x00 '
2025-02-03 18:06:34.118 [   DEBUG] (              rpc.py: 357) received b'\x00\x00\x00-\x00\x00\x00\x01\x00\x00\x00\x00\x00\x00\x00\x00\x00\x00\x00\x00\x00\x00\x00\x00\x00\x00\x00\x00\x00\x00\x00\x0b'
2025-02-03 18:06:34.118 [   DEBUG] (              rpc.py: 406) Received record through <socket.socket fd=408, family=2, type=1, proto=0, laddr=('10.135.70.59', 52532), raddr=('10.135.70.65', 1000)>: bytearray(b'\x00\x00\x00-\x00\x00\x00\x01\x00\x00\x00\x00\x00\x00\x00\x00\x00\x00\x00\x00\x00\x00\x00\x00\x00\x00\x00\x00\x00\x00\x00\x0b')
2025-02-03 18:06:34.118 [   DEBUG] (              rpc.py: 227) Make call 11, (1, 2000, 10000, 8, b'TYPE 7\r\n'), <bound method Vxi11Packer.pack_device_write_parms of <pyvisa_py.protocols.vxi11.Vxi11Packer object at 0x00000260BABDD950>>, <bound method Vxi11Unpacker.unpack_device_write_resp of <pyvisa_py.protocols.vxi11.Vxi11Unpacker object at 0x00000260BABDD8D0>>
2025-02-03 18:06:34.118 [   DEBUG] (              rpc.py: 298) Sending record through <socket.socket fd=408, family=2, type=1, proto=0, laddr=('10.135.70.59', 52532), raddr=('10.135.70.65', 1000)>: b"\x00\x00\x00.\x00\x00\x00\x00\x00\x00\x00\x02\x00\x06\x07\xaf\x00\x00\x00\x01\x00\x00\x00\x0b\x00\x00\x00\x00\x00\x00\x00\x00\x00\x00\x00\x00\x00\x00\x00\x00\x00\x00\x00\x01\x00\x00\x07\xd0\x00\x00'\x10\x00\x00\x00\x08\x00\x00\x00\x08TYPE 7\r\n"
2025-02-03 18:06:34.118 [   DEBUG] (              rpc.py: 499) RawTCPClient: procedure type 11
2025-02-03 18:06:34.118 [   DEBUG] (              rpc.py: 357) received b'\x80\x00\x00 '
2025-02-03 18:06:34.118 [   DEBUG] (              rpc.py: 357) received b'\x00\x00\x00.\x00\x00\x00\x01\x00\x00\x00\x00\x00\x00\x00\x00\x00\x00\x00\x00\x00\x00\x00\x00\x00\x00\x00\x00\x00\x00\x00\x08'
2025-02-03 18:06:34.118 [   DEBUG] (              rpc.py: 406) Received record through <socket.socket fd=408, family=2, type=1, proto=0, laddr=('10.135.70.59', 52532), raddr=('10.135.70.65', 1000)>: bytearray(b'\x00\x00\x00.\x00\x00\x00\x01\x00\x00\x00\x00\x00\x00\x00\x00\x00\x00\x00\x00\x00\x00\x00\x00\x00\x00\x00\x00\x00\x00\x00\x08')
2025-02-03 18:06:34.118 [   DEBUG] (              rpc.py: 227) Make call 11, (1, 2000, 10000, 8, b'STYP 1\r\n'), <bound method Vxi11Packer.pack_device_write_parms of <pyvisa_py.protocols.vxi11.Vxi11Packer object at 0x00000260BABDD950>>, <bound method Vxi11Unpacker.unpack_device_write_resp of <pyvisa_py.protocols.vxi11.Vxi11Unpacker object at 0x00000260BABDD8D0>>
2025-02-03 18:06:34.118 [   DEBUG] (              rpc.py: 298) Sending record through <socket.socket fd=408, family=2, type=1, proto=0, laddr=('10.135.70.59', 52532), raddr=('10.135.70.65', 1000)>: b"\x00\x00\x00/\x00\x00\x00\x00\x00\x00\x00\x02\x00\x06\x07\xaf\x00\x00\x00\x01\x00\x00\x00\x0b\x00\x00\x00\x00\x00\x00\x00\x00\x00\x00\x00\x00\x00\x00\x00\x00\x00\x00\x00\x01\x00\x00\x07\xd0\x00\x00'\x10\x00\x00\x00\x08\x00\x00\x00\x08STYP 1\r\n"
2025-02-03 18:06:34.118 [   DEBUG] (              rpc.py: 499) RawTCPClient: procedure type 11
2025-02-03 18:06:34.118 [   DEBUG] (              rpc.py: 357) received b'\x80\x00\x00 '
2025-02-03 18:06:34.118 [   DEBUG] (              rpc.py: 357) received b'\x00\x00\x00/\x00\x00\x00\x01\x00\x00\x00\x00\x00\x00\x00\x00\x00\x00\x00\x00\x00\x00\x00\x00\x00\x00\x00\x00\x00\x00\x00\x08'
2025-02-03 18:06:34.118 [   DEBUG] (              rpc.py: 406) Received record through <socket.socket fd=408, family=2, type=1, proto=0, laddr=('10.135.70.59', 52532), raddr=('10.135.70.65', 1000)>: bytearray(b'\x00\x00\x00/\x00\x00\x00\x01\x00\x00\x00\x00\x00\x00\x00\x00\x00\x00\x00\x00\x00\x00\x00\x00\x00\x00\x00\x00\x00\x00\x00\x08')
2025-02-03 18:06:34.123 [   DEBUG] (              rpc.py: 227) Make call 11, (1, 2000, 10000, 8, b'QFNC 5\r\n'), <bound method Vxi11Packer.pack_device_write_parms of <pyvisa_py.protocols.vxi11.Vxi11Packer object at 0x00000260BABDD950>>, <bound method Vxi11Unpacker.unpack_device_write_resp of <pyvisa_py.protocols.vxi11.Vxi11Unpacker object at 0x00000260BABDD8D0>>
2025-02-03 18:06:34.123 [   DEBUG] (              rpc.py: 298) Sending record through <socket.socket fd=408, family=2, type=1, proto=0, laddr=('10.135.70.59', 52532), raddr=('10.135.70.65', 1000)>: b"\x00\x00\x000\x00\x00\x00\x00\x00\x00\x00\x02\x00\x06\x07\xaf\x00\x00\x00\x01\x00\x00\x00\x0b\x00\x00\x00\x00\x00\x00\x00\x00\x00\x00\x00\x00\x00\x00\x00\x00\x00\x00\x00\x01\x00\x00\x07\xd0\x00\x00'\x10\x00\x00\x00\x08\x00\x00\x00\x08QFNC 5\r\n"
2025-02-03 18:06:34.123 [   DEBUG] (              rpc.py: 499) RawTCPClient: procedure type 11
2025-02-03 18:06:34.123 [   DEBUG] (              rpc.py: 357) received b'\x80\x00\x00 '
2025-02-03 18:06:34.123 [   DEBUG] (              rpc.py: 357) received b'\x00\x00\x000\x00\x00\x00\x01\x00\x00\x00\x00\x00\x00\x00\x00\x00\x00\x00\x00\x00\x00\x00\x00\x00\x00\x00\x00\x00\x00\x00\x08'
2025-02-03 18:06:34.123 [   DEBUG] (              rpc.py: 406) Received record through <socket.socket fd=408, family=2, type=1, proto=0, laddr=('10.135.70.59', 52532), raddr=('10.135.70.65', 1000)>: bytearray(b'\x00\x00\x000\x00\x00\x00\x01\x00\x00\x00\x00\x00\x00\x00\x00\x00\x00\x00\x00\x00\x00\x00\x00\x00\x00\x00\x00\x00\x00\x00\x08')
2025-02-03 18:06:34.123 [   DEBUG] (              rpc.py: 227) Make call 11, (1, 2000, 10000, 8, b'MODL 1\r\n'), <bound method Vxi11Packer.pack_device_write_parms of <pyvisa_py.protocols.vxi11.Vxi11Packer object at 0x00000260BABDD950>>, <bound method Vxi11Unpacker.unpack_device_write_resp of <pyvisa_py.protocols.vxi11.Vxi11Unpacker object at 0x00000260BABDD8D0>>
2025-02-03 18:06:34.123 [   DEBUG] (              rpc.py: 298) Sending record through <socket.socket fd=408, family=2, type=1, proto=0, laddr=('10.135.70.59', 52532), raddr=('10.135.70.65', 1000)>: b"\x00\x00\x001\x00\x00\x00\x00\x00\x00\x00\x02\x00\x06\x07\xaf\x00\x00\x00\x01\x00\x00\x00\x0b\x00\x00\x00\x00\x00\x00\x00\x00\x00\x00\x00\x00\x00\x00\x00\x00\x00\x00\x00\x01\x00\x00\x07\xd0\x00\x00'\x10\x00\x00\x00\x08\x00\x00\x00\x08MODL 1\r\n"
2025-02-03 18:06:34.123 [   DEBUG] (              rpc.py: 499) RawTCPClient: procedure type 11
2025-02-03 18:06:34.123 [   DEBUG] (              rpc.py: 357) received b'\x80\x00\x00 '
2025-02-03 18:06:34.123 [   DEBUG] (              rpc.py: 357) received b'\x00\x00\x001\x00\x00\x00\x01\x00\x00\x00\x00\x00\x00\x00\x00\x00\x00\x00\x00\x00\x00\x00\x00\x00\x00\x00\x00\x00\x00\x00\x08'
2025-02-03 18:06:34.123 [   DEBUG] (              rpc.py: 406) Received record through <socket.socket fd=408, family=2, type=1, proto=0, laddr=('10.135.70.59', 52532), raddr=('10.135.70.65', 1000)>: bytearray(b'\x00\x00\x001\x00\x00\x00\x01\x00\x00\x00\x00\x00\x00\x00\x00\x00\x00\x00\x00\x00\x00\x00\x00\x00\x00\x00\x00\x00\x00\x00\x08')
2025-02-03 18:06:34.896 [   DEBUG] (              rpc.py: 227) Make call 11, (1, 2000, 10000, 8, b'ENBR1\r\n'), <bound method Vxi11Packer.pack_device_write_parms of <pyvisa_py.protocols.vxi11.Vxi11Packer object at 0x00000260BABDD950>>, <bound method Vxi11Unpacker.unpack_device_write_resp of <pyvisa_py.protocols.vxi11.Vxi11Unpacker object at 0x00000260BABDD8D0>>
2025-02-03 18:06:34.896 [   DEBUG] (              rpc.py: 298) Sending record through <socket.socket fd=408, family=2, type=1, proto=0, laddr=('10.135.70.59', 52532), raddr=('10.135.70.65', 1000)>: b"\x00\x00\x002\x00\x00\x00\x00\x00\x00\x00\x02\x00\x06\x07\xaf\x00\x00\x00\x01\x00\x00\x00\x0b\x00\x00\x00\x00\x00\x00\x00\x00\x00\x00\x00\x00\x00\x00\x00\x00\x00\x00\x00\x01\x00\x00\x07\xd0\x00\x00'\x10\x00\x00\x00\x08\x00\x00\x00\x07ENBR1\r\n\x00"
2025-02-03 18:06:34.896 [   DEBUG] (              rpc.py: 499) RawTCPClient: procedure type 11
2025-02-03 18:06:34.896 [   DEBUG] (              rpc.py: 357) received b'\x80\x00\x00 '
2025-02-03 18:06:34.896 [   DEBUG] (              rpc.py: 357) received b'\x00\x00\x002\x00\x00\x00\x01\x00\x00\x00\x00\x00\x00\x00\x00\x00\x00\x00\x00\x00\x00\x00\x00\x00\x00\x00\x00\x00\x00\x00\x07'
2025-02-03 18:06:34.896 [   DEBUG] (              rpc.py: 406) Received record through <socket.socket fd=408, family=2, type=1, proto=0, laddr=('10.135.70.59', 52532), raddr=('10.135.70.65', 1000)>: bytearray(b'\x00\x00\x002\x00\x00\x00\x01\x00\x00\x00\x00\x00\x00\x00\x00\x00\x00\x00\x00\x00\x00\x00\x00\x00\x00\x00\x00\x00\x00\x00\x07')
2025-02-03 18:06:34.896 [    INFO] (laser_driver_current.py:  95) Modulation state set to 'continuous'
2025-02-03 18:06:34.896 [    INFO] (laser_driver_current.py:  55) Analog control mode set to 'current'
2025-02-03 18:06:34.907 [    INFO] (laser_driver_current.py:  89) Laser diode current set to '110%'
2025-02-03 18:06:34.907 [ WARNING] (laser_driver_current.py:  40) Failed to set command 'CM=110'
2025-02-03 18:06:34.907 [ WARNING] (laser_driver_current.py:  41) Response from Device :'CM=110.00'
2025-02-03 18:06:34.907 [    INFO] (laser_driver_current.py: 105) Laser emission is ON
2025-02-03 18:06:38.338 [    INFO] (           server.py: 157) accepted ('127.0.0.1', 53175) with fd 6172
2025-02-03 18:06:38.338 [    INFO] (           server.py: 200) welcome ('127.0.0.1', 53175)
2025-02-03 18:06:38.338 [    INFO] (           server.py: 352) Client <rpyc.core.protocol.Connection 'conn94' object at 0x00000260DCC2F050> connected.
2025-02-03 18:06:38.348 [    INFO] (laser_driver_current.py: 108) Laser emission is OFF
2025-02-03 18:06:38.348 [   DEBUG] (              rpc.py: 227) Make call 11, (1, 2000, 10000, 8, b'ENBR0\r\n'), <bound method Vxi11Packer.pack_device_write_parms of <pyvisa_py.protocols.vxi11.Vxi11Packer object at 0x00000260BABDD950>>, <bound method Vxi11Unpacker.unpack_device_write_resp of <pyvisa_py.protocols.vxi11.Vxi11Unpacker object at 0x00000260BABDD8D0>>
2025-02-03 18:06:38.348 [   DEBUG] (              rpc.py: 298) Sending record through <socket.socket fd=408, family=2, type=1, proto=0, laddr=('10.135.70.59', 52532), raddr=('10.135.70.65', 1000)>: b"\x00\x00\x003\x00\x00\x00\x00\x00\x00\x00\x02\x00\x06\x07\xaf\x00\x00\x00\x01\x00\x00\x00\x0b\x00\x00\x00\x00\x00\x00\x00\x00\x00\x00\x00\x00\x00\x00\x00\x00\x00\x00\x00\x01\x00\x00\x07\xd0\x00\x00'\x10\x00\x00\x00\x08\x00\x00\x00\x07ENBR0\r\n\x00"
2025-02-03 18:06:38.348 [   DEBUG] (              rpc.py: 499) RawTCPClient: procedure type 11
2025-02-03 18:06:38.348 [   DEBUG] (              rpc.py: 357) received b'\x80\x00\x00 '
2025-02-03 18:06:38.348 [   DEBUG] (              rpc.py: 357) received b'\x00\x00\x003\x00\x00\x00\x01\x00\x00\x00\x00\x00\x00\x00\x00\x00\x00\x00\x00\x00\x00\x00\x00\x00\x00\x00\x00\x00\x00\x00\x07'
2025-02-03 18:06:38.348 [   DEBUG] (              rpc.py: 406) Received record through <socket.socket fd=408, family=2, type=1, proto=0, laddr=('10.135.70.59', 52532), raddr=('10.135.70.65', 1000)>: bytearray(b'\x00\x00\x003\x00\x00\x00\x01\x00\x00\x00\x00\x00\x00\x00\x00\x00\x00\x00\x00\x00\x00\x00\x00\x00\x00\x00\x00\x00\x00\x00\x07')
2025-02-03 18:06:38.348 [   DEBUG] (              rpc.py: 227) Make call 11, (1, 2000, 10000, 8, b'MODL 0\r\n'), <bound method Vxi11Packer.pack_device_write_parms of <pyvisa_py.protocols.vxi11.Vxi11Packer object at 0x00000260BABDD950>>, <bound method Vxi11Unpacker.unpack_device_write_resp of <pyvisa_py.protocols.vxi11.Vxi11Unpacker object at 0x00000260BABDD8D0>>
2025-02-03 18:06:38.348 [   DEBUG] (              rpc.py: 298) Sending record through <socket.socket fd=408, family=2, type=1, proto=0, laddr=('10.135.70.59', 52532), raddr=('10.135.70.65', 1000)>: b"\x00\x00\x004\x00\x00\x00\x00\x00\x00\x00\x02\x00\x06\x07\xaf\x00\x00\x00\x01\x00\x00\x00\x0b\x00\x00\x00\x00\x00\x00\x00\x00\x00\x00\x00\x00\x00\x00\x00\x00\x00\x00\x00\x01\x00\x00\x07\xd0\x00\x00'\x10\x00\x00\x00\x08\x00\x00\x00\x08MODL 0\r\n"
2025-02-03 18:06:38.348 [   DEBUG] (              rpc.py: 499) RawTCPClient: procedure type 11
2025-02-03 18:06:38.358 [   DEBUG] (              rpc.py: 357) received b'\x80\x00\x00 '
2025-02-03 18:06:38.358 [   DEBUG] (              rpc.py: 357) received b'\x00\x00\x004\x00\x00\x00\x01\x00\x00\x00\x00\x00\x00\x00\x00\x00\x00\x00\x00\x00\x00\x00\x00\x00\x00\x00\x00\x00\x00\x00\x08'
2025-02-03 18:06:38.358 [   DEBUG] (              rpc.py: 406) Received record through <socket.socket fd=408, family=2, type=1, proto=0, laddr=('10.135.70.59', 52532), raddr=('10.135.70.65', 1000)>: bytearray(b'\x00\x00\x004\x00\x00\x00\x01\x00\x00\x00\x00\x00\x00\x00\x00\x00\x00\x00\x00\x00\x00\x00\x00\x00\x00\x00\x00\x00\x00\x00\x08')
2025-02-03 18:06:38.398 [    INFO] (           server.py: 356) Client <rpyc.core.protocol.Connection 'conn94' object at 0x00000260DCC2F050> disconnected.
2025-02-03 18:06:38.398 [    INFO] (           server.py: 207) goodbye ('127.0.0.1', 53175)
2025-02-03 18:06:38.398 [    INFO] (           server.py: 356) Client <rpyc.core.protocol.Connection 'conn93' object at 0x00000260DCC29810> disconnected.
2025-02-03 18:06:38.398 [    INFO] (           server.py: 207) goodbye ('127.0.0.1', 53160)
2025-02-03 18:06:54.238 [    INFO] (           server.py: 157) accepted ('127.0.0.1', 53177) with fd 6208
2025-02-03 18:06:54.238 [    INFO] (           server.py: 200) welcome ('127.0.0.1', 53177)
2025-02-03 18:06:54.238 [    INFO] (           server.py: 352) Client <rpyc.core.protocol.Connection 'conn95' object at 0x00000260E6464690> connected.
2025-02-03 18:06:56.301 [   DEBUG] (              rpc.py: 227) Make call 11, (1, 2000, 10000, 8, b'FREQ2330000000.0\r\n'), <bound method Vxi11Packer.pack_device_write_parms of <pyvisa_py.protocols.vxi11.Vxi11Packer object at 0x00000260BABDD950>>, <bound method Vxi11Unpacker.unpack_device_write_resp of <pyvisa_py.protocols.vxi11.Vxi11Unpacker object at 0x00000260BABDD8D0>>
2025-02-03 18:06:56.301 [   DEBUG] (              rpc.py: 298) Sending record through <socket.socket fd=408, family=2, type=1, proto=0, laddr=('10.135.70.59', 52532), raddr=('10.135.70.65', 1000)>: b"\x00\x00\x005\x00\x00\x00\x00\x00\x00\x00\x02\x00\x06\x07\xaf\x00\x00\x00\x01\x00\x00\x00\x0b\x00\x00\x00\x00\x00\x00\x00\x00\x00\x00\x00\x00\x00\x00\x00\x00\x00\x00\x00\x01\x00\x00\x07\xd0\x00\x00'\x10\x00\x00\x00\x08\x00\x00\x00\x12FREQ2330000000.0\r\n\x00\x00"
2025-02-03 18:06:56.301 [   DEBUG] (              rpc.py: 499) RawTCPClient: procedure type 11
2025-02-03 18:06:56.301 [   DEBUG] (              rpc.py: 357) received b'\x80\x00\x00 '
2025-02-03 18:06:56.301 [   DEBUG] (              rpc.py: 357) received b'\x00\x00\x005\x00\x00\x00\x01\x00\x00\x00\x00\x00\x00\x00\x00\x00\x00\x00\x00\x00\x00\x00\x00\x00\x00\x00\x00\x00\x00\x00\x12'
2025-02-03 18:06:56.301 [   DEBUG] (              rpc.py: 406) Received record through <socket.socket fd=408, family=2, type=1, proto=0, laddr=('10.135.70.59', 52532), raddr=('10.135.70.65', 1000)>: bytearray(b'\x00\x00\x005\x00\x00\x00\x01\x00\x00\x00\x00\x00\x00\x00\x00\x00\x00\x00\x00\x00\x00\x00\x00\x00\x00\x00\x00\x00\x00\x00\x12')
2025-02-03 18:06:56.301 [    INFO] (sg396_driver_current.py: 234) Set frequency to 2330000000.0 Hz
2025-02-03 18:06:56.306 [   DEBUG] (              rpc.py: 227) Make call 11, (1, 2000, 10000, 8, b'AMPR-10.0\r\n'), <bound method Vxi11Packer.pack_device_write_parms of <pyvisa_py.protocols.vxi11.Vxi11Packer object at 0x00000260BABDD950>>, <bound method Vxi11Unpacker.unpack_device_write_resp of <pyvisa_py.protocols.vxi11.Vxi11Unpacker object at 0x00000260BABDD8D0>>
2025-02-03 18:06:56.306 [   DEBUG] (              rpc.py: 298) Sending record through <socket.socket fd=408, family=2, type=1, proto=0, laddr=('10.135.70.59', 52532), raddr=('10.135.70.65', 1000)>: b"\x00\x00\x006\x00\x00\x00\x00\x00\x00\x00\x02\x00\x06\x07\xaf\x00\x00\x00\x01\x00\x00\x00\x0b\x00\x00\x00\x00\x00\x00\x00\x00\x00\x00\x00\x00\x00\x00\x00\x00\x00\x00\x00\x01\x00\x00\x07\xd0\x00\x00'\x10\x00\x00\x00\x08\x00\x00\x00\x0bAMPR-10.0\r\n\x00"
2025-02-03 18:06:56.306 [   DEBUG] (              rpc.py: 499) RawTCPClient: procedure type 11
2025-02-03 18:06:56.306 [   DEBUG] (              rpc.py: 357) received b'\x80\x00\x00 '
2025-02-03 18:06:56.306 [   DEBUG] (              rpc.py: 357) received b'\x00\x00\x006\x00\x00\x00\x01\x00\x00\x00\x00\x00\x00\x00\x00\x00\x00\x00\x00\x00\x00\x00\x00\x00\x00\x00\x00\x00\x00\x00\x0b'
2025-02-03 18:06:56.306 [   DEBUG] (              rpc.py: 406) Received record through <socket.socket fd=408, family=2, type=1, proto=0, laddr=('10.135.70.59', 52532), raddr=('10.135.70.65', 1000)>: bytearray(b'\x00\x00\x006\x00\x00\x00\x01\x00\x00\x00\x00\x00\x00\x00\x00\x00\x00\x00\x00\x00\x00\x00\x00\x00\x00\x00\x00\x00\x00\x00\x0b')
2025-02-03 18:06:56.306 [   DEBUG] (              rpc.py: 227) Make call 11, (1, 2000, 10000, 8, b'TYPE 7\r\n'), <bound method Vxi11Packer.pack_device_write_parms of <pyvisa_py.protocols.vxi11.Vxi11Packer object at 0x00000260BABDD950>>, <bound method Vxi11Unpacker.unpack_device_write_resp of <pyvisa_py.protocols.vxi11.Vxi11Unpacker object at 0x00000260BABDD8D0>>
2025-02-03 18:06:56.306 [   DEBUG] (              rpc.py: 298) Sending record through <socket.socket fd=408, family=2, type=1, proto=0, laddr=('10.135.70.59', 52532), raddr=('10.135.70.65', 1000)>: b"\x00\x00\x007\x00\x00\x00\x00\x00\x00\x00\x02\x00\x06\x07\xaf\x00\x00\x00\x01\x00\x00\x00\x0b\x00\x00\x00\x00\x00\x00\x00\x00\x00\x00\x00\x00\x00\x00\x00\x00\x00\x00\x00\x01\x00\x00\x07\xd0\x00\x00'\x10\x00\x00\x00\x08\x00\x00\x00\x08TYPE 7\r\n"
2025-02-03 18:06:56.306 [   DEBUG] (              rpc.py: 499) RawTCPClient: procedure type 11
2025-02-03 18:06:56.306 [   DEBUG] (              rpc.py: 357) received b'\x80\x00\x00 '
2025-02-03 18:06:56.306 [   DEBUG] (              rpc.py: 357) received b'\x00\x00\x007\x00\x00\x00\x01\x00\x00\x00\x00\x00\x00\x00\x00\x00\x00\x00\x00\x00\x00\x00\x00\x00\x00\x00\x00\x00\x00\x00\x08'
2025-02-03 18:06:56.306 [   DEBUG] (              rpc.py: 406) Received record through <socket.socket fd=408, family=2, type=1, proto=0, laddr=('10.135.70.59', 52532), raddr=('10.135.70.65', 1000)>: bytearray(b'\x00\x00\x007\x00\x00\x00\x01\x00\x00\x00\x00\x00\x00\x00\x00\x00\x00\x00\x00\x00\x00\x00\x00\x00\x00\x00\x00\x00\x00\x00\x08')
2025-02-03 18:06:56.306 [   DEBUG] (              rpc.py: 227) Make call 11, (1, 2000, 10000, 8, b'STYP 1\r\n'), <bound method Vxi11Packer.pack_device_write_parms of <pyvisa_py.protocols.vxi11.Vxi11Packer object at 0x00000260BABDD950>>, <bound method Vxi11Unpacker.unpack_device_write_resp of <pyvisa_py.protocols.vxi11.Vxi11Unpacker object at 0x00000260BABDD8D0>>
2025-02-03 18:06:56.306 [   DEBUG] (              rpc.py: 298) Sending record through <socket.socket fd=408, family=2, type=1, proto=0, laddr=('10.135.70.59', 52532), raddr=('10.135.70.65', 1000)>: b"\x00\x00\x008\x00\x00\x00\x00\x00\x00\x00\x02\x00\x06\x07\xaf\x00\x00\x00\x01\x00\x00\x00\x0b\x00\x00\x00\x00\x00\x00\x00\x00\x00\x00\x00\x00\x00\x00\x00\x00\x00\x00\x00\x01\x00\x00\x07\xd0\x00\x00'\x10\x00\x00\x00\x08\x00\x00\x00\x08STYP 1\r\n"
2025-02-03 18:06:56.306 [   DEBUG] (              rpc.py: 499) RawTCPClient: procedure type 11
2025-02-03 18:06:56.306 [   DEBUG] (              rpc.py: 357) received b'\x80\x00\x00 '
2025-02-03 18:06:56.306 [   DEBUG] (              rpc.py: 357) received b'\x00\x00\x008\x00\x00\x00\x01\x00\x00\x00\x00\x00\x00\x00\x00\x00\x00\x00\x00\x00\x00\x00\x00\x00\x00\x00\x00\x00\x00\x00\x08'
2025-02-03 18:06:56.306 [   DEBUG] (              rpc.py: 406) Received record through <socket.socket fd=408, family=2, type=1, proto=0, laddr=('10.135.70.59', 52532), raddr=('10.135.70.65', 1000)>: bytearray(b'\x00\x00\x008\x00\x00\x00\x01\x00\x00\x00\x00\x00\x00\x00\x00\x00\x00\x00\x00\x00\x00\x00\x00\x00\x00\x00\x00\x00\x00\x00\x08')
2025-02-03 18:06:56.306 [   DEBUG] (              rpc.py: 227) Make call 11, (1, 2000, 10000, 8, b'QFNC 5\r\n'), <bound method Vxi11Packer.pack_device_write_parms of <pyvisa_py.protocols.vxi11.Vxi11Packer object at 0x00000260BABDD950>>, <bound method Vxi11Unpacker.unpack_device_write_resp of <pyvisa_py.protocols.vxi11.Vxi11Unpacker object at 0x00000260BABDD8D0>>
2025-02-03 18:06:56.306 [   DEBUG] (              rpc.py: 298) Sending record through <socket.socket fd=408, family=2, type=1, proto=0, laddr=('10.135.70.59', 52532), raddr=('10.135.70.65', 1000)>: b"\x00\x00\x009\x00\x00\x00\x00\x00\x00\x00\x02\x00\x06\x07\xaf\x00\x00\x00\x01\x00\x00\x00\x0b\x00\x00\x00\x00\x00\x00\x00\x00\x00\x00\x00\x00\x00\x00\x00\x00\x00\x00\x00\x01\x00\x00\x07\xd0\x00\x00'\x10\x00\x00\x00\x08\x00\x00\x00\x08QFNC 5\r\n"
2025-02-03 18:06:56.306 [   DEBUG] (              rpc.py: 499) RawTCPClient: procedure type 11
2025-02-03 18:06:56.306 [   DEBUG] (              rpc.py: 357) received b'\x80\x00\x00 '
2025-02-03 18:06:56.306 [   DEBUG] (              rpc.py: 357) received b'\x00\x00\x009\x00\x00\x00\x01\x00\x00\x00\x00\x00\x00\x00\x00\x00\x00\x00\x00\x00\x00\x00\x00\x00\x00\x00\x00\x00\x00\x00\x08'
2025-02-03 18:06:56.306 [   DEBUG] (              rpc.py: 406) Received record through <socket.socket fd=408, family=2, type=1, proto=0, laddr=('10.135.70.59', 52532), raddr=('10.135.70.65', 1000)>: bytearray(b'\x00\x00\x009\x00\x00\x00\x01\x00\x00\x00\x00\x00\x00\x00\x00\x00\x00\x00\x00\x00\x00\x00\x00\x00\x00\x00\x00\x00\x00\x00\x08')
2025-02-03 18:06:56.306 [   DEBUG] (              rpc.py: 227) Make call 11, (1, 2000, 10000, 8, b'MODL 1\r\n'), <bound method Vxi11Packer.pack_device_write_parms of <pyvisa_py.protocols.vxi11.Vxi11Packer object at 0x00000260BABDD950>>, <bound method Vxi11Unpacker.unpack_device_write_resp of <pyvisa_py.protocols.vxi11.Vxi11Unpacker object at 0x00000260BABDD8D0>>
2025-02-03 18:06:56.306 [   DEBUG] (              rpc.py: 298) Sending record through <socket.socket fd=408, family=2, type=1, proto=0, laddr=('10.135.70.59', 52532), raddr=('10.135.70.65', 1000)>: b"\x00\x00\x00:\x00\x00\x00\x00\x00\x00\x00\x02\x00\x06\x07\xaf\x00\x00\x00\x01\x00\x00\x00\x0b\x00\x00\x00\x00\x00\x00\x00\x00\x00\x00\x00\x00\x00\x00\x00\x00\x00\x00\x00\x01\x00\x00\x07\xd0\x00\x00'\x10\x00\x00\x00\x08\x00\x00\x00\x08MODL 1\r\n"
2025-02-03 18:06:56.306 [   DEBUG] (              rpc.py: 499) RawTCPClient: procedure type 11
2025-02-03 18:06:56.316 [   DEBUG] (              rpc.py: 357) received b'\x80\x00\x00 '
2025-02-03 18:06:56.316 [   DEBUG] (              rpc.py: 357) received b'\x00\x00\x00:\x00\x00\x00\x01\x00\x00\x00\x00\x00\x00\x00\x00\x00\x00\x00\x00\x00\x00\x00\x00\x00\x00\x00\x00\x00\x00\x00\x08'
2025-02-03 18:06:56.316 [   DEBUG] (              rpc.py: 406) Received record through <socket.socket fd=408, family=2, type=1, proto=0, laddr=('10.135.70.59', 52532), raddr=('10.135.70.65', 1000)>: bytearray(b'\x00\x00\x00:\x00\x00\x00\x01\x00\x00\x00\x00\x00\x00\x00\x00\x00\x00\x00\x00\x00\x00\x00\x00\x00\x00\x00\x00\x00\x00\x00\x08')
2025-02-03 18:06:57.098 [   DEBUG] (              rpc.py: 227) Make call 11, (1, 2000, 10000, 8, b'ENBR1\r\n'), <bound method Vxi11Packer.pack_device_write_parms of <pyvisa_py.protocols.vxi11.Vxi11Packer object at 0x00000260BABDD950>>, <bound method Vxi11Unpacker.unpack_device_write_resp of <pyvisa_py.protocols.vxi11.Vxi11Unpacker object at 0x00000260BABDD8D0>>
2025-02-03 18:06:57.098 [   DEBUG] (              rpc.py: 298) Sending record through <socket.socket fd=408, family=2, type=1, proto=0, laddr=('10.135.70.59', 52532), raddr=('10.135.70.65', 1000)>: b"\x00\x00\x00;\x00\x00\x00\x00\x00\x00\x00\x02\x00\x06\x07\xaf\x00\x00\x00\x01\x00\x00\x00\x0b\x00\x00\x00\x00\x00\x00\x00\x00\x00\x00\x00\x00\x00\x00\x00\x00\x00\x00\x00\x01\x00\x00\x07\xd0\x00\x00'\x10\x00\x00\x00\x08\x00\x00\x00\x07ENBR1\r\n\x00"
2025-02-03 18:06:57.098 [   DEBUG] (              rpc.py: 499) RawTCPClient: procedure type 11
2025-02-03 18:06:57.098 [   DEBUG] (              rpc.py: 357) received b'\x80\x00\x00 '
2025-02-03 18:06:57.098 [   DEBUG] (              rpc.py: 357) received b'\x00\x00\x00;\x00\x00\x00\x01\x00\x00\x00\x00\x00\x00\x00\x00\x00\x00\x00\x00\x00\x00\x00\x00\x00\x00\x00\x00\x00\x00\x00\x07'
2025-02-03 18:06:57.098 [   DEBUG] (              rpc.py: 406) Received record through <socket.socket fd=408, family=2, type=1, proto=0, laddr=('10.135.70.59', 52532), raddr=('10.135.70.65', 1000)>: bytearray(b'\x00\x00\x00;\x00\x00\x00\x01\x00\x00\x00\x00\x00\x00\x00\x00\x00\x00\x00\x00\x00\x00\x00\x00\x00\x00\x00\x00\x00\x00\x00\x07')
2025-02-03 18:06:57.098 [    INFO] (laser_driver_current.py:  95) Modulation state set to 'continuous'
2025-02-03 18:06:57.108 [    INFO] (laser_driver_current.py:  55) Analog control mode set to 'current'
2025-02-03 18:06:57.118 [    INFO] (laser_driver_current.py:  89) Laser diode current set to '110%'
2025-02-03 18:06:57.118 [ WARNING] (laser_driver_current.py:  40) Failed to set command 'CM=110'
2025-02-03 18:06:57.118 [ WARNING] (laser_driver_current.py:  41) Response from Device :'CM=110.00'
2025-02-03 18:06:57.118 [    INFO] (laser_driver_current.py: 105) Laser emission is ON
2025-02-03 18:07:05.693 [    INFO] (           server.py: 157) accepted ('127.0.0.1', 53187) with fd 6496
2025-02-03 18:07:05.693 [    INFO] (           server.py: 200) welcome ('127.0.0.1', 53187)
2025-02-03 18:07:05.693 [    INFO] (           server.py: 352) Client <rpyc.core.protocol.Connection 'conn96' object at 0x00000260E6616550> connected.
2025-02-03 18:07:05.700 [    INFO] (laser_driver_current.py: 108) Laser emission is OFF
2025-02-03 18:07:05.702 [   DEBUG] (              rpc.py: 227) Make call 11, (1, 2000, 10000, 8, b'ENBR0\r\n'), <bound method Vxi11Packer.pack_device_write_parms of <pyvisa_py.protocols.vxi11.Vxi11Packer object at 0x00000260BABDD950>>, <bound method Vxi11Unpacker.unpack_device_write_resp of <pyvisa_py.protocols.vxi11.Vxi11Unpacker object at 0x00000260BABDD8D0>>
2025-02-03 18:07:05.702 [   DEBUG] (              rpc.py: 298) Sending record through <socket.socket fd=408, family=2, type=1, proto=0, laddr=('10.135.70.59', 52532), raddr=('10.135.70.65', 1000)>: b"\x00\x00\x00<\x00\x00\x00\x00\x00\x00\x00\x02\x00\x06\x07\xaf\x00\x00\x00\x01\x00\x00\x00\x0b\x00\x00\x00\x00\x00\x00\x00\x00\x00\x00\x00\x00\x00\x00\x00\x00\x00\x00\x00\x01\x00\x00\x07\xd0\x00\x00'\x10\x00\x00\x00\x08\x00\x00\x00\x07ENBR0\r\n\x00"
2025-02-03 18:07:05.702 [   DEBUG] (              rpc.py: 499) RawTCPClient: procedure type 11
2025-02-03 18:07:05.702 [   DEBUG] (              rpc.py: 357) received b'\x80\x00\x00 '
2025-02-03 18:07:05.702 [   DEBUG] (              rpc.py: 357) received b'\x00\x00\x00<\x00\x00\x00\x01\x00\x00\x00\x00\x00\x00\x00\x00\x00\x00\x00\x00\x00\x00\x00\x00\x00\x00\x00\x00\x00\x00\x00\x07'
2025-02-03 18:07:05.702 [   DEBUG] (              rpc.py: 406) Received record through <socket.socket fd=408, family=2, type=1, proto=0, laddr=('10.135.70.59', 52532), raddr=('10.135.70.65', 1000)>: bytearray(b'\x00\x00\x00<\x00\x00\x00\x01\x00\x00\x00\x00\x00\x00\x00\x00\x00\x00\x00\x00\x00\x00\x00\x00\x00\x00\x00\x00\x00\x00\x00\x07')
2025-02-03 18:07:05.702 [   DEBUG] (              rpc.py: 227) Make call 11, (1, 2000, 10000, 8, b'MODL 0\r\n'), <bound method Vxi11Packer.pack_device_write_parms of <pyvisa_py.protocols.vxi11.Vxi11Packer object at 0x00000260BABDD950>>, <bound method Vxi11Unpacker.unpack_device_write_resp of <pyvisa_py.protocols.vxi11.Vxi11Unpacker object at 0x00000260BABDD8D0>>
2025-02-03 18:07:05.702 [   DEBUG] (              rpc.py: 298) Sending record through <socket.socket fd=408, family=2, type=1, proto=0, laddr=('10.135.70.59', 52532), raddr=('10.135.70.65', 1000)>: b"\x00\x00\x00=\x00\x00\x00\x00\x00\x00\x00\x02\x00\x06\x07\xaf\x00\x00\x00\x01\x00\x00\x00\x0b\x00\x00\x00\x00\x00\x00\x00\x00\x00\x00\x00\x00\x00\x00\x00\x00\x00\x00\x00\x01\x00\x00\x07\xd0\x00\x00'\x10\x00\x00\x00\x08\x00\x00\x00\x08MODL 0\r\n"
2025-02-03 18:07:05.702 [   DEBUG] (              rpc.py: 499) RawTCPClient: procedure type 11
2025-02-03 18:07:05.702 [   DEBUG] (              rpc.py: 357) received b'\x80\x00\x00 '
2025-02-03 18:07:05.713 [   DEBUG] (              rpc.py: 357) received b'\x00\x00\x00=\x00\x00\x00\x01\x00\x00\x00\x00\x00\x00\x00\x00\x00\x00\x00\x00\x00\x00\x00\x00\x00\x00\x00\x00\x00\x00\x00\x08'
2025-02-03 18:07:05.713 [   DEBUG] (              rpc.py: 406) Received record through <socket.socket fd=408, family=2, type=1, proto=0, laddr=('10.135.70.59', 52532), raddr=('10.135.70.65', 1000)>: bytearray(b'\x00\x00\x00=\x00\x00\x00\x01\x00\x00\x00\x00\x00\x00\x00\x00\x00\x00\x00\x00\x00\x00\x00\x00\x00\x00\x00\x00\x00\x00\x00\x08')
2025-02-03 18:07:05.743 [    INFO] (           server.py: 356) Client <rpyc.core.protocol.Connection 'conn96' object at 0x00000260E6616550> disconnected.
2025-02-03 18:07:05.743 [    INFO] (           server.py: 207) goodbye ('127.0.0.1', 53187)
2025-02-03 18:07:05.743 [    INFO] (           server.py: 356) Client <rpyc.core.protocol.Connection 'conn95' object at 0x00000260E6464690> disconnected.
2025-02-03 18:07:05.743 [    INFO] (           server.py: 207) goodbye ('127.0.0.1', 53177)
2025-02-03 18:07:37.094 [    INFO] (           server.py: 157) accepted ('127.0.0.1', 53190) with fd 6552
2025-02-03 18:07:37.094 [    INFO] (           server.py: 200) welcome ('127.0.0.1', 53190)
2025-02-03 18:07:37.094 [    INFO] (           server.py: 352) Client <rpyc.core.protocol.Connection 'conn97' object at 0x00000260E644A590> connected.
2025-02-03 18:07:39.434 [   DEBUG] (              rpc.py: 227) Make call 11, (1, 2000, 10000, 8, b'FREQ2337700000.0\r\n'), <bound method Vxi11Packer.pack_device_write_parms of <pyvisa_py.protocols.vxi11.Vxi11Packer object at 0x00000260BABDD950>>, <bound method Vxi11Unpacker.unpack_device_write_resp of <pyvisa_py.protocols.vxi11.Vxi11Unpacker object at 0x00000260BABDD8D0>>
2025-02-03 18:07:39.434 [   DEBUG] (              rpc.py: 298) Sending record through <socket.socket fd=408, family=2, type=1, proto=0, laddr=('10.135.70.59', 52532), raddr=('10.135.70.65', 1000)>: b"\x00\x00\x00>\x00\x00\x00\x00\x00\x00\x00\x02\x00\x06\x07\xaf\x00\x00\x00\x01\x00\x00\x00\x0b\x00\x00\x00\x00\x00\x00\x00\x00\x00\x00\x00\x00\x00\x00\x00\x00\x00\x00\x00\x01\x00\x00\x07\xd0\x00\x00'\x10\x00\x00\x00\x08\x00\x00\x00\x12FREQ2337700000.0\r\n\x00\x00"
2025-02-03 18:07:39.434 [   DEBUG] (              rpc.py: 499) RawTCPClient: procedure type 11
2025-02-03 18:07:39.437 [   DEBUG] (              rpc.py: 357) received b'\x80\x00\x00 '
2025-02-03 18:07:39.437 [   DEBUG] (              rpc.py: 357) received b'\x00\x00\x00>\x00\x00\x00\x01\x00\x00\x00\x00\x00\x00\x00\x00\x00\x00\x00\x00\x00\x00\x00\x00\x00\x00\x00\x00\x00\x00\x00\x12'
2025-02-03 18:07:39.437 [   DEBUG] (              rpc.py: 406) Received record through <socket.socket fd=408, family=2, type=1, proto=0, laddr=('10.135.70.59', 52532), raddr=('10.135.70.65', 1000)>: bytearray(b'\x00\x00\x00>\x00\x00\x00\x01\x00\x00\x00\x00\x00\x00\x00\x00\x00\x00\x00\x00\x00\x00\x00\x00\x00\x00\x00\x00\x00\x00\x00\x12')
2025-02-03 18:07:39.437 [    INFO] (sg396_driver_current.py: 234) Set frequency to 2337700000.0 Hz
2025-02-03 18:07:39.438 [   DEBUG] (              rpc.py: 227) Make call 11, (1, 2000, 10000, 8, b'AMPR-3.010299956639812\r\n'), <bound method Vxi11Packer.pack_device_write_parms of <pyvisa_py.protocols.vxi11.Vxi11Packer object at 0x00000260BABDD950>>, <bound method Vxi11Unpacker.unpack_device_write_resp of <pyvisa_py.protocols.vxi11.Vxi11Unpacker object at 0x00000260BABDD8D0>>
2025-02-03 18:07:39.438 [   DEBUG] (              rpc.py: 298) Sending record through <socket.socket fd=408, family=2, type=1, proto=0, laddr=('10.135.70.59', 52532), raddr=('10.135.70.65', 1000)>: b"\x00\x00\x00?\x00\x00\x00\x00\x00\x00\x00\x02\x00\x06\x07\xaf\x00\x00\x00\x01\x00\x00\x00\x0b\x00\x00\x00\x00\x00\x00\x00\x00\x00\x00\x00\x00\x00\x00\x00\x00\x00\x00\x00\x01\x00\x00\x07\xd0\x00\x00'\x10\x00\x00\x00\x08\x00\x00\x00\x18AMPR-3.010299956639812\r\n"
2025-02-03 18:07:39.438 [   DEBUG] (              rpc.py: 499) RawTCPClient: procedure type 11
2025-02-03 18:07:39.438 [   DEBUG] (              rpc.py: 357) received b'\x80\x00\x00 '
2025-02-03 18:07:39.438 [   DEBUG] (              rpc.py: 357) received b'\x00\x00\x00?\x00\x00\x00\x01\x00\x00\x00\x00\x00\x00\x00\x00\x00\x00\x00\x00\x00\x00\x00\x00\x00\x00\x00\x00\x00\x00\x00\x18'
2025-02-03 18:07:39.438 [   DEBUG] (              rpc.py: 406) Received record through <socket.socket fd=408, family=2, type=1, proto=0, laddr=('10.135.70.59', 52532), raddr=('10.135.70.65', 1000)>: bytearray(b'\x00\x00\x00?\x00\x00\x00\x01\x00\x00\x00\x00\x00\x00\x00\x00\x00\x00\x00\x00\x00\x00\x00\x00\x00\x00\x00\x00\x00\x00\x00\x18')
2025-02-03 18:07:39.438 [   DEBUG] (              rpc.py: 227) Make call 11, (1, 2000, 10000, 8, b'TYPE 7\r\n'), <bound method Vxi11Packer.pack_device_write_parms of <pyvisa_py.protocols.vxi11.Vxi11Packer object at 0x00000260BABDD950>>, <bound method Vxi11Unpacker.unpack_device_write_resp of <pyvisa_py.protocols.vxi11.Vxi11Unpacker object at 0x00000260BABDD8D0>>
2025-02-03 18:07:39.438 [   DEBUG] (              rpc.py: 298) Sending record through <socket.socket fd=408, family=2, type=1, proto=0, laddr=('10.135.70.59', 52532), raddr=('10.135.70.65', 1000)>: b"\x00\x00\x00@\x00\x00\x00\x00\x00\x00\x00\x02\x00\x06\x07\xaf\x00\x00\x00\x01\x00\x00\x00\x0b\x00\x00\x00\x00\x00\x00\x00\x00\x00\x00\x00\x00\x00\x00\x00\x00\x00\x00\x00\x01\x00\x00\x07\xd0\x00\x00'\x10\x00\x00\x00\x08\x00\x00\x00\x08TYPE 7\r\n"
2025-02-03 18:07:39.438 [   DEBUG] (              rpc.py: 499) RawTCPClient: procedure type 11
2025-02-03 18:07:39.438 [   DEBUG] (              rpc.py: 357) received b'\x80\x00\x00 '
2025-02-03 18:07:39.438 [   DEBUG] (              rpc.py: 357) received b'\x00\x00\x00@\x00\x00\x00\x01\x00\x00\x00\x00\x00\x00\x00\x00\x00\x00\x00\x00\x00\x00\x00\x00\x00\x00\x00\x00\x00\x00\x00\x08'
2025-02-03 18:07:39.438 [   DEBUG] (              rpc.py: 406) Received record through <socket.socket fd=408, family=2, type=1, proto=0, laddr=('10.135.70.59', 52532), raddr=('10.135.70.65', 1000)>: bytearray(b'\x00\x00\x00@\x00\x00\x00\x01\x00\x00\x00\x00\x00\x00\x00\x00\x00\x00\x00\x00\x00\x00\x00\x00\x00\x00\x00\x00\x00\x00\x00\x08')
2025-02-03 18:07:39.438 [   DEBUG] (              rpc.py: 227) Make call 11, (1, 2000, 10000, 8, b'STYP 1\r\n'), <bound method Vxi11Packer.pack_device_write_parms of <pyvisa_py.protocols.vxi11.Vxi11Packer object at 0x00000260BABDD950>>, <bound method Vxi11Unpacker.unpack_device_write_resp of <pyvisa_py.protocols.vxi11.Vxi11Unpacker object at 0x00000260BABDD8D0>>
2025-02-03 18:07:39.438 [   DEBUG] (              rpc.py: 298) Sending record through <socket.socket fd=408, family=2, type=1, proto=0, laddr=('10.135.70.59', 52532), raddr=('10.135.70.65', 1000)>: b"\x00\x00\x00A\x00\x00\x00\x00\x00\x00\x00\x02\x00\x06\x07\xaf\x00\x00\x00\x01\x00\x00\x00\x0b\x00\x00\x00\x00\x00\x00\x00\x00\x00\x00\x00\x00\x00\x00\x00\x00\x00\x00\x00\x01\x00\x00\x07\xd0\x00\x00'\x10\x00\x00\x00\x08\x00\x00\x00\x08STYP 1\r\n"
2025-02-03 18:07:39.438 [   DEBUG] (              rpc.py: 499) RawTCPClient: procedure type 11
2025-02-03 18:07:39.438 [   DEBUG] (              rpc.py: 357) received b'\x80\x00\x00 '
2025-02-03 18:07:39.438 [   DEBUG] (              rpc.py: 357) received b'\x00\x00\x00A\x00\x00\x00\x01\x00\x00\x00\x00\x00\x00\x00\x00\x00\x00\x00\x00\x00\x00\x00\x00\x00\x00\x00\x00\x00\x00\x00\x08'
2025-02-03 18:07:39.438 [   DEBUG] (              rpc.py: 406) Received record through <socket.socket fd=408, family=2, type=1, proto=0, laddr=('10.135.70.59', 52532), raddr=('10.135.70.65', 1000)>: bytearray(b'\x00\x00\x00A\x00\x00\x00\x01\x00\x00\x00\x00\x00\x00\x00\x00\x00\x00\x00\x00\x00\x00\x00\x00\x00\x00\x00\x00\x00\x00\x00\x08')
2025-02-03 18:07:39.438 [   DEBUG] (              rpc.py: 227) Make call 11, (1, 2000, 10000, 8, b'QFNC 5\r\n'), <bound method Vxi11Packer.pack_device_write_parms of <pyvisa_py.protocols.vxi11.Vxi11Packer object at 0x00000260BABDD950>>, <bound method Vxi11Unpacker.unpack_device_write_resp of <pyvisa_py.protocols.vxi11.Vxi11Unpacker object at 0x00000260BABDD8D0>>
2025-02-03 18:07:39.438 [   DEBUG] (              rpc.py: 298) Sending record through <socket.socket fd=408, family=2, type=1, proto=0, laddr=('10.135.70.59', 52532), raddr=('10.135.70.65', 1000)>: b"\x00\x00\x00B\x00\x00\x00\x00\x00\x00\x00\x02\x00\x06\x07\xaf\x00\x00\x00\x01\x00\x00\x00\x0b\x00\x00\x00\x00\x00\x00\x00\x00\x00\x00\x00\x00\x00\x00\x00\x00\x00\x00\x00\x01\x00\x00\x07\xd0\x00\x00'\x10\x00\x00\x00\x08\x00\x00\x00\x08QFNC 5\r\n"
2025-02-03 18:07:39.446 [   DEBUG] (              rpc.py: 499) RawTCPClient: procedure type 11
2025-02-03 18:07:39.446 [   DEBUG] (              rpc.py: 357) received b'\x80\x00\x00 '
2025-02-03 18:07:39.446 [   DEBUG] (              rpc.py: 357) received b'\x00\x00\x00B\x00\x00\x00\x01\x00\x00\x00\x00\x00\x00\x00\x00\x00\x00\x00\x00\x00\x00\x00\x00\x00\x00\x00\x00\x00\x00\x00\x08'
2025-02-03 18:07:39.446 [   DEBUG] (              rpc.py: 406) Received record through <socket.socket fd=408, family=2, type=1, proto=0, laddr=('10.135.70.59', 52532), raddr=('10.135.70.65', 1000)>: bytearray(b'\x00\x00\x00B\x00\x00\x00\x01\x00\x00\x00\x00\x00\x00\x00\x00\x00\x00\x00\x00\x00\x00\x00\x00\x00\x00\x00\x00\x00\x00\x00\x08')
2025-02-03 18:07:39.446 [   DEBUG] (              rpc.py: 227) Make call 11, (1, 2000, 10000, 8, b'MODL 1\r\n'), <bound method Vxi11Packer.pack_device_write_parms of <pyvisa_py.protocols.vxi11.Vxi11Packer object at 0x00000260BABDD950>>, <bound method Vxi11Unpacker.unpack_device_write_resp of <pyvisa_py.protocols.vxi11.Vxi11Unpacker object at 0x00000260BABDD8D0>>
2025-02-03 18:07:39.446 [   DEBUG] (              rpc.py: 298) Sending record through <socket.socket fd=408, family=2, type=1, proto=0, laddr=('10.135.70.59', 52532), raddr=('10.135.70.65', 1000)>: b"\x00\x00\x00C\x00\x00\x00\x00\x00\x00\x00\x02\x00\x06\x07\xaf\x00\x00\x00\x01\x00\x00\x00\x0b\x00\x00\x00\x00\x00\x00\x00\x00\x00\x00\x00\x00\x00\x00\x00\x00\x00\x00\x00\x01\x00\x00\x07\xd0\x00\x00'\x10\x00\x00\x00\x08\x00\x00\x00\x08MODL 1\r\n"
2025-02-03 18:07:39.446 [   DEBUG] (              rpc.py: 499) RawTCPClient: procedure type 11
2025-02-03 18:07:39.446 [   DEBUG] (              rpc.py: 357) received b'\x80\x00\x00 '
2025-02-03 18:07:39.446 [   DEBUG] (              rpc.py: 357) received b'\x00\x00\x00C\x00\x00\x00\x01\x00\x00\x00\x00\x00\x00\x00\x00\x00\x00\x00\x00\x00\x00\x00\x00\x00\x00\x00\x00\x00\x00\x00\x08'
2025-02-03 18:07:39.446 [   DEBUG] (              rpc.py: 406) Received record through <socket.socket fd=408, family=2, type=1, proto=0, laddr=('10.135.70.59', 52532), raddr=('10.135.70.65', 1000)>: bytearray(b'\x00\x00\x00C\x00\x00\x00\x01\x00\x00\x00\x00\x00\x00\x00\x00\x00\x00\x00\x00\x00\x00\x00\x00\x00\x00\x00\x00\x00\x00\x00\x08')
2025-02-03 18:07:40.538 [   DEBUG] (              rpc.py: 227) Make call 11, (1, 2000, 10000, 8, b'ENBR1\r\n'), <bound method Vxi11Packer.pack_device_write_parms of <pyvisa_py.protocols.vxi11.Vxi11Packer object at 0x00000260BABDD950>>, <bound method Vxi11Unpacker.unpack_device_write_resp of <pyvisa_py.protocols.vxi11.Vxi11Unpacker object at 0x00000260BABDD8D0>>
2025-02-03 18:07:40.538 [   DEBUG] (              rpc.py: 298) Sending record through <socket.socket fd=408, family=2, type=1, proto=0, laddr=('10.135.70.59', 52532), raddr=('10.135.70.65', 1000)>: b"\x00\x00\x00D\x00\x00\x00\x00\x00\x00\x00\x02\x00\x06\x07\xaf\x00\x00\x00\x01\x00\x00\x00\x0b\x00\x00\x00\x00\x00\x00\x00\x00\x00\x00\x00\x00\x00\x00\x00\x00\x00\x00\x00\x01\x00\x00\x07\xd0\x00\x00'\x10\x00\x00\x00\x08\x00\x00\x00\x07ENBR1\r\n\x00"
2025-02-03 18:07:40.538 [   DEBUG] (              rpc.py: 499) RawTCPClient: procedure type 11
2025-02-03 18:07:40.538 [   DEBUG] (              rpc.py: 357) received b'\x80\x00\x00 '
2025-02-03 18:07:40.538 [   DEBUG] (              rpc.py: 357) received b'\x00\x00\x00D\x00\x00\x00\x01\x00\x00\x00\x00\x00\x00\x00\x00\x00\x00\x00\x00\x00\x00\x00\x00\x00\x00\x00\x00\x00\x00\x00\x07'
2025-02-03 18:07:40.538 [   DEBUG] (              rpc.py: 406) Received record through <socket.socket fd=408, family=2, type=1, proto=0, laddr=('10.135.70.59', 52532), raddr=('10.135.70.65', 1000)>: bytearray(b'\x00\x00\x00D\x00\x00\x00\x01\x00\x00\x00\x00\x00\x00\x00\x00\x00\x00\x00\x00\x00\x00\x00\x00\x00\x00\x00\x00\x00\x00\x00\x07')
2025-02-03 18:07:40.538 [    INFO] (laser_driver_current.py:  98) Modulation state set to 'modulated'
2025-02-03 18:07:40.568 [    INFO] (laser_driver_current.py:  55) Analog control mode set to 'current'
2025-02-03 18:07:40.568 [    INFO] (laser_driver_current.py:  89) Laser diode current set to '110%'
2025-02-03 18:07:40.568 [ WARNING] (laser_driver_current.py:  40) Failed to set command 'CM=110'
2025-02-03 18:07:40.568 [ WARNING] (laser_driver_current.py:  41) Response from Device :'CM=110.00'
2025-02-03 18:07:40.568 [    INFO] (laser_driver_current.py: 105) Laser emission is ON
2025-02-03 18:08:00.352 [    INFO] (           server.py: 157) accepted ('127.0.0.1', 53205) with fd 6636
2025-02-03 18:08:00.352 [    INFO] (           server.py: 200) welcome ('127.0.0.1', 53205)
2025-02-03 18:08:00.352 [    INFO] (           server.py: 352) Client <rpyc.core.protocol.Connection 'conn98' object at 0x00000260DCBEE410> connected.
2025-02-03 18:08:00.363 [    INFO] (laser_driver_current.py: 108) Laser emission is OFF
2025-02-03 18:08:00.363 [   DEBUG] (              rpc.py: 227) Make call 11, (1, 2000, 10000, 8, b'ENBR0\r\n'), <bound method Vxi11Packer.pack_device_write_parms of <pyvisa_py.protocols.vxi11.Vxi11Packer object at 0x00000260BABDD950>>, <bound method Vxi11Unpacker.unpack_device_write_resp of <pyvisa_py.protocols.vxi11.Vxi11Unpacker object at 0x00000260BABDD8D0>>
2025-02-03 18:08:00.363 [   DEBUG] (              rpc.py: 298) Sending record through <socket.socket fd=408, family=2, type=1, proto=0, laddr=('10.135.70.59', 52532), raddr=('10.135.70.65', 1000)>: b"\x00\x00\x00E\x00\x00\x00\x00\x00\x00\x00\x02\x00\x06\x07\xaf\x00\x00\x00\x01\x00\x00\x00\x0b\x00\x00\x00\x00\x00\x00\x00\x00\x00\x00\x00\x00\x00\x00\x00\x00\x00\x00\x00\x01\x00\x00\x07\xd0\x00\x00'\x10\x00\x00\x00\x08\x00\x00\x00\x07ENBR0\r\n\x00"
2025-02-03 18:08:00.363 [   DEBUG] (              rpc.py: 499) RawTCPClient: procedure type 11
2025-02-03 18:08:00.363 [   DEBUG] (              rpc.py: 357) received b'\x80\x00\x00 '
2025-02-03 18:08:00.363 [   DEBUG] (              rpc.py: 357) received b'\x00\x00\x00E\x00\x00\x00\x01\x00\x00\x00\x00\x00\x00\x00\x00\x00\x00\x00\x00\x00\x00\x00\x00\x00\x00\x00\x00\x00\x00\x00\x07'
2025-02-03 18:08:00.363 [   DEBUG] (              rpc.py: 406) Received record through <socket.socket fd=408, family=2, type=1, proto=0, laddr=('10.135.70.59', 52532), raddr=('10.135.70.65', 1000)>: bytearray(b'\x00\x00\x00E\x00\x00\x00\x01\x00\x00\x00\x00\x00\x00\x00\x00\x00\x00\x00\x00\x00\x00\x00\x00\x00\x00\x00\x00\x00\x00\x00\x07')
2025-02-03 18:08:00.363 [   DEBUG] (              rpc.py: 227) Make call 11, (1, 2000, 10000, 8, b'MODL 0\r\n'), <bound method Vxi11Packer.pack_device_write_parms of <pyvisa_py.protocols.vxi11.Vxi11Packer object at 0x00000260BABDD950>>, <bound method Vxi11Unpacker.unpack_device_write_resp of <pyvisa_py.protocols.vxi11.Vxi11Unpacker object at 0x00000260BABDD8D0>>
2025-02-03 18:08:00.363 [   DEBUG] (              rpc.py: 298) Sending record through <socket.socket fd=408, family=2, type=1, proto=0, laddr=('10.135.70.59', 52532), raddr=('10.135.70.65', 1000)>: b"\x00\x00\x00F\x00\x00\x00\x00\x00\x00\x00\x02\x00\x06\x07\xaf\x00\x00\x00\x01\x00\x00\x00\x0b\x00\x00\x00\x00\x00\x00\x00\x00\x00\x00\x00\x00\x00\x00\x00\x00\x00\x00\x00\x01\x00\x00\x07\xd0\x00\x00'\x10\x00\x00\x00\x08\x00\x00\x00\x08MODL 0\r\n"
2025-02-03 18:08:00.363 [   DEBUG] (              rpc.py: 499) RawTCPClient: procedure type 11
2025-02-03 18:08:00.373 [   DEBUG] (              rpc.py: 357) received b'\x80\x00\x00 '
2025-02-03 18:08:00.373 [   DEBUG] (              rpc.py: 357) received b'\x00\x00\x00F\x00\x00\x00\x01\x00\x00\x00\x00\x00\x00\x00\x00\x00\x00\x00\x00\x00\x00\x00\x00\x00\x00\x00\x00\x00\x00\x00\x08'
2025-02-03 18:08:00.373 [   DEBUG] (              rpc.py: 406) Received record through <socket.socket fd=408, family=2, type=1, proto=0, laddr=('10.135.70.59', 52532), raddr=('10.135.70.65', 1000)>: bytearray(b'\x00\x00\x00F\x00\x00\x00\x01\x00\x00\x00\x00\x00\x00\x00\x00\x00\x00\x00\x00\x00\x00\x00\x00\x00\x00\x00\x00\x00\x00\x00\x08')
2025-02-03 18:08:00.403 [    INFO] (           server.py: 356) Client <rpyc.core.protocol.Connection 'conn98' object at 0x00000260DCBEE410> disconnected.
2025-02-03 18:08:00.403 [    INFO] (           server.py: 207) goodbye ('127.0.0.1', 53205)
2025-02-03 18:08:00.403 [    INFO] (           server.py: 356) Client <rpyc.core.protocol.Connection 'conn97' object at 0x00000260E644A590> disconnected.
2025-02-03 18:08:00.403 [    INFO] (           server.py: 207) goodbye ('127.0.0.1', 53190)
2025-02-03 18:08:16.568 [    INFO] (           server.py: 157) accepted ('127.0.0.1', 53207) with fd 6592
2025-02-03 18:08:16.573 [    INFO] (           server.py: 200) welcome ('127.0.0.1', 53207)
2025-02-03 18:08:16.573 [    INFO] (           server.py: 352) Client <rpyc.core.protocol.Connection 'conn99' object at 0x00000260E643DA10> connected.
2025-02-03 18:08:18.890 [   DEBUG] (              rpc.py: 227) Make call 11, (1, 2000, 10000, 8, b'FREQ2337700000.0\r\n'), <bound method Vxi11Packer.pack_device_write_parms of <pyvisa_py.protocols.vxi11.Vxi11Packer object at 0x00000260BABDD950>>, <bound method Vxi11Unpacker.unpack_device_write_resp of <pyvisa_py.protocols.vxi11.Vxi11Unpacker object at 0x00000260BABDD8D0>>
2025-02-03 18:08:18.890 [   DEBUG] (              rpc.py: 298) Sending record through <socket.socket fd=408, family=2, type=1, proto=0, laddr=('10.135.70.59', 52532), raddr=('10.135.70.65', 1000)>: b"\x00\x00\x00G\x00\x00\x00\x00\x00\x00\x00\x02\x00\x06\x07\xaf\x00\x00\x00\x01\x00\x00\x00\x0b\x00\x00\x00\x00\x00\x00\x00\x00\x00\x00\x00\x00\x00\x00\x00\x00\x00\x00\x00\x01\x00\x00\x07\xd0\x00\x00'\x10\x00\x00\x00\x08\x00\x00\x00\x12FREQ2337700000.0\r\n\x00\x00"
2025-02-03 18:08:18.890 [   DEBUG] (              rpc.py: 499) RawTCPClient: procedure type 11
2025-02-03 18:08:18.890 [   DEBUG] (              rpc.py: 357) received b'\x80\x00\x00 '
2025-02-03 18:08:18.890 [   DEBUG] (              rpc.py: 357) received b'\x00\x00\x00G\x00\x00\x00\x01\x00\x00\x00\x00\x00\x00\x00\x00\x00\x00\x00\x00\x00\x00\x00\x00\x00\x00\x00\x00\x00\x00\x00\x12'
2025-02-03 18:08:18.890 [   DEBUG] (              rpc.py: 406) Received record through <socket.socket fd=408, family=2, type=1, proto=0, laddr=('10.135.70.59', 52532), raddr=('10.135.70.65', 1000)>: bytearray(b'\x00\x00\x00G\x00\x00\x00\x01\x00\x00\x00\x00\x00\x00\x00\x00\x00\x00\x00\x00\x00\x00\x00\x00\x00\x00\x00\x00\x00\x00\x00\x12')
2025-02-03 18:08:18.890 [    INFO] (sg396_driver_current.py: 234) Set frequency to 2337700000.0 Hz
2025-02-03 18:08:18.900 [   DEBUG] (              rpc.py: 227) Make call 11, (1, 2000, 10000, 8, b'AMPR-1.5490195998574319\r\n'), <bound method Vxi11Packer.pack_device_write_parms of <pyvisa_py.protocols.vxi11.Vxi11Packer object at 0x00000260BABDD950>>, <bound method Vxi11Unpacker.unpack_device_write_resp of <pyvisa_py.protocols.vxi11.Vxi11Unpacker object at 0x00000260BABDD8D0>>
2025-02-03 18:08:18.900 [   DEBUG] (              rpc.py: 298) Sending record through <socket.socket fd=408, family=2, type=1, proto=0, laddr=('10.135.70.59', 52532), raddr=('10.135.70.65', 1000)>: b"\x00\x00\x00H\x00\x00\x00\x00\x00\x00\x00\x02\x00\x06\x07\xaf\x00\x00\x00\x01\x00\x00\x00\x0b\x00\x00\x00\x00\x00\x00\x00\x00\x00\x00\x00\x00\x00\x00\x00\x00\x00\x00\x00\x01\x00\x00\x07\xd0\x00\x00'\x10\x00\x00\x00\x08\x00\x00\x00\x19AMPR-1.5490195998574319\r\n\x00\x00\x00"
2025-02-03 18:08:18.900 [   DEBUG] (              rpc.py: 499) RawTCPClient: procedure type 11
2025-02-03 18:08:18.900 [   DEBUG] (              rpc.py: 357) received b'\x80\x00\x00 '
2025-02-03 18:08:18.900 [   DEBUG] (              rpc.py: 357) received b'\x00\x00\x00H\x00\x00\x00\x01\x00\x00\x00\x00\x00\x00\x00\x00\x00\x00\x00\x00\x00\x00\x00\x00\x00\x00\x00\x00\x00\x00\x00\x19'
2025-02-03 18:08:18.900 [   DEBUG] (              rpc.py: 406) Received record through <socket.socket fd=408, family=2, type=1, proto=0, laddr=('10.135.70.59', 52532), raddr=('10.135.70.65', 1000)>: bytearray(b'\x00\x00\x00H\x00\x00\x00\x01\x00\x00\x00\x00\x00\x00\x00\x00\x00\x00\x00\x00\x00\x00\x00\x00\x00\x00\x00\x00\x00\x00\x00\x19')
2025-02-03 18:08:18.900 [   DEBUG] (              rpc.py: 227) Make call 11, (1, 2000, 10000, 8, b'TYPE 7\r\n'), <bound method Vxi11Packer.pack_device_write_parms of <pyvisa_py.protocols.vxi11.Vxi11Packer object at 0x00000260BABDD950>>, <bound method Vxi11Unpacker.unpack_device_write_resp of <pyvisa_py.protocols.vxi11.Vxi11Unpacker object at 0x00000260BABDD8D0>>
2025-02-03 18:08:18.900 [   DEBUG] (              rpc.py: 298) Sending record through <socket.socket fd=408, family=2, type=1, proto=0, laddr=('10.135.70.59', 52532), raddr=('10.135.70.65', 1000)>: b"\x00\x00\x00I\x00\x00\x00\x00\x00\x00\x00\x02\x00\x06\x07\xaf\x00\x00\x00\x01\x00\x00\x00\x0b\x00\x00\x00\x00\x00\x00\x00\x00\x00\x00\x00\x00\x00\x00\x00\x00\x00\x00\x00\x01\x00\x00\x07\xd0\x00\x00'\x10\x00\x00\x00\x08\x00\x00\x00\x08TYPE 7\r\n"
2025-02-03 18:08:18.900 [   DEBUG] (              rpc.py: 499) RawTCPClient: procedure type 11
2025-02-03 18:08:18.900 [   DEBUG] (              rpc.py: 357) received b'\x80\x00\x00 '
2025-02-03 18:08:18.900 [   DEBUG] (              rpc.py: 357) received b'\x00\x00\x00I\x00\x00\x00\x01\x00\x00\x00\x00\x00\x00\x00\x00\x00\x00\x00\x00\x00\x00\x00\x00\x00\x00\x00\x00\x00\x00\x00\x08'
2025-02-03 18:08:18.900 [   DEBUG] (              rpc.py: 406) Received record through <socket.socket fd=408, family=2, type=1, proto=0, laddr=('10.135.70.59', 52532), raddr=('10.135.70.65', 1000)>: bytearray(b'\x00\x00\x00I\x00\x00\x00\x01\x00\x00\x00\x00\x00\x00\x00\x00\x00\x00\x00\x00\x00\x00\x00\x00\x00\x00\x00\x00\x00\x00\x00\x08')
2025-02-03 18:08:18.900 [   DEBUG] (              rpc.py: 227) Make call 11, (1, 2000, 10000, 8, b'STYP 1\r\n'), <bound method Vxi11Packer.pack_device_write_parms of <pyvisa_py.protocols.vxi11.Vxi11Packer object at 0x00000260BABDD950>>, <bound method Vxi11Unpacker.unpack_device_write_resp of <pyvisa_py.protocols.vxi11.Vxi11Unpacker object at 0x00000260BABDD8D0>>
2025-02-03 18:08:18.900 [   DEBUG] (              rpc.py: 298) Sending record through <socket.socket fd=408, family=2, type=1, proto=0, laddr=('10.135.70.59', 52532), raddr=('10.135.70.65', 1000)>: b"\x00\x00\x00J\x00\x00\x00\x00\x00\x00\x00\x02\x00\x06\x07\xaf\x00\x00\x00\x01\x00\x00\x00\x0b\x00\x00\x00\x00\x00\x00\x00\x00\x00\x00\x00\x00\x00\x00\x00\x00\x00\x00\x00\x01\x00\x00\x07\xd0\x00\x00'\x10\x00\x00\x00\x08\x00\x00\x00\x08STYP 1\r\n"
2025-02-03 18:08:18.900 [   DEBUG] (              rpc.py: 499) RawTCPClient: procedure type 11
2025-02-03 18:08:18.900 [   DEBUG] (              rpc.py: 357) received b'\x80\x00\x00 '
2025-02-03 18:08:18.900 [   DEBUG] (              rpc.py: 357) received b'\x00\x00\x00J\x00\x00\x00\x01\x00\x00\x00\x00\x00\x00\x00\x00\x00\x00\x00\x00\x00\x00\x00\x00\x00\x00\x00\x00\x00\x00\x00\x08'
2025-02-03 18:08:18.900 [   DEBUG] (              rpc.py: 406) Received record through <socket.socket fd=408, family=2, type=1, proto=0, laddr=('10.135.70.59', 52532), raddr=('10.135.70.65', 1000)>: bytearray(b'\x00\x00\x00J\x00\x00\x00\x01\x00\x00\x00\x00\x00\x00\x00\x00\x00\x00\x00\x00\x00\x00\x00\x00\x00\x00\x00\x00\x00\x00\x00\x08')
2025-02-03 18:08:18.900 [   DEBUG] (              rpc.py: 227) Make call 11, (1, 2000, 10000, 8, b'QFNC 5\r\n'), <bound method Vxi11Packer.pack_device_write_parms of <pyvisa_py.protocols.vxi11.Vxi11Packer object at 0x00000260BABDD950>>, <bound method Vxi11Unpacker.unpack_device_write_resp of <pyvisa_py.protocols.vxi11.Vxi11Unpacker object at 0x00000260BABDD8D0>>
2025-02-03 18:08:18.900 [   DEBUG] (              rpc.py: 298) Sending record through <socket.socket fd=408, family=2, type=1, proto=0, laddr=('10.135.70.59', 52532), raddr=('10.135.70.65', 1000)>: b"\x00\x00\x00K\x00\x00\x00\x00\x00\x00\x00\x02\x00\x06\x07\xaf\x00\x00\x00\x01\x00\x00\x00\x0b\x00\x00\x00\x00\x00\x00\x00\x00\x00\x00\x00\x00\x00\x00\x00\x00\x00\x00\x00\x01\x00\x00\x07\xd0\x00\x00'\x10\x00\x00\x00\x08\x00\x00\x00\x08QFNC 5\r\n"
2025-02-03 18:08:18.900 [   DEBUG] (              rpc.py: 499) RawTCPClient: procedure type 11
2025-02-03 18:08:18.900 [   DEBUG] (              rpc.py: 357) received b'\x80\x00\x00 '
2025-02-03 18:08:18.900 [   DEBUG] (              rpc.py: 357) received b'\x00\x00\x00K\x00\x00\x00\x01\x00\x00\x00\x00\x00\x00\x00\x00\x00\x00\x00\x00\x00\x00\x00\x00\x00\x00\x00\x00\x00\x00\x00\x08'
2025-02-03 18:08:18.900 [   DEBUG] (              rpc.py: 406) Received record through <socket.socket fd=408, family=2, type=1, proto=0, laddr=('10.135.70.59', 52532), raddr=('10.135.70.65', 1000)>: bytearray(b'\x00\x00\x00K\x00\x00\x00\x01\x00\x00\x00\x00\x00\x00\x00\x00\x00\x00\x00\x00\x00\x00\x00\x00\x00\x00\x00\x00\x00\x00\x00\x08')
2025-02-03 18:08:18.900 [   DEBUG] (              rpc.py: 227) Make call 11, (1, 2000, 10000, 8, b'MODL 1\r\n'), <bound method Vxi11Packer.pack_device_write_parms of <pyvisa_py.protocols.vxi11.Vxi11Packer object at 0x00000260BABDD950>>, <bound method Vxi11Unpacker.unpack_device_write_resp of <pyvisa_py.protocols.vxi11.Vxi11Unpacker object at 0x00000260BABDD8D0>>
2025-02-03 18:08:18.900 [   DEBUG] (              rpc.py: 298) Sending record through <socket.socket fd=408, family=2, type=1, proto=0, laddr=('10.135.70.59', 52532), raddr=('10.135.70.65', 1000)>: b"\x00\x00\x00L\x00\x00\x00\x00\x00\x00\x00\x02\x00\x06\x07\xaf\x00\x00\x00\x01\x00\x00\x00\x0b\x00\x00\x00\x00\x00\x00\x00\x00\x00\x00\x00\x00\x00\x00\x00\x00\x00\x00\x00\x01\x00\x00\x07\xd0\x00\x00'\x10\x00\x00\x00\x08\x00\x00\x00\x08MODL 1\r\n"
2025-02-03 18:08:18.900 [   DEBUG] (              rpc.py: 499) RawTCPClient: procedure type 11
2025-02-03 18:08:18.910 [   DEBUG] (              rpc.py: 357) received b'\x80\x00\x00 '
2025-02-03 18:08:18.910 [   DEBUG] (              rpc.py: 357) received b'\x00\x00\x00L\x00\x00\x00\x01\x00\x00\x00\x00\x00\x00\x00\x00\x00\x00\x00\x00\x00\x00\x00\x00\x00\x00\x00\x00\x00\x00\x00\x08'
2025-02-03 18:08:18.910 [   DEBUG] (              rpc.py: 406) Received record through <socket.socket fd=408, family=2, type=1, proto=0, laddr=('10.135.70.59', 52532), raddr=('10.135.70.65', 1000)>: bytearray(b'\x00\x00\x00L\x00\x00\x00\x01\x00\x00\x00\x00\x00\x00\x00\x00\x00\x00\x00\x00\x00\x00\x00\x00\x00\x00\x00\x00\x00\x00\x00\x08')
2025-02-03 18:08:19.949 [   DEBUG] (              rpc.py: 227) Make call 11, (1, 2000, 10000, 8, b'ENBR1\r\n'), <bound method Vxi11Packer.pack_device_write_parms of <pyvisa_py.protocols.vxi11.Vxi11Packer object at 0x00000260BABDD950>>, <bound method Vxi11Unpacker.unpack_device_write_resp of <pyvisa_py.protocols.vxi11.Vxi11Unpacker object at 0x00000260BABDD8D0>>
2025-02-03 18:08:19.949 [   DEBUG] (              rpc.py: 298) Sending record through <socket.socket fd=408, family=2, type=1, proto=0, laddr=('10.135.70.59', 52532), raddr=('10.135.70.65', 1000)>: b"\x00\x00\x00M\x00\x00\x00\x00\x00\x00\x00\x02\x00\x06\x07\xaf\x00\x00\x00\x01\x00\x00\x00\x0b\x00\x00\x00\x00\x00\x00\x00\x00\x00\x00\x00\x00\x00\x00\x00\x00\x00\x00\x00\x01\x00\x00\x07\xd0\x00\x00'\x10\x00\x00\x00\x08\x00\x00\x00\x07ENBR1\r\n\x00"
2025-02-03 18:08:19.949 [   DEBUG] (              rpc.py: 499) RawTCPClient: procedure type 11
2025-02-03 18:08:19.949 [   DEBUG] (              rpc.py: 357) received b'\x80\x00\x00 '
2025-02-03 18:08:19.949 [   DEBUG] (              rpc.py: 357) received b'\x00\x00\x00M\x00\x00\x00\x01\x00\x00\x00\x00\x00\x00\x00\x00\x00\x00\x00\x00\x00\x00\x00\x00\x00\x00\x00\x00\x00\x00\x00\x07'
2025-02-03 18:08:19.949 [   DEBUG] (              rpc.py: 406) Received record through <socket.socket fd=408, family=2, type=1, proto=0, laddr=('10.135.70.59', 52532), raddr=('10.135.70.65', 1000)>: bytearray(b'\x00\x00\x00M\x00\x00\x00\x01\x00\x00\x00\x00\x00\x00\x00\x00\x00\x00\x00\x00\x00\x00\x00\x00\x00\x00\x00\x00\x00\x00\x00\x07')
2025-02-03 18:08:19.949 [    INFO] (laser_driver_current.py:  98) Modulation state set to 'modulated'
2025-02-03 18:08:19.980 [    INFO] (laser_driver_current.py:  55) Analog control mode set to 'current'
2025-02-03 18:08:19.980 [    INFO] (laser_driver_current.py:  89) Laser diode current set to '110%'
2025-02-03 18:08:19.980 [ WARNING] (laser_driver_current.py:  40) Failed to set command 'CM=110'
2025-02-03 18:08:19.980 [ WARNING] (laser_driver_current.py:  41) Response from Device :'CM=110.00'
2025-02-03 18:08:19.980 [    INFO] (laser_driver_current.py: 105) Laser emission is ON
2025-02-03 18:08:37.770 [    INFO] (           server.py: 157) accepted ('127.0.0.1', 53219) with fd 6544
2025-02-03 18:08:37.770 [    INFO] (           server.py: 200) welcome ('127.0.0.1', 53219)
2025-02-03 18:08:37.770 [    INFO] (           server.py: 352) Client <rpyc.core.protocol.Connection 'conn100' object at 0x00000260E664F050> connected.
2025-02-03 18:08:37.781 [    INFO] (laser_driver_current.py: 108) Laser emission is OFF
2025-02-03 18:08:37.781 [   DEBUG] (              rpc.py: 227) Make call 11, (1, 2000, 10000, 8, b'ENBR0\r\n'), <bound method Vxi11Packer.pack_device_write_parms of <pyvisa_py.protocols.vxi11.Vxi11Packer object at 0x00000260BABDD950>>, <bound method Vxi11Unpacker.unpack_device_write_resp of <pyvisa_py.protocols.vxi11.Vxi11Unpacker object at 0x00000260BABDD8D0>>
2025-02-03 18:08:37.781 [   DEBUG] (              rpc.py: 298) Sending record through <socket.socket fd=408, family=2, type=1, proto=0, laddr=('10.135.70.59', 52532), raddr=('10.135.70.65', 1000)>: b"\x00\x00\x00N\x00\x00\x00\x00\x00\x00\x00\x02\x00\x06\x07\xaf\x00\x00\x00\x01\x00\x00\x00\x0b\x00\x00\x00\x00\x00\x00\x00\x00\x00\x00\x00\x00\x00\x00\x00\x00\x00\x00\x00\x01\x00\x00\x07\xd0\x00\x00'\x10\x00\x00\x00\x08\x00\x00\x00\x07ENBR0\r\n\x00"
2025-02-03 18:08:37.781 [   DEBUG] (              rpc.py: 499) RawTCPClient: procedure type 11
2025-02-03 18:08:37.781 [   DEBUG] (              rpc.py: 357) received b'\x80\x00\x00 '
2025-02-03 18:08:37.781 [   DEBUG] (              rpc.py: 357) received b'\x00\x00\x00N\x00\x00\x00\x01\x00\x00\x00\x00\x00\x00\x00\x00\x00\x00\x00\x00\x00\x00\x00\x00\x00\x00\x00\x00\x00\x00\x00\x07'
2025-02-03 18:08:37.781 [   DEBUG] (              rpc.py: 406) Received record through <socket.socket fd=408, family=2, type=1, proto=0, laddr=('10.135.70.59', 52532), raddr=('10.135.70.65', 1000)>: bytearray(b'\x00\x00\x00N\x00\x00\x00\x01\x00\x00\x00\x00\x00\x00\x00\x00\x00\x00\x00\x00\x00\x00\x00\x00\x00\x00\x00\x00\x00\x00\x00\x07')
2025-02-03 18:08:37.781 [   DEBUG] (              rpc.py: 227) Make call 11, (1, 2000, 10000, 8, b'MODL 0\r\n'), <bound method Vxi11Packer.pack_device_write_parms of <pyvisa_py.protocols.vxi11.Vxi11Packer object at 0x00000260BABDD950>>, <bound method Vxi11Unpacker.unpack_device_write_resp of <pyvisa_py.protocols.vxi11.Vxi11Unpacker object at 0x00000260BABDD8D0>>
2025-02-03 18:08:37.781 [   DEBUG] (              rpc.py: 298) Sending record through <socket.socket fd=408, family=2, type=1, proto=0, laddr=('10.135.70.59', 52532), raddr=('10.135.70.65', 1000)>: b"\x00\x00\x00O\x00\x00\x00\x00\x00\x00\x00\x02\x00\x06\x07\xaf\x00\x00\x00\x01\x00\x00\x00\x0b\x00\x00\x00\x00\x00\x00\x00\x00\x00\x00\x00\x00\x00\x00\x00\x00\x00\x00\x00\x01\x00\x00\x07\xd0\x00\x00'\x10\x00\x00\x00\x08\x00\x00\x00\x08MODL 0\r\n"
2025-02-03 18:08:37.781 [   DEBUG] (              rpc.py: 499) RawTCPClient: procedure type 11
2025-02-03 18:08:37.791 [   DEBUG] (              rpc.py: 357) received b'\x80\x00\x00 '
2025-02-03 18:08:37.791 [   DEBUG] (              rpc.py: 357) received b'\x00\x00\x00O\x00\x00\x00\x01\x00\x00\x00\x00\x00\x00\x00\x00\x00\x00\x00\x00\x00\x00\x00\x00\x00\x00\x00\x00\x00\x00\x00\x08'
2025-02-03 18:08:37.791 [   DEBUG] (              rpc.py: 406) Received record through <socket.socket fd=408, family=2, type=1, proto=0, laddr=('10.135.70.59', 52532), raddr=('10.135.70.65', 1000)>: bytearray(b'\x00\x00\x00O\x00\x00\x00\x01\x00\x00\x00\x00\x00\x00\x00\x00\x00\x00\x00\x00\x00\x00\x00\x00\x00\x00\x00\x00\x00\x00\x00\x08')
2025-02-03 18:08:37.831 [    INFO] (           server.py: 356) Client <rpyc.core.protocol.Connection 'conn100' object at 0x00000260E664F050> disconnected.
2025-02-03 18:08:37.831 [    INFO] (           server.py: 207) goodbye ('127.0.0.1', 53219)
2025-02-03 18:08:37.831 [    INFO] (           server.py: 157) accepted ('127.0.0.1', 53220) with fd 6412
2025-02-03 18:08:37.831 [    INFO] (           server.py: 200) welcome ('127.0.0.1', 53220)
2025-02-03 18:08:37.831 [    INFO] (           server.py: 352) Client <rpyc.core.protocol.Connection 'conn101' object at 0x00000260DC7D6510> connected.
2025-02-03 18:08:37.842 [    INFO] (laser_driver_current.py: 108) Laser emission is OFF
2025-02-03 18:08:37.842 [   DEBUG] (              rpc.py: 227) Make call 11, (1, 2000, 10000, 8, b'ENBR0\r\n'), <bound method Vxi11Packer.pack_device_write_parms of <pyvisa_py.protocols.vxi11.Vxi11Packer object at 0x00000260BABDD950>>, <bound method Vxi11Unpacker.unpack_device_write_resp of <pyvisa_py.protocols.vxi11.Vxi11Unpacker object at 0x00000260BABDD8D0>>
2025-02-03 18:08:37.842 [   DEBUG] (              rpc.py: 298) Sending record through <socket.socket fd=408, family=2, type=1, proto=0, laddr=('10.135.70.59', 52532), raddr=('10.135.70.65', 1000)>: b"\x00\x00\x00P\x00\x00\x00\x00\x00\x00\x00\x02\x00\x06\x07\xaf\x00\x00\x00\x01\x00\x00\x00\x0b\x00\x00\x00\x00\x00\x00\x00\x00\x00\x00\x00\x00\x00\x00\x00\x00\x00\x00\x00\x01\x00\x00\x07\xd0\x00\x00'\x10\x00\x00\x00\x08\x00\x00\x00\x07ENBR0\r\n\x00"
2025-02-03 18:08:37.842 [   DEBUG] (              rpc.py: 499) RawTCPClient: procedure type 11
2025-02-03 18:08:37.842 [   DEBUG] (              rpc.py: 357) received b'\x80\x00\x00 '
2025-02-03 18:08:37.842 [   DEBUG] (              rpc.py: 357) received b'\x00\x00\x00P\x00\x00\x00\x01\x00\x00\x00\x00\x00\x00\x00\x00\x00\x00\x00\x00\x00\x00\x00\x00\x00\x00\x00\x00\x00\x00\x00\x07'
2025-02-03 18:08:37.842 [   DEBUG] (              rpc.py: 406) Received record through <socket.socket fd=408, family=2, type=1, proto=0, laddr=('10.135.70.59', 52532), raddr=('10.135.70.65', 1000)>: bytearray(b'\x00\x00\x00P\x00\x00\x00\x01\x00\x00\x00\x00\x00\x00\x00\x00\x00\x00\x00\x00\x00\x00\x00\x00\x00\x00\x00\x00\x00\x00\x00\x07')
2025-02-03 18:08:37.842 [   DEBUG] (              rpc.py: 227) Make call 11, (1, 2000, 10000, 8, b'MODL 0\r\n'), <bound method Vxi11Packer.pack_device_write_parms of <pyvisa_py.protocols.vxi11.Vxi11Packer object at 0x00000260BABDD950>>, <bound method Vxi11Unpacker.unpack_device_write_resp of <pyvisa_py.protocols.vxi11.Vxi11Unpacker object at 0x00000260BABDD8D0>>
2025-02-03 18:08:37.842 [   DEBUG] (              rpc.py: 298) Sending record through <socket.socket fd=408, family=2, type=1, proto=0, laddr=('10.135.70.59', 52532), raddr=('10.135.70.65', 1000)>: b"\x00\x00\x00Q\x00\x00\x00\x00\x00\x00\x00\x02\x00\x06\x07\xaf\x00\x00\x00\x01\x00\x00\x00\x0b\x00\x00\x00\x00\x00\x00\x00\x00\x00\x00\x00\x00\x00\x00\x00\x00\x00\x00\x00\x01\x00\x00\x07\xd0\x00\x00'\x10\x00\x00\x00\x08\x00\x00\x00\x08MODL 0\r\n"
2025-02-03 18:08:37.842 [   DEBUG] (              rpc.py: 499) RawTCPClient: procedure type 11
2025-02-03 18:08:37.842 [   DEBUG] (              rpc.py: 357) received b'\x80\x00\x00 '
2025-02-03 18:08:37.842 [   DEBUG] (              rpc.py: 357) received b'\x00\x00\x00Q\x00\x00\x00\x01\x00\x00\x00\x00\x00\x00\x00\x00\x00\x00\x00\x00\x00\x00\x00\x00\x00\x00\x00\x00\x00\x00\x00\x08'
2025-02-03 18:08:37.842 [   DEBUG] (              rpc.py: 406) Received record through <socket.socket fd=408, family=2, type=1, proto=0, laddr=('10.135.70.59', 52532), raddr=('10.135.70.65', 1000)>: bytearray(b'\x00\x00\x00Q\x00\x00\x00\x01\x00\x00\x00\x00\x00\x00\x00\x00\x00\x00\x00\x00\x00\x00\x00\x00\x00\x00\x00\x00\x00\x00\x00\x08')
2025-02-03 18:08:37.872 [    INFO] (           server.py: 356) Client <rpyc.core.protocol.Connection 'conn101' object at 0x00000260DC7D6510> disconnected.
2025-02-03 18:08:37.872 [    INFO] (           server.py: 207) goodbye ('127.0.0.1', 53220)
2025-02-03 18:08:37.872 [    INFO] (           server.py: 356) Client <rpyc.core.protocol.Connection 'conn99' object at 0x00000260E643DA10> disconnected.
2025-02-03 18:08:37.872 [    INFO] (           server.py: 207) goodbye ('127.0.0.1', 53207)
2025-02-03 18:08:57.367 [    INFO] (           server.py: 157) accepted ('127.0.0.1', 53222) with fd 6488
2025-02-03 18:08:57.367 [    INFO] (           server.py: 200) welcome ('127.0.0.1', 53222)
2025-02-03 18:08:57.367 [    INFO] (           server.py: 352) Client <rpyc.core.protocol.Connection 'conn102' object at 0x00000260E641F810> connected.
2025-02-03 18:08:59.689 [   DEBUG] (              rpc.py: 227) Make call 11, (1, 2000, 10000, 8, b'FREQ2337700000.0\r\n'), <bound method Vxi11Packer.pack_device_write_parms of <pyvisa_py.protocols.vxi11.Vxi11Packer object at 0x00000260BABDD950>>, <bound method Vxi11Unpacker.unpack_device_write_resp of <pyvisa_py.protocols.vxi11.Vxi11Unpacker object at 0x00000260BABDD8D0>>
2025-02-03 18:08:59.689 [   DEBUG] (              rpc.py: 298) Sending record through <socket.socket fd=408, family=2, type=1, proto=0, laddr=('10.135.70.59', 52532), raddr=('10.135.70.65', 1000)>: b"\x00\x00\x00R\x00\x00\x00\x00\x00\x00\x00\x02\x00\x06\x07\xaf\x00\x00\x00\x01\x00\x00\x00\x0b\x00\x00\x00\x00\x00\x00\x00\x00\x00\x00\x00\x00\x00\x00\x00\x00\x00\x00\x00\x01\x00\x00\x07\xd0\x00\x00'\x10\x00\x00\x00\x08\x00\x00\x00\x12FREQ2337700000.0\r\n\x00\x00"
2025-02-03 18:08:59.689 [   DEBUG] (              rpc.py: 499) RawTCPClient: procedure type 11
2025-02-03 18:08:59.689 [   DEBUG] (              rpc.py: 357) received b'\x80\x00\x00 '
2025-02-03 18:08:59.689 [   DEBUG] (              rpc.py: 357) received b'\x00\x00\x00R\x00\x00\x00\x01\x00\x00\x00\x00\x00\x00\x00\x00\x00\x00\x00\x00\x00\x00\x00\x00\x00\x00\x00\x00\x00\x00\x00\x12'
2025-02-03 18:08:59.689 [   DEBUG] (              rpc.py: 406) Received record through <socket.socket fd=408, family=2, type=1, proto=0, laddr=('10.135.70.59', 52532), raddr=('10.135.70.65', 1000)>: bytearray(b'\x00\x00\x00R\x00\x00\x00\x01\x00\x00\x00\x00\x00\x00\x00\x00\x00\x00\x00\x00\x00\x00\x00\x00\x00\x00\x00\x00\x00\x00\x00\x12')
2025-02-03 18:08:59.689 [    INFO] (sg396_driver_current.py: 234) Set frequency to 2337700000.0 Hz
2025-02-03 18:08:59.689 [   DEBUG] (              rpc.py: 227) Make call 11, (1, 2000, 10000, 8, b'AMPR-0.4575749056067512\r\n'), <bound method Vxi11Packer.pack_device_write_parms of <pyvisa_py.protocols.vxi11.Vxi11Packer object at 0x00000260BABDD950>>, <bound method Vxi11Unpacker.unpack_device_write_resp of <pyvisa_py.protocols.vxi11.Vxi11Unpacker object at 0x00000260BABDD8D0>>
2025-02-03 18:08:59.689 [   DEBUG] (              rpc.py: 298) Sending record through <socket.socket fd=408, family=2, type=1, proto=0, laddr=('10.135.70.59', 52532), raddr=('10.135.70.65', 1000)>: b"\x00\x00\x00S\x00\x00\x00\x00\x00\x00\x00\x02\x00\x06\x07\xaf\x00\x00\x00\x01\x00\x00\x00\x0b\x00\x00\x00\x00\x00\x00\x00\x00\x00\x00\x00\x00\x00\x00\x00\x00\x00\x00\x00\x01\x00\x00\x07\xd0\x00\x00'\x10\x00\x00\x00\x08\x00\x00\x00\x19AMPR-0.4575749056067512\r\n\x00\x00\x00"
2025-02-03 18:08:59.689 [   DEBUG] (              rpc.py: 499) RawTCPClient: procedure type 11
2025-02-03 18:08:59.689 [   DEBUG] (              rpc.py: 357) received b'\x80\x00\x00 '
2025-02-03 18:08:59.699 [   DEBUG] (              rpc.py: 357) received b'\x00\x00\x00S\x00\x00\x00\x01\x00\x00\x00\x00\x00\x00\x00\x00\x00\x00\x00\x00\x00\x00\x00\x00\x00\x00\x00\x00\x00\x00\x00\x19'
2025-02-03 18:08:59.699 [   DEBUG] (              rpc.py: 406) Received record through <socket.socket fd=408, family=2, type=1, proto=0, laddr=('10.135.70.59', 52532), raddr=('10.135.70.65', 1000)>: bytearray(b'\x00\x00\x00S\x00\x00\x00\x01\x00\x00\x00\x00\x00\x00\x00\x00\x00\x00\x00\x00\x00\x00\x00\x00\x00\x00\x00\x00\x00\x00\x00\x19')
2025-02-03 18:08:59.699 [   DEBUG] (              rpc.py: 227) Make call 11, (1, 2000, 10000, 8, b'TYPE 7\r\n'), <bound method Vxi11Packer.pack_device_write_parms of <pyvisa_py.protocols.vxi11.Vxi11Packer object at 0x00000260BABDD950>>, <bound method Vxi11Unpacker.unpack_device_write_resp of <pyvisa_py.protocols.vxi11.Vxi11Unpacker object at 0x00000260BABDD8D0>>
2025-02-03 18:08:59.699 [   DEBUG] (              rpc.py: 298) Sending record through <socket.socket fd=408, family=2, type=1, proto=0, laddr=('10.135.70.59', 52532), raddr=('10.135.70.65', 1000)>: b"\x00\x00\x00T\x00\x00\x00\x00\x00\x00\x00\x02\x00\x06\x07\xaf\x00\x00\x00\x01\x00\x00\x00\x0b\x00\x00\x00\x00\x00\x00\x00\x00\x00\x00\x00\x00\x00\x00\x00\x00\x00\x00\x00\x01\x00\x00\x07\xd0\x00\x00'\x10\x00\x00\x00\x08\x00\x00\x00\x08TYPE 7\r\n"
2025-02-03 18:08:59.699 [   DEBUG] (              rpc.py: 499) RawTCPClient: procedure type 11
2025-02-03 18:08:59.699 [   DEBUG] (              rpc.py: 357) received b'\x80\x00\x00 '
2025-02-03 18:08:59.699 [   DEBUG] (              rpc.py: 357) received b'\x00\x00\x00T\x00\x00\x00\x01\x00\x00\x00\x00\x00\x00\x00\x00\x00\x00\x00\x00\x00\x00\x00\x00\x00\x00\x00\x00\x00\x00\x00\x08'
2025-02-03 18:08:59.699 [   DEBUG] (              rpc.py: 406) Received record through <socket.socket fd=408, family=2, type=1, proto=0, laddr=('10.135.70.59', 52532), raddr=('10.135.70.65', 1000)>: bytearray(b'\x00\x00\x00T\x00\x00\x00\x01\x00\x00\x00\x00\x00\x00\x00\x00\x00\x00\x00\x00\x00\x00\x00\x00\x00\x00\x00\x00\x00\x00\x00\x08')
2025-02-03 18:08:59.699 [   DEBUG] (              rpc.py: 227) Make call 11, (1, 2000, 10000, 8, b'STYP 1\r\n'), <bound method Vxi11Packer.pack_device_write_parms of <pyvisa_py.protocols.vxi11.Vxi11Packer object at 0x00000260BABDD950>>, <bound method Vxi11Unpacker.unpack_device_write_resp of <pyvisa_py.protocols.vxi11.Vxi11Unpacker object at 0x00000260BABDD8D0>>
2025-02-03 18:08:59.699 [   DEBUG] (              rpc.py: 298) Sending record through <socket.socket fd=408, family=2, type=1, proto=0, laddr=('10.135.70.59', 52532), raddr=('10.135.70.65', 1000)>: b"\x00\x00\x00U\x00\x00\x00\x00\x00\x00\x00\x02\x00\x06\x07\xaf\x00\x00\x00\x01\x00\x00\x00\x0b\x00\x00\x00\x00\x00\x00\x00\x00\x00\x00\x00\x00\x00\x00\x00\x00\x00\x00\x00\x01\x00\x00\x07\xd0\x00\x00'\x10\x00\x00\x00\x08\x00\x00\x00\x08STYP 1\r\n"
2025-02-03 18:08:59.699 [   DEBUG] (              rpc.py: 499) RawTCPClient: procedure type 11
2025-02-03 18:08:59.699 [   DEBUG] (              rpc.py: 357) received b'\x80\x00\x00 '
2025-02-03 18:08:59.699 [   DEBUG] (              rpc.py: 357) received b'\x00\x00\x00U\x00\x00\x00\x01\x00\x00\x00\x00\x00\x00\x00\x00\x00\x00\x00\x00\x00\x00\x00\x00\x00\x00\x00\x00\x00\x00\x00\x08'
2025-02-03 18:08:59.699 [   DEBUG] (              rpc.py: 406) Received record through <socket.socket fd=408, family=2, type=1, proto=0, laddr=('10.135.70.59', 52532), raddr=('10.135.70.65', 1000)>: bytearray(b'\x00\x00\x00U\x00\x00\x00\x01\x00\x00\x00\x00\x00\x00\x00\x00\x00\x00\x00\x00\x00\x00\x00\x00\x00\x00\x00\x00\x00\x00\x00\x08')
2025-02-03 18:08:59.699 [   DEBUG] (              rpc.py: 227) Make call 11, (1, 2000, 10000, 8, b'QFNC 5\r\n'), <bound method Vxi11Packer.pack_device_write_parms of <pyvisa_py.protocols.vxi11.Vxi11Packer object at 0x00000260BABDD950>>, <bound method Vxi11Unpacker.unpack_device_write_resp of <pyvisa_py.protocols.vxi11.Vxi11Unpacker object at 0x00000260BABDD8D0>>
2025-02-03 18:08:59.699 [   DEBUG] (              rpc.py: 298) Sending record through <socket.socket fd=408, family=2, type=1, proto=0, laddr=('10.135.70.59', 52532), raddr=('10.135.70.65', 1000)>: b"\x00\x00\x00V\x00\x00\x00\x00\x00\x00\x00\x02\x00\x06\x07\xaf\x00\x00\x00\x01\x00\x00\x00\x0b\x00\x00\x00\x00\x00\x00\x00\x00\x00\x00\x00\x00\x00\x00\x00\x00\x00\x00\x00\x01\x00\x00\x07\xd0\x00\x00'\x10\x00\x00\x00\x08\x00\x00\x00\x08QFNC 5\r\n"
2025-02-03 18:08:59.699 [   DEBUG] (              rpc.py: 499) RawTCPClient: procedure type 11
2025-02-03 18:08:59.699 [   DEBUG] (              rpc.py: 357) received b'\x80\x00\x00 '
2025-02-03 18:08:59.699 [   DEBUG] (              rpc.py: 357) received b'\x00\x00\x00V\x00\x00\x00\x01\x00\x00\x00\x00\x00\x00\x00\x00\x00\x00\x00\x00\x00\x00\x00\x00\x00\x00\x00\x00\x00\x00\x00\x08'
2025-02-03 18:08:59.699 [   DEBUG] (              rpc.py: 406) Received record through <socket.socket fd=408, family=2, type=1, proto=0, laddr=('10.135.70.59', 52532), raddr=('10.135.70.65', 1000)>: bytearray(b'\x00\x00\x00V\x00\x00\x00\x01\x00\x00\x00\x00\x00\x00\x00\x00\x00\x00\x00\x00\x00\x00\x00\x00\x00\x00\x00\x00\x00\x00\x00\x08')
2025-02-03 18:08:59.699 [   DEBUG] (              rpc.py: 227) Make call 11, (1, 2000, 10000, 8, b'MODL 1\r\n'), <bound method Vxi11Packer.pack_device_write_parms of <pyvisa_py.protocols.vxi11.Vxi11Packer object at 0x00000260BABDD950>>, <bound method Vxi11Unpacker.unpack_device_write_resp of <pyvisa_py.protocols.vxi11.Vxi11Unpacker object at 0x00000260BABDD8D0>>
2025-02-03 18:08:59.699 [   DEBUG] (              rpc.py: 298) Sending record through <socket.socket fd=408, family=2, type=1, proto=0, laddr=('10.135.70.59', 52532), raddr=('10.135.70.65', 1000)>: b"\x00\x00\x00W\x00\x00\x00\x00\x00\x00\x00\x02\x00\x06\x07\xaf\x00\x00\x00\x01\x00\x00\x00\x0b\x00\x00\x00\x00\x00\x00\x00\x00\x00\x00\x00\x00\x00\x00\x00\x00\x00\x00\x00\x01\x00\x00\x07\xd0\x00\x00'\x10\x00\x00\x00\x08\x00\x00\x00\x08MODL 1\r\n"
2025-02-03 18:08:59.699 [   DEBUG] (              rpc.py: 499) RawTCPClient: procedure type 11
2025-02-03 18:08:59.699 [   DEBUG] (              rpc.py: 357) received b'\x80\x00\x00 '
2025-02-03 18:08:59.699 [   DEBUG] (              rpc.py: 357) received b'\x00\x00\x00W\x00\x00\x00\x01\x00\x00\x00\x00\x00\x00\x00\x00\x00\x00\x00\x00\x00\x00\x00\x00\x00\x00\x00\x00\x00\x00\x00\x08'
2025-02-03 18:08:59.699 [   DEBUG] (              rpc.py: 406) Received record through <socket.socket fd=408, family=2, type=1, proto=0, laddr=('10.135.70.59', 52532), raddr=('10.135.70.65', 1000)>: bytearray(b'\x00\x00\x00W\x00\x00\x00\x01\x00\x00\x00\x00\x00\x00\x00\x00\x00\x00\x00\x00\x00\x00\x00\x00\x00\x00\x00\x00\x00\x00\x00\x08')
2025-02-03 18:09:00.758 [   DEBUG] (              rpc.py: 227) Make call 11, (1, 2000, 10000, 8, b'ENBR1\r\n'), <bound method Vxi11Packer.pack_device_write_parms of <pyvisa_py.protocols.vxi11.Vxi11Packer object at 0x00000260BABDD950>>, <bound method Vxi11Unpacker.unpack_device_write_resp of <pyvisa_py.protocols.vxi11.Vxi11Unpacker object at 0x00000260BABDD8D0>>
2025-02-03 18:09:00.758 [   DEBUG] (              rpc.py: 298) Sending record through <socket.socket fd=408, family=2, type=1, proto=0, laddr=('10.135.70.59', 52532), raddr=('10.135.70.65', 1000)>: b"\x00\x00\x00X\x00\x00\x00\x00\x00\x00\x00\x02\x00\x06\x07\xaf\x00\x00\x00\x01\x00\x00\x00\x0b\x00\x00\x00\x00\x00\x00\x00\x00\x00\x00\x00\x00\x00\x00\x00\x00\x00\x00\x00\x01\x00\x00\x07\xd0\x00\x00'\x10\x00\x00\x00\x08\x00\x00\x00\x07ENBR1\r\n\x00"
2025-02-03 18:09:00.758 [   DEBUG] (              rpc.py: 499) RawTCPClient: procedure type 11
2025-02-03 18:09:00.758 [   DEBUG] (              rpc.py: 357) received b'\x80\x00\x00 '
2025-02-03 18:09:00.758 [   DEBUG] (              rpc.py: 357) received b'\x00\x00\x00X\x00\x00\x00\x01\x00\x00\x00\x00\x00\x00\x00\x00\x00\x00\x00\x00\x00\x00\x00\x00\x00\x00\x00\x00\x00\x00\x00\x07'
2025-02-03 18:09:00.758 [   DEBUG] (              rpc.py: 406) Received record through <socket.socket fd=408, family=2, type=1, proto=0, laddr=('10.135.70.59', 52532), raddr=('10.135.70.65', 1000)>: bytearray(b'\x00\x00\x00X\x00\x00\x00\x01\x00\x00\x00\x00\x00\x00\x00\x00\x00\x00\x00\x00\x00\x00\x00\x00\x00\x00\x00\x00\x00\x00\x00\x07')
2025-02-03 18:09:00.758 [    INFO] (laser_driver_current.py:  98) Modulation state set to 'modulated'
2025-02-03 18:09:00.788 [    INFO] (laser_driver_current.py:  55) Analog control mode set to 'current'
2025-02-03 18:09:00.788 [    INFO] (laser_driver_current.py:  89) Laser diode current set to '110%'
2025-02-03 18:09:00.788 [ WARNING] (laser_driver_current.py:  40) Failed to set command 'CM=110'
2025-02-03 18:09:00.788 [ WARNING] (laser_driver_current.py:  41) Response from Device :'CM=110.00'
2025-02-03 18:09:00.788 [    INFO] (laser_driver_current.py: 105) Laser emission is ON
2025-02-03 18:09:16.852 [    INFO] (           server.py: 157) accepted ('127.0.0.1', 53233) with fd 6688
2025-02-03 18:09:16.852 [    INFO] (           server.py: 200) welcome ('127.0.0.1', 53233)
2025-02-03 18:09:16.852 [    INFO] (           server.py: 352) Client <rpyc.core.protocol.Connection 'conn103' object at 0x00000260E663F2D0> connected.
2025-02-03 18:09:16.862 [    INFO] (laser_driver_current.py: 108) Laser emission is OFF
2025-02-03 18:09:16.862 [   DEBUG] (              rpc.py: 227) Make call 11, (1, 2000, 10000, 8, b'ENBR0\r\n'), <bound method Vxi11Packer.pack_device_write_parms of <pyvisa_py.protocols.vxi11.Vxi11Packer object at 0x00000260BABDD950>>, <bound method Vxi11Unpacker.unpack_device_write_resp of <pyvisa_py.protocols.vxi11.Vxi11Unpacker object at 0x00000260BABDD8D0>>
2025-02-03 18:09:16.862 [   DEBUG] (              rpc.py: 298) Sending record through <socket.socket fd=408, family=2, type=1, proto=0, laddr=('10.135.70.59', 52532), raddr=('10.135.70.65', 1000)>: b"\x00\x00\x00Y\x00\x00\x00\x00\x00\x00\x00\x02\x00\x06\x07\xaf\x00\x00\x00\x01\x00\x00\x00\x0b\x00\x00\x00\x00\x00\x00\x00\x00\x00\x00\x00\x00\x00\x00\x00\x00\x00\x00\x00\x01\x00\x00\x07\xd0\x00\x00'\x10\x00\x00\x00\x08\x00\x00\x00\x07ENBR0\r\n\x00"
2025-02-03 18:09:16.862 [   DEBUG] (              rpc.py: 499) RawTCPClient: procedure type 11
2025-02-03 18:09:16.862 [   DEBUG] (              rpc.py: 357) received b'\x80\x00\x00 '
2025-02-03 18:09:16.862 [   DEBUG] (              rpc.py: 357) received b'\x00\x00\x00Y\x00\x00\x00\x01\x00\x00\x00\x00\x00\x00\x00\x00\x00\x00\x00\x00\x00\x00\x00\x00\x00\x00\x00\x00\x00\x00\x00\x07'
2025-02-03 18:09:16.862 [   DEBUG] (              rpc.py: 406) Received record through <socket.socket fd=408, family=2, type=1, proto=0, laddr=('10.135.70.59', 52532), raddr=('10.135.70.65', 1000)>: bytearray(b'\x00\x00\x00Y\x00\x00\x00\x01\x00\x00\x00\x00\x00\x00\x00\x00\x00\x00\x00\x00\x00\x00\x00\x00\x00\x00\x00\x00\x00\x00\x00\x07')
2025-02-03 18:09:16.862 [   DEBUG] (              rpc.py: 227) Make call 11, (1, 2000, 10000, 8, b'MODL 0\r\n'), <bound method Vxi11Packer.pack_device_write_parms of <pyvisa_py.protocols.vxi11.Vxi11Packer object at 0x00000260BABDD950>>, <bound method Vxi11Unpacker.unpack_device_write_resp of <pyvisa_py.protocols.vxi11.Vxi11Unpacker object at 0x00000260BABDD8D0>>
2025-02-03 18:09:16.862 [   DEBUG] (              rpc.py: 298) Sending record through <socket.socket fd=408, family=2, type=1, proto=0, laddr=('10.135.70.59', 52532), raddr=('10.135.70.65', 1000)>: b"\x00\x00\x00Z\x00\x00\x00\x00\x00\x00\x00\x02\x00\x06\x07\xaf\x00\x00\x00\x01\x00\x00\x00\x0b\x00\x00\x00\x00\x00\x00\x00\x00\x00\x00\x00\x00\x00\x00\x00\x00\x00\x00\x00\x01\x00\x00\x07\xd0\x00\x00'\x10\x00\x00\x00\x08\x00\x00\x00\x08MODL 0\r\n"
2025-02-03 18:09:16.862 [   DEBUG] (              rpc.py: 499) RawTCPClient: procedure type 11
2025-02-03 18:09:16.872 [   DEBUG] (              rpc.py: 357) received b'\x80\x00\x00 '
2025-02-03 18:09:16.872 [   DEBUG] (              rpc.py: 357) received b'\x00\x00\x00Z\x00\x00\x00\x01\x00\x00\x00\x00\x00\x00\x00\x00\x00\x00\x00\x00\x00\x00\x00\x00\x00\x00\x00\x00\x00\x00\x00\x08'
2025-02-03 18:09:16.872 [   DEBUG] (              rpc.py: 406) Received record through <socket.socket fd=408, family=2, type=1, proto=0, laddr=('10.135.70.59', 52532), raddr=('10.135.70.65', 1000)>: bytearray(b'\x00\x00\x00Z\x00\x00\x00\x01\x00\x00\x00\x00\x00\x00\x00\x00\x00\x00\x00\x00\x00\x00\x00\x00\x00\x00\x00\x00\x00\x00\x00\x08')
2025-02-03 18:09:16.913 [    INFO] (           server.py: 356) Client <rpyc.core.protocol.Connection 'conn103' object at 0x00000260E663F2D0> disconnected.
2025-02-03 18:09:16.913 [    INFO] (           server.py: 207) goodbye ('127.0.0.1', 53233)
2025-02-03 18:09:16.913 [    INFO] (           server.py: 157) accepted ('127.0.0.1', 53234) with fd 6712
2025-02-03 18:09:16.913 [    INFO] (           server.py: 200) welcome ('127.0.0.1', 53234)
2025-02-03 18:09:16.913 [    INFO] (           server.py: 352) Client <rpyc.core.protocol.Connection 'conn104' object at 0x00000260DCD17D50> connected.
2025-02-03 18:09:16.923 [    INFO] (laser_driver_current.py: 108) Laser emission is OFF
2025-02-03 18:09:16.927 [   DEBUG] (              rpc.py: 227) Make call 11, (1, 2000, 10000, 8, b'ENBR0\r\n'), <bound method Vxi11Packer.pack_device_write_parms of <pyvisa_py.protocols.vxi11.Vxi11Packer object at 0x00000260BABDD950>>, <bound method Vxi11Unpacker.unpack_device_write_resp of <pyvisa_py.protocols.vxi11.Vxi11Unpacker object at 0x00000260BABDD8D0>>
2025-02-03 18:09:16.927 [   DEBUG] (              rpc.py: 298) Sending record through <socket.socket fd=408, family=2, type=1, proto=0, laddr=('10.135.70.59', 52532), raddr=('10.135.70.65', 1000)>: b"\x00\x00\x00[\x00\x00\x00\x00\x00\x00\x00\x02\x00\x06\x07\xaf\x00\x00\x00\x01\x00\x00\x00\x0b\x00\x00\x00\x00\x00\x00\x00\x00\x00\x00\x00\x00\x00\x00\x00\x00\x00\x00\x00\x01\x00\x00\x07\xd0\x00\x00'\x10\x00\x00\x00\x08\x00\x00\x00\x07ENBR0\r\n\x00"
2025-02-03 18:09:16.927 [   DEBUG] (              rpc.py: 499) RawTCPClient: procedure type 11
2025-02-03 18:09:16.927 [   DEBUG] (              rpc.py: 357) received b'\x80\x00\x00 '
2025-02-03 18:09:16.927 [   DEBUG] (              rpc.py: 357) received b'\x00\x00\x00[\x00\x00\x00\x01\x00\x00\x00\x00\x00\x00\x00\x00\x00\x00\x00\x00\x00\x00\x00\x00\x00\x00\x00\x00\x00\x00\x00\x07'
2025-02-03 18:09:16.927 [   DEBUG] (              rpc.py: 406) Received record through <socket.socket fd=408, family=2, type=1, proto=0, laddr=('10.135.70.59', 52532), raddr=('10.135.70.65', 1000)>: bytearray(b'\x00\x00\x00[\x00\x00\x00\x01\x00\x00\x00\x00\x00\x00\x00\x00\x00\x00\x00\x00\x00\x00\x00\x00\x00\x00\x00\x00\x00\x00\x00\x07')
2025-02-03 18:09:16.927 [   DEBUG] (              rpc.py: 227) Make call 11, (1, 2000, 10000, 8, b'MODL 0\r\n'), <bound method Vxi11Packer.pack_device_write_parms of <pyvisa_py.protocols.vxi11.Vxi11Packer object at 0x00000260BABDD950>>, <bound method Vxi11Unpacker.unpack_device_write_resp of <pyvisa_py.protocols.vxi11.Vxi11Unpacker object at 0x00000260BABDD8D0>>
2025-02-03 18:09:16.927 [   DEBUG] (              rpc.py: 298) Sending record through <socket.socket fd=408, family=2, type=1, proto=0, laddr=('10.135.70.59', 52532), raddr=('10.135.70.65', 1000)>: b"\x00\x00\x00\\\x00\x00\x00\x00\x00\x00\x00\x02\x00\x06\x07\xaf\x00\x00\x00\x01\x00\x00\x00\x0b\x00\x00\x00\x00\x00\x00\x00\x00\x00\x00\x00\x00\x00\x00\x00\x00\x00\x00\x00\x01\x00\x00\x07\xd0\x00\x00'\x10\x00\x00\x00\x08\x00\x00\x00\x08MODL 0\r\n"
2025-02-03 18:09:16.927 [   DEBUG] (              rpc.py: 499) RawTCPClient: procedure type 11
2025-02-03 18:09:16.927 [   DEBUG] (              rpc.py: 357) received b'\x80\x00\x00 '
2025-02-03 18:09:16.927 [   DEBUG] (              rpc.py: 357) received b'\x00\x00\x00\\\x00\x00\x00\x01\x00\x00\x00\x00\x00\x00\x00\x00\x00\x00\x00\x00\x00\x00\x00\x00\x00\x00\x00\x00\x00\x00\x00\x08'
2025-02-03 18:09:16.927 [   DEBUG] (              rpc.py: 406) Received record through <socket.socket fd=408, family=2, type=1, proto=0, laddr=('10.135.70.59', 52532), raddr=('10.135.70.65', 1000)>: bytearray(b'\x00\x00\x00\\\x00\x00\x00\x01\x00\x00\x00\x00\x00\x00\x00\x00\x00\x00\x00\x00\x00\x00\x00\x00\x00\x00\x00\x00\x00\x00\x00\x08')
2025-02-03 18:09:16.953 [    INFO] (           server.py: 356) Client <rpyc.core.protocol.Connection 'conn104' object at 0x00000260DCD17D50> disconnected.
2025-02-03 18:09:16.953 [    INFO] (           server.py: 207) goodbye ('127.0.0.1', 53234)
2025-02-03 18:09:16.953 [    INFO] (           server.py: 356) Client <rpyc.core.protocol.Connection 'conn102' object at 0x00000260E641F810> disconnected.
