2025-03-10 13:07:43.132 [    INFO] (          gateway.py: 152) Gateway connected to instrument server at "localhost:42068".
2025-03-10 13:10:50.587 [    INFO] (             misc.py: 208) Running process function [<function run_experiment at 0x00000195908B4FE0>] with args: [()] kwargs: [{'exp_cls': <class 'nv_experiments_all.SpinMeasurements'>, 'fun_name': 'sigvstime_scan', 'constructor_args': [], 'constructor_kwargs': {}, 'queue_to_exp': <multiprocessing.queues.Queue object at 0x000001959731BA90>, 'queue_from_exp': <multiprocessing.queues.Queue object at 0x000001959732F7D0>, 'fun_args': [], 'fun_kwargs': {'exp_sampling_rate': 1000.0, 'sigvstime_detector': 'APD', 'sampling_rate_0': 1000.0, 'sigvstime_detector_0': 'APD', 'laser_power': 0, 'laser_init': 3e-05, 'laser_readout': 2.5e-06, 'sideband_freq': 30000000.0, 'sideband_power': 0.45, 'sideband': 'Lower', 'i_offset': -0.002, 'q_offset': -0.004, 'detector': 'APD', 'segment_size': 1024, 'dig_sampling_freq': 500000000.0, 'dig_amplitude': 1.0, 'read_channel': '0', 'dig_coupling': 'DC', 'dig_termination': '1M', 'pretrig_size': 32, 'dig_timeout': 5.0, 'save': False, 'dataset': 'sigvstime', 'filename': '', 'directory': '', 'seq': 'Signal vs Time', 'fit': False, 'fit_live': False, 'fit_params': [0.0]}}].
2025-03-10 13:10:56.429 [    INFO] (             misc.py: 208) Running process function [<bound method NanoNMRMagnetMotion.disable_all of <nnmr_magnet_motion.NanoNMRMagnetMotion object at 0x0000019599B3C3D0>>] with args: [()] kwargs: [{}].
2025-03-10 13:10:56.432 [    INFO] (gui_all_instruments_current.py: 652) All magnet stages have been parked upon startup of magnet alignment widget.
2025-03-10 13:11:12.491 [    INFO] (             sink.py: 137) Sink connected to data server [('127.0.0.1', 30101)].
2025-03-10 13:11:18.610 [    INFO] (          gateway.py: 152) Gateway connected to instrument server at "localhost:42068".
2025-03-10 13:11:18.616 [    INFO] (          gateway.py: 173) Gateway disconnected from server at localhost:42068
2025-03-10 13:11:18.640 [    INFO] (          gateway.py: 152) Gateway connected to instrument server at "localhost:42068".
2025-03-10 13:11:18.644 [    INFO] (          gateway.py: 173) Gateway disconnected from server at localhost:42068
2025-03-10 13:11:18.660 [    INFO] (          gateway.py: 152) Gateway connected to instrument server at "localhost:42068".
2025-03-10 13:11:18.663 [    INFO] (          gateway.py: 173) Gateway disconnected from server at localhost:42068
2025-03-10 13:11:18.673 [    INFO] (          gateway.py: 152) Gateway connected to instrument server at "localhost:42068".
2025-03-10 13:11:18.677 [    INFO] (          gateway.py: 173) Gateway disconnected from server at localhost:42068
2025-03-10 13:11:18.689 [    INFO] (          gateway.py: 152) Gateway connected to instrument server at "localhost:42068".
2025-03-10 13:11:18.692 [    INFO] (          gateway.py: 173) Gateway disconnected from server at localhost:42068
2025-03-10 13:11:18.710 [    INFO] (          gateway.py: 152) Gateway connected to instrument server at "localhost:42068".
2025-03-10 13:11:18.715 [    INFO] (          gateway.py: 173) Gateway disconnected from server at localhost:42068
2025-03-10 13:11:21.243 [    INFO] (          gateway.py: 152) Gateway connected to instrument server at "localhost:42068".
2025-03-10 13:11:21.262 [    INFO] (          gateway.py: 173) Gateway disconnected from server at localhost:42068
2025-03-10 13:11:21.273 [    INFO] (          gateway.py: 152) Gateway connected to instrument server at "localhost:42068".
2025-03-10 13:11:21.290 [    INFO] (          gateway.py: 173) Gateway disconnected from server at localhost:42068
2025-03-10 13:12:38.238 [    INFO] (          gateway.py: 152) Gateway connected to instrument server at "localhost:42068".
2025-03-10 13:12:38.251 [    INFO] (          gateway.py: 173) Gateway disconnected from server at localhost:42068
2025-03-10 13:12:38.270 [    INFO] (          gateway.py: 152) Gateway connected to instrument server at "localhost:42068".
2025-03-10 13:12:38.286 [    INFO] (          gateway.py: 173) Gateway disconnected from server at localhost:42068
2025-03-10 13:14:13.093 [    INFO] (             misc.py: 208) Running process function [<function run_experiment at 0x00000195908B4FE0>] with args: [()] kwargs: [{'exp_cls': <class 'nv_experiments_all.SpinMeasurements'>, 'fun_name': 'sigvstime_scan', 'constructor_args': [], 'constructor_kwargs': {}, 'queue_to_exp': <multiprocessing.queues.Queue object at 0x000001959731BA90>, 'queue_from_exp': <multiprocessing.queues.Queue object at 0x000001959732F7D0>, 'fun_args': [], 'fun_kwargs': {'exp_sampling_rate': 1000.0, 'sigvstime_detector': 'APD', 'sampling_rate_0': 1000.0, 'sigvstime_detector_0': 'APD', 'laser_power': 0, 'laser_init': 3e-05, 'laser_readout': 2.5e-06, 'sideband_freq': 30000000.0, 'sideband_power': 0.45, 'sideband': 'Lower', 'i_offset': -0.002, 'q_offset': -0.004, 'detector': 'APD', 'segment_size': 1024, 'dig_sampling_freq': 500000000.0, 'dig_amplitude': 1.0, 'read_channel': '0', 'dig_coupling': 'DC', 'dig_termination': '1M', 'pretrig_size': 32, 'dig_timeout': 5.0, 'save': False, 'dataset': 'sigvstime', 'filename': '', 'directory': '', 'seq': 'Signal vs Time', 'fit': False, 'fit_live': False, 'fit_params': [0.0]}}].
2025-03-10 13:15:14.265 [    INFO] (             misc.py: 208) Running process function [<bound method NanoNMRMagnetMotion.enable_all of <nnmr_magnet_motion.NanoNMRMagnetMotion object at 0x0000019599DBED90>>] with args: [()] kwargs: [{}].
2025-03-10 13:15:16.163 [    INFO] (             misc.py: 208) Running process function [<bound method NanoNMRMagnetMotion.move_to_orientation of <nnmr_magnet_motion.NanoNMRMagnetMotion object at 0x0000019599DDF3D0>>] with args: [()] kwargs: [{'stage': 'thor_azi', 'new_angle': 51.0, 'queue': <multiprocessing.queues.Queue object at 0x0000019599B3F510>, 'abs': True}].
2025-03-10 13:15:30.144 [    INFO] (             misc.py: 208) Running process function [<bound method NanoNMRMagnetMotion.move_to_orientation of <nnmr_magnet_motion.NanoNMRMagnetMotion object at 0x0000019599DA4A90>>] with args: [()] kwargs: [{'stage': 'thor_polar', 'new_angle': 36.0, 'queue': <multiprocessing.queues.Queue object at 0x0000019599B3F510>, 'abs': True}].
2025-03-10 13:16:22.032 [    INFO] (             misc.py: 208) Running process function [<bound method NanoNMRMagnetMotion.move_to_orientation of <nnmr_magnet_motion.NanoNMRMagnetMotion object at 0x0000019599B01B10>>] with args: [()] kwargs: [{'stage': 'zaber', 'new_pos': 52.7, 'queue': <multiprocessing.queues.Queue object at 0x0000019599B3F510>, 'abs': True}].
2025-03-10 13:16:43.244 [    INFO] (             misc.py: 208) Running process function [<bound method NanoNMRMagnetMotion.move_to_orientation of <nnmr_magnet_motion.NanoNMRMagnetMotion object at 0x0000019599DA11D0>>] with args: [()] kwargs: [{'stage': 'thor_azi', 'new_angle': 52.0, 'queue': <multiprocessing.queues.Queue object at 0x0000019599B3F510>, 'abs': True}].
2025-03-10 13:16:47.323 [    INFO] (             misc.py: 208) Running process function [<bound method NanoNMRMagnetMotion.move_to_orientation of <nnmr_magnet_motion.NanoNMRMagnetMotion object at 0x000001959A073450>>] with args: [()] kwargs: [{'stage': 'zaber', 'new_pos': 52.7, 'queue': <multiprocessing.queues.Queue object at 0x0000019599B3F510>, 'abs': True}].
2025-03-10 13:19:47.283 [    INFO] (             sink.py: 137) Sink connected to data server [('127.0.0.1', 30101)].
2025-03-10 13:19:47.287 [    INFO] (             sink.py: 184) Sink data server [('127.0.0.1', 30101)] disconnected or hasn't sent a keepalive message - dropping connection.
2025-03-10 13:19:48.298 [CRITICAL] (          logging.py:  32) Traceback (most recent call last):
2025-03-10 13:19:48.298 [CRITICAL] (          logging.py:  32)   File "C:\Users\ejvil\miniconda3\envs\nspyre\Lib\site-packages\nspyre\gui\widgets\flex_line_plot_3.py", line 1801, in _new_source
2025-03-10 13:19:48.300 [CRITICAL] (          logging.py:  32)     self.plot_settings.sink.pop(timeout=self.timeout)
2025-03-10 13:19:48.301 [CRITICAL] (          logging.py:  32)   File "C:\Users\ejvil\miniconda3\envs\nspyre\Lib\site-packages\nspyre\data\sink.py", line 356, in pop
2025-03-10 13:19:48.301 [CRITICAL] (          logging.py:  32)     raise TimeoutError(f'{self} pop() timed out.')
2025-03-10 13:19:48.301 [CRITICAL] (          logging.py:  32) TimeoutError: Data Sink (running=True) [name=odmr,  pop() timed out.
2025-03-10 13:19:48.301 [CRITICAL] (          logging.py:  32) 
2025-03-10 13:19:48.301 [CRITICAL] (          logging.py:  32) The above exception was the direct cause of the following exception:
2025-03-10 13:19:48.302 [CRITICAL] (          logging.py:  32) 
2025-03-10 13:19:48.302 [CRITICAL] (          logging.py:  32) Traceback (most recent call last):
2025-03-10 13:19:48.303 [CRITICAL] (          logging.py:  32)   File "C:\Users\ejvil\miniconda3\envs\nspyre\Lib\site-packages\nspyre\gui\threadsafe.py", line 91, in _handle_error
2025-03-10 13:19:48.303 [CRITICAL] (          logging.py:  32)     raise err
2025-03-10 13:19:48.303 [CRITICAL] (          logging.py:  32)   File "C:\Users\ejvil\miniconda3\envs\nspyre\Lib\site-packages\nspyre\gui\threadsafe.py", line 171, in _run_safe
2025-03-10 13:19:48.304 [CRITICAL] (          logging.py:  32)     result = fun(*args, **kwargs)
2025-03-10 13:19:48.304 [CRITICAL] (          logging.py:  32)              ^^^^^^^^^^^^^^^^^^^^
2025-03-10 13:19:48.304 [CRITICAL] (          logging.py:  32)   File "C:\Users\ejvil\miniconda3\envs\nspyre\Lib\site-packages\nspyre\gui\widgets\flex_line_plot_3.py", line 1865, in _new_source
2025-03-10 13:19:48.305 [CRITICAL] (          logging.py:  32)     raise RuntimeError(
2025-03-10 13:19:48.305 [CRITICAL] (          logging.py:  32) RuntimeError: Could not connect to new data source [odmr]
2025-03-10 13:19:48.306 [    INFO] (        line_plot.py:  78) A plot with the name [monitor 1] does not exist. Ignoring remove_plot request.
2025-03-10 13:19:48.306 [    INFO] (        line_plot.py:  78) A plot with the name [monitor 2] does not exist. Ignoring remove_plot request.
2025-03-10 13:19:49.317 [    INFO] (  _asyncio_worker.py:  89) Source [('localhost', 30101)] closed.
2025-03-10 13:21:23.767 [    INFO] (             misc.py: 208) Running process function [<function run_experiment at 0x00000195908B4FE0>] with args: [()] kwargs: [{'exp_cls': <class 'nv_experiments_all.SpinMeasurements'>, 'fun_name': 'odmr_scan', 'constructor_args': [], 'constructor_kwargs': {}, 'queue_to_exp': <multiprocessing.queues.Queue object at 0x000001959731BA90>, 'queue_from_exp': <multiprocessing.queues.Queue object at 0x000001959732F7D0>, 'fun_args': [], 'fun_kwargs': {'runs': 120, 'iters': 10, 'num_pts': 50, 'center_freq': 2320000000.0, 'half_span_sideband_freq': 30000000.0, 'rf_power': 0.0001, 'probe': 2.5e-05, 'laser_power': 110, 'laser_init': 3e-05, 'laser_readout': 2.5e-06, 'sideband_freq': 30000000.0, 'sideband_power': 0.15, 'sideband': 'Lower', 'i_offset': -0.002, 'q_offset': -0.004, 'detector': 'APD', 'segment_size': 1024, 'dig_sampling_freq': 500000000.0, 'dig_amplitude': 1.0, 'read_channel': '0', 'dig_coupling': 'DC', 'dig_termination': '1M', 'pretrig_size': 32, 'dig_timeout': 5.0, 'save': False, 'dataset': 'odmr', 'filename': '', 'directory': '', 'seq': 'CW ODMR', 'fit': False, 'fit_live': False, 'fit_params': [0.01, 2.0, 0.006, 1.0]}}].
2025-03-10 13:21:35.173 [    INFO] (             sink.py: 137) Sink connected to data server [('127.0.0.1', 30101)].
2025-03-10 13:22:51.290 [    INFO] (             misc.py: 208) Running process function [<function run_experiment at 0x00000195908B4FE0>] with args: [()] kwargs: [{'exp_cls': <class 'nv_experiments_all.SpinMeasurements'>, 'fun_name': 'odmr_scan', 'constructor_args': [], 'constructor_kwargs': {}, 'queue_to_exp': <multiprocessing.queues.Queue object at 0x000001959731BA90>, 'queue_from_exp': <multiprocessing.queues.Queue object at 0x000001959732F7D0>, 'fun_args': [], 'fun_kwargs': {'runs': 120, 'iters': 100, 'num_pts': 50, 'center_freq': 2320000000.0, 'half_span_sideband_freq': 30000000.0, 'rf_power': 0.0001, 'probe': 2.5e-05, 'laser_power': 110, 'laser_init': 3e-05, 'laser_readout': 2.5e-06, 'sideband_freq': 30000000.0, 'sideband_power': 0.15, 'sideband': 'Lower', 'i_offset': -0.002, 'q_offset': -0.004, 'detector': 'APD', 'segment_size': 1024, 'dig_sampling_freq': 500000000.0, 'dig_amplitude': 1.0, 'read_channel': '0', 'dig_coupling': 'DC', 'dig_termination': '1M', 'pretrig_size': 32, 'dig_timeout': 5.0, 'save': False, 'dataset': 'odmr', 'filename': '', 'directory': '', 'seq': 'CW ODMR', 'fit': False, 'fit_live': False, 'fit_params': [0.01, 2.0, 0.006, 1.0]}}].
2025-03-10 13:23:26.889 [    INFO] (             misc.py: 208) Running process function [<function run_experiment at 0x00000195908B4FE0>] with args: [()] kwargs: [{'exp_cls': <class 'nv_experiments_all.SpinMeasurements'>, 'fun_name': 'odmr_scan', 'constructor_args': [], 'constructor_kwargs': {}, 'queue_to_exp': <multiprocessing.queues.Queue object at 0x000001959731BA90>, 'queue_from_exp': <multiprocessing.queues.Queue object at 0x000001959732F7D0>, 'fun_args': [], 'fun_kwargs': {'runs': 480, 'iters': 100, 'num_pts': 50, 'center_freq': 2320000000.0, 'half_span_sideband_freq': 50000000.0, 'rf_power': 0.0001, 'probe': 2.5e-05, 'laser_power': 110, 'laser_init': 3e-05, 'laser_readout': 2.5e-06, 'sideband_freq': 30000000.0, 'sideband_power': 0.15, 'sideband': 'Lower', 'i_offset': -0.002, 'q_offset': -0.004, 'detector': 'APD', 'segment_size': 1024, 'dig_sampling_freq': 500000000.0, 'dig_amplitude': 1.0, 'read_channel': '0', 'dig_coupling': 'DC', 'dig_termination': '1M', 'pretrig_size': 32, 'dig_timeout': 5.0, 'save': False, 'dataset': 'odmr', 'filename': '', 'directory': '', 'seq': 'CW ODMR', 'fit': False, 'fit_live': False, 'fit_params': [0.01, 2.0, 0.006, 1.0]}}].
2025-03-10 13:24:10.676 [    INFO] (             misc.py: 208) Running process function [<function run_experiment at 0x00000195908B4FE0>] with args: [()] kwargs: [{'exp_cls': <class 'nv_experiments_all.SpinMeasurements'>, 'fun_name': 'odmr_scan', 'constructor_args': [], 'constructor_kwargs': {}, 'queue_to_exp': <multiprocessing.queues.Queue object at 0x000001959731BA90>, 'queue_from_exp': <multiprocessing.queues.Queue object at 0x000001959732F7D0>, 'fun_args': [], 'fun_kwargs': {'runs': 480, 'iters': 100, 'num_pts': 50, 'center_freq': 2320000000.0, 'half_span_sideband_freq': 20000000.0, 'rf_power': 0.0001, 'probe': 2.5e-05, 'laser_power': 110, 'laser_init': 3e-05, 'laser_readout': 2.5e-06, 'sideband_freq': 30000000.0, 'sideband_power': 0.15, 'sideband': 'Lower', 'i_offset': -0.002, 'q_offset': -0.004, 'detector': 'APD', 'segment_size': 1024, 'dig_sampling_freq': 500000000.0, 'dig_amplitude': 1.0, 'read_channel': '0', 'dig_coupling': 'DC', 'dig_termination': '1M', 'pretrig_size': 32, 'dig_timeout': 5.0, 'save': False, 'dataset': 'odmr', 'filename': '', 'directory': '', 'seq': 'CW ODMR', 'fit': False, 'fit_live': False, 'fit_params': [0.01, 2.0, 0.006, 1.0]}}].
2025-03-10 13:25:02.681 [    INFO] (             misc.py: 208) Running process function [<function run_experiment at 0x00000195908B4FE0>] with args: [()] kwargs: [{'exp_cls': <class 'nv_experiments_all.SpinMeasurements'>, 'fun_name': 'rabi_scan', 'constructor_args': [], 'constructor_kwargs': {}, 'queue_to_exp': <multiprocessing.queues.Queue object at 0x000001959731BA90>, 'queue_from_exp': <multiprocessing.queues.Queue object at 0x000001959732F7D0>, 'fun_args': [], 'fun_kwargs': {'runs': 120, 'iters': 100, 'start': 0.0, 'stop': 3e-07, 'num_pts': 50, 'freq': 2315000000.0, 'rf_power': 0.0005, 'pulse_axis': 'y', 'laser_power': 110, 'laser_init': 3e-05, 'laser_readout': 2.5e-06, 'sideband_freq': 30000000.0, 'sideband_power': 0.45, 'sideband': 'Lower', 'i_offset': -0.002, 'q_offset': -0.004, 'detector': 'APD', 'segment_size': 1024, 'dig_sampling_freq': 500000000.0, 'dig_amplitude': 1.0, 'read_channel': '0', 'dig_coupling': 'DC', 'dig_termination': '1M', 'pretrig_size': 32, 'dig_timeout': 5.0, 'save': False, 'dataset': 'rabi', 'filename': '', 'directory': '', 'seq': 'Rabi', 'fit': False, 'fit_live': False, 'fit_params': [0.02, 0.001, 200.0, 0.0, 1.0]}}].
2025-03-10 13:25:14.464 [    INFO] (             sink.py: 137) Sink connected to data server [('127.0.0.1', 30101)].
2025-03-10 13:28:14.430 [    INFO] (             misc.py: 208) Running process function [<bound method NanoNMRMagnetMotion.standby_all of <nnmr_magnet_motion.NanoNMRMagnetMotion object at 0x0000019599D90590>>] with args: [()] kwargs: [{'queue': <multiprocessing.queues.Queue object at 0x0000019599B3F510>}].
2025-03-10 13:31:06.238 [    INFO] (             misc.py: 208) Running process function [<bound method NanoNMRMagnetMotion.move_to_orientation of <nnmr_magnet_motion.NanoNMRMagnetMotion object at 0x0000019599D6F390>>] with args: [()] kwargs: [{'stage': 'thor_azi', 'new_angle': 52.0, 'queue': <multiprocessing.queues.Queue object at 0x0000019599B3F510>, 'abs': True}].
2025-03-10 13:31:18.274 [    INFO] (             misc.py: 208) Running process function [<bound method NanoNMRMagnetMotion.move_to_orientation of <nnmr_magnet_motion.NanoNMRMagnetMotion object at 0x000001959A32E210>>] with args: [()] kwargs: [{'stage': 'thor_polar', 'new_angle': 36.0, 'queue': <multiprocessing.queues.Queue object at 0x0000019599B3F510>, 'abs': True}].
2025-03-10 13:31:25.801 [    INFO] (             misc.py: 208) Running process function [<bound method NanoNMRMagnetMotion.move_to_orientation of <nnmr_magnet_motion.NanoNMRMagnetMotion object at 0x0000019599DA4A90>>] with args: [()] kwargs: [{'stage': 'zaber', 'new_pos': 52.7, 'queue': <multiprocessing.queues.Queue object at 0x0000019599B3F510>, 'abs': True}].
2025-03-10 13:31:41.391 [    INFO] (             sink.py: 137) Sink connected to data server [('127.0.0.1', 30101)].
2025-03-10 13:31:43.324 [    INFO] (             misc.py: 208) Running process function [<function run_experiment at 0x00000195908B4FE0>] with args: [()] kwargs: [{'exp_cls': <class 'nv_experiments_all.SpinMeasurements'>, 'fun_name': 'sigvstime_scan', 'constructor_args': [], 'constructor_kwargs': {}, 'queue_to_exp': <multiprocessing.queues.Queue object at 0x000001959731BA90>, 'queue_from_exp': <multiprocessing.queues.Queue object at 0x000001959732F7D0>, 'fun_args': [], 'fun_kwargs': {'exp_sampling_rate': 1000.0, 'sigvstime_detector': 'APD', 'sampling_rate_0': 1000.0, 'sigvstime_detector_0': 'APD', 'laser_power': 0, 'laser_init': 3e-05, 'laser_readout': 2.5e-06, 'sideband_freq': 30000000.0, 'sideband_power': 0.45, 'sideband': 'Lower', 'i_offset': -0.002, 'q_offset': -0.004, 'detector': 'APD', 'segment_size': 1024, 'dig_sampling_freq': 500000000.0, 'dig_amplitude': 1.0, 'read_channel': '0', 'dig_coupling': 'DC', 'dig_termination': '1M', 'pretrig_size': 32, 'dig_timeout': 5.0, 'save': False, 'dataset': 'sigvstime', 'filename': '', 'directory': '', 'seq': 'Signal vs Time', 'fit': False, 'fit_live': False, 'fit_params': [0.0]}}].
2025-03-10 13:31:52.912 [    INFO] (          gateway.py: 152) Gateway connected to instrument server at "localhost:42068".
2025-03-10 13:31:52.932 [    INFO] (          gateway.py: 173) Gateway disconnected from server at localhost:42068
2025-03-10 13:31:52.950 [    INFO] (          gateway.py: 152) Gateway connected to instrument server at "localhost:42068".
2025-03-10 13:31:52.971 [    INFO] (          gateway.py: 173) Gateway disconnected from server at localhost:42068
2025-03-10 13:32:12.629 [    INFO] (          gateway.py: 152) Gateway connected to instrument server at "localhost:42068".
2025-03-10 13:32:12.644 [    INFO] (          gateway.py: 173) Gateway disconnected from server at localhost:42068
2025-03-10 13:32:12.659 [    INFO] (          gateway.py: 152) Gateway connected to instrument server at "localhost:42068".
2025-03-10 13:32:12.674 [    INFO] (          gateway.py: 173) Gateway disconnected from server at localhost:42068
2025-03-10 13:32:46.021 [    INFO] (             misc.py: 208) Running process function [<function run_experiment at 0x00000195908B4FE0>] with args: [()] kwargs: [{'exp_cls': <class 'nv_experiments_all.SpinMeasurements'>, 'fun_name': 'odmr_scan', 'constructor_args': [], 'constructor_kwargs': {}, 'queue_to_exp': <multiprocessing.queues.Queue object at 0x000001959731BA90>, 'queue_from_exp': <multiprocessing.queues.Queue object at 0x000001959732F7D0>, 'fun_args': [], 'fun_kwargs': {'runs': 480, 'iters': 100, 'num_pts': 50, 'center_freq': 2320000000.0, 'half_span_sideband_freq': 20000000.0, 'rf_power': 0.0001, 'probe': 2.5e-05, 'laser_power': 110, 'laser_init': 3e-05, 'laser_readout': 2.5e-06, 'sideband_freq': 30000000.0, 'sideband_power': 0.15, 'sideband': 'Lower', 'i_offset': -0.002, 'q_offset': -0.004, 'detector': 'APD', 'segment_size': 1024, 'dig_sampling_freq': 500000000.0, 'dig_amplitude': 1.0, 'read_channel': '0', 'dig_coupling': 'DC', 'dig_termination': '1M', 'pretrig_size': 32, 'dig_timeout': 5.0, 'save': False, 'dataset': 'odmr', 'filename': '', 'directory': '', 'seq': 'CW ODMR', 'fit': False, 'fit_live': False, 'fit_params': [0.01, 2.0, 0.006, 1.0]}}].
2025-03-10 13:32:56.153 [    INFO] (             sink.py: 137) Sink connected to data server [('127.0.0.1', 30101)].
2025-03-10 13:33:14.863 [    INFO] (             misc.py: 208) Running process function [<function run_experiment at 0x00000195908B4FE0>] with args: [()] kwargs: [{'exp_cls': <class 'nv_experiments_all.SpinMeasurements'>, 'fun_name': 'odmr_scan', 'constructor_args': [], 'constructor_kwargs': {}, 'queue_to_exp': <multiprocessing.queues.Queue object at 0x000001959731BA90>, 'queue_from_exp': <multiprocessing.queues.Queue object at 0x000001959732F7D0>, 'fun_args': [], 'fun_kwargs': {'runs': 480, 'iters': 100, 'num_pts': 50, 'center_freq': 2310000000.0, 'half_span_sideband_freq': 20000000.0, 'rf_power': 0.0001, 'probe': 2.5e-05, 'laser_power': 110, 'laser_init': 3e-05, 'laser_readout': 2.5e-06, 'sideband_freq': 30000000.0, 'sideband_power': 0.15, 'sideband': 'Lower', 'i_offset': -0.002, 'q_offset': -0.004, 'detector': 'APD', 'segment_size': 1024, 'dig_sampling_freq': 500000000.0, 'dig_amplitude': 1.0, 'read_channel': '0', 'dig_coupling': 'DC', 'dig_termination': '1M', 'pretrig_size': 32, 'dig_timeout': 5.0, 'save': False, 'dataset': 'odmr', 'filename': '', 'directory': '', 'seq': 'CW ODMR', 'fit': False, 'fit_live': False, 'fit_params': [0.01, 2.0, 0.006, 1.0]}}].
2025-03-10 13:33:49.158 [    INFO] (             misc.py: 208) Running process function [<function run_experiment at 0x00000195908B4FE0>] with args: [()] kwargs: [{'exp_cls': <class 'nv_experiments_all.SpinMeasurements'>, 'fun_name': 'odmr_scan', 'constructor_args': [], 'constructor_kwargs': {}, 'queue_to_exp': <multiprocessing.queues.Queue object at 0x000001959731BA90>, 'queue_from_exp': <multiprocessing.queues.Queue object at 0x000001959732F7D0>, 'fun_args': [], 'fun_kwargs': {'runs': 480, 'iters': 100, 'num_pts': 50, 'center_freq': 2310000000.0, 'half_span_sideband_freq': 10000000.0, 'rf_power': 0.0001, 'probe': 2.5e-05, 'laser_power': 110, 'laser_init': 3e-05, 'laser_readout': 2.5e-06, 'sideband_freq': 30000000.0, 'sideband_power': 0.15, 'sideband': 'Lower', 'i_offset': -0.002, 'q_offset': -0.004, 'detector': 'APD', 'segment_size': 1024, 'dig_sampling_freq': 500000000.0, 'dig_amplitude': 1.0, 'read_channel': '0', 'dig_coupling': 'DC', 'dig_termination': '1M', 'pretrig_size': 32, 'dig_timeout': 5.0, 'save': False, 'dataset': 'odmr', 'filename': '', 'directory': '', 'seq': 'CW ODMR', 'fit': True, 'fit_live': True, 'fit_params': [0.01, 2.31, 0.006, 1.0]}}].
2025-03-10 13:34:18.031 [    INFO] (             sink.py: 137) Sink connected to data server [('127.0.0.1', 30101)].
2025-03-10 13:34:39.459 [    INFO] (             misc.py: 208) Running process function [<function run_experiment at 0x00000195908B4FE0>] with args: [()] kwargs: [{'exp_cls': <class 'nv_experiments_all.SpinMeasurements'>, 'fun_name': 'rabi_scan', 'constructor_args': [], 'constructor_kwargs': {}, 'queue_to_exp': <multiprocessing.queues.Queue object at 0x000001959731BA90>, 'queue_from_exp': <multiprocessing.queues.Queue object at 0x000001959732F7D0>, 'fun_args': [], 'fun_kwargs': {'runs': 120, 'iters': 100, 'start': 0.0, 'stop': 3e-07, 'num_pts': 50, 'freq': 2312000000.0, 'rf_power': 0.0005, 'pulse_axis': 'y', 'laser_power': 110, 'laser_init': 3e-05, 'laser_readout': 2.5e-06, 'sideband_freq': 30000000.0, 'sideband_power': 0.45, 'sideband': 'Lower', 'i_offset': -0.002, 'q_offset': -0.004, 'detector': 'APD', 'segment_size': 1024, 'dig_sampling_freq': 500000000.0, 'dig_amplitude': 1.0, 'read_channel': '0', 'dig_coupling': 'DC', 'dig_termination': '1M', 'pretrig_size': 32, 'dig_timeout': 5.0, 'save': False, 'dataset': 'rabi', 'filename': '', 'directory': '', 'seq': 'Rabi', 'fit': True, 'fit_live': True, 'fit_params': [0.02, 0.001, 200.0, 0.0, 1.0]}}].
2025-03-10 13:35:07.044 [    INFO] (             misc.py: 208) Running process function [<function run_experiment at 0x00000195908B4FE0>] with args: [()] kwargs: [{'exp_cls': <class 'nv_experiments_all.SpinMeasurements'>, 'fun_name': 'rabi_scan', 'constructor_args': [], 'constructor_kwargs': {}, 'queue_to_exp': <multiprocessing.queues.Queue object at 0x000001959731BA90>, 'queue_from_exp': <multiprocessing.queues.Queue object at 0x000001959732F7D0>, 'fun_args': [], 'fun_kwargs': {'runs': 120, 'iters': 100, 'start': 0.0, 'stop': 2e-07, 'num_pts': 50, 'freq': 2312000000.0, 'rf_power': 0.00075, 'pulse_axis': 'y', 'laser_power': 110, 'laser_init': 3e-05, 'laser_readout': 2.5e-06, 'sideband_freq': 30000000.0, 'sideband_power': 0.45, 'sideband': 'Lower', 'i_offset': -0.002, 'q_offset': -0.004, 'detector': 'APD', 'segment_size': 1024, 'dig_sampling_freq': 500000000.0, 'dig_amplitude': 1.0, 'read_channel': '0', 'dig_coupling': 'DC', 'dig_termination': '1M', 'pretrig_size': 32, 'dig_timeout': 5.0, 'save': False, 'dataset': 'rabi', 'filename': '', 'directory': '', 'seq': 'Rabi', 'fit': True, 'fit_live': True, 'fit_params': [0.02, 0.001, 200.0, 0.0, 1.0]}}].
2025-03-10 13:35:31.284 [    INFO] (             misc.py: 208) Running process function [<function run_experiment at 0x00000195908B4FE0>] with args: [()] kwargs: [{'exp_cls': <class 'nv_experiments_all.SpinMeasurements'>, 'fun_name': 'rabi_scan', 'constructor_args': [], 'constructor_kwargs': {}, 'queue_to_exp': <multiprocessing.queues.Queue object at 0x000001959731BA90>, 'queue_from_exp': <multiprocessing.queues.Queue object at 0x000001959732F7D0>, 'fun_args': [], 'fun_kwargs': {'runs': 120, 'iters': 100, 'start': 0.0, 'stop': 2e-07, 'num_pts': 50, 'freq': 2312000000.0, 'rf_power': 0.0009, 'pulse_axis': 'y', 'laser_power': 110, 'laser_init': 3e-05, 'laser_readout': 2.5e-06, 'sideband_freq': 30000000.0, 'sideband_power': 0.45, 'sideband': 'Lower', 'i_offset': -0.002, 'q_offset': -0.004, 'detector': 'APD', 'segment_size': 1024, 'dig_sampling_freq': 500000000.0, 'dig_amplitude': 1.0, 'read_channel': '0', 'dig_coupling': 'DC', 'dig_termination': '1M', 'pretrig_size': 32, 'dig_timeout': 5.0, 'save': False, 'dataset': 'rabi', 'filename': '', 'directory': '', 'seq': 'Rabi', 'fit': True, 'fit_live': True, 'fit_params': [0.02, 0.001, 200.0, 0.0, 1.0]}}].
2025-03-10 13:35:50.684 [    INFO] (             misc.py: 208) Running process function [<function run_experiment at 0x00000195908B4FE0>] with args: [()] kwargs: [{'exp_cls': <class 'nv_experiments_all.SpinMeasurements'>, 'fun_name': 'rabi_scan', 'constructor_args': [], 'constructor_kwargs': {}, 'queue_to_exp': <multiprocessing.queues.Queue object at 0x000001959731BA90>, 'queue_from_exp': <multiprocessing.queues.Queue object at 0x000001959732F7D0>, 'fun_args': [], 'fun_kwargs': {'runs': 120, 'iters': 100, 'start': 0.0, 'stop': 2e-07, 'num_pts': 50, 'freq': 2312000000.0, 'rf_power': 0.0006, 'pulse_axis': 'y', 'laser_power': 110, 'laser_init': 3e-05, 'laser_readout': 2.5e-06, 'sideband_freq': 30000000.0, 'sideband_power': 0.45, 'sideband': 'Lower', 'i_offset': -0.002, 'q_offset': -0.004, 'detector': 'APD', 'segment_size': 1024, 'dig_sampling_freq': 500000000.0, 'dig_amplitude': 1.0, 'read_channel': '0', 'dig_coupling': 'DC', 'dig_termination': '1M', 'pretrig_size': 32, 'dig_timeout': 5.0, 'save': False, 'dataset': 'rabi', 'filename': '', 'directory': '', 'seq': 'Rabi', 'fit': True, 'fit_live': True, 'fit_params': [0.02, 0.001, 200.0, 0.0, 1.0]}}].
2025-03-10 13:36:14.717 [    INFO] (             misc.py: 208) Running process function [<function run_experiment at 0x00000195908B4FE0>] with args: [()] kwargs: [{'exp_cls': <class 'nv_experiments_all.SpinMeasurements'>, 'fun_name': 'rabi_scan', 'constructor_args': [], 'constructor_kwargs': {}, 'queue_to_exp': <multiprocessing.queues.Queue object at 0x000001959731BA90>, 'queue_from_exp': <multiprocessing.queues.Queue object at 0x000001959732F7D0>, 'fun_args': [], 'fun_kwargs': {'runs': 120, 'iters': 100, 'start': 0.0, 'stop': 2e-07, 'num_pts': 50, 'freq': 2312000000.0, 'rf_power': 0.00075, 'pulse_axis': 'y', 'laser_power': 110, 'laser_init': 3e-05, 'laser_readout': 2.5e-06, 'sideband_freq': 30000000.0, 'sideband_power': 0.45, 'sideband': 'Lower', 'i_offset': -0.002, 'q_offset': -0.004, 'detector': 'APD', 'segment_size': 1024, 'dig_sampling_freq': 500000000.0, 'dig_amplitude': 1.0, 'read_channel': '0', 'dig_coupling': 'DC', 'dig_termination': '1M', 'pretrig_size': 32, 'dig_timeout': 5.0, 'save': False, 'dataset': 'rabi', 'filename': '', 'directory': '', 'seq': 'Rabi', 'fit': True, 'fit_live': True, 'fit_params': [0.02, 0.001, 200.0, 0.0, 1.0]}}].
2025-03-10 13:37:18.675 [    INFO] (             misc.py: 208) Running process function [<function run_experiment at 0x00000195908B4FE0>] with args: [()] kwargs: [{'exp_cls': <class 'nv_experiments_all.SpinMeasurements'>, 'fun_name': 'MW_T1_scan', 'constructor_args': [], 'constructor_kwargs': {}, 'queue_to_exp': <multiprocessing.queues.Queue object at 0x000001959731BA90>, 'queue_from_exp': <multiprocessing.queues.Queue object at 0x000001959732F7D0>, 'fun_args': [], 'fun_kwargs': {'runs': 120, 'iters': 1000, 'start': 5e-08, 'stop': 0.02, 'num_pts': 50, 'array_type': 'geomspace', 'freq': 2312000000.0, 'rf_power': 0.00075, 'pi': 1.03e-07, 'pulse_axis': 'y', 'laser_power': 110, 'laser_init': 3e-05, 'laser_readout': 2.5e-06, 'sideband_freq': 30000000.0, 'sideband_power': 0.45, 'sideband': 'Lower', 'i_offset': -0.002, 'q_offset': -0.004, 'detector': 'APD', 'segment_size': 1024, 'dig_sampling_freq': 500000000.0, 'dig_amplitude': 1.0, 'read_channel': '0', 'dig_coupling': 'DC', 'dig_termination': '1M', 'pretrig_size': 32, 'dig_timeout': 5.0, 'save': False, 'dataset': 't1', 'filename': '', 'directory': '', 'seq': 'MW T1', 'fit': True, 'fit_live': True, 'fit_params': [0.01, 1.0, 1.0, 0.0]}}].
2025-03-10 13:37:33.257 [    INFO] (             sink.py: 137) Sink connected to data server [('127.0.0.1', 30101)].
2025-03-10 13:37:33.357 [CRITICAL] (          logging.py:  32) Traceback (most recent call last):
2025-03-10 13:37:33.358 [CRITICAL] (          logging.py:  32)   File "C:\Users\ejvil\miniconda3\envs\nspyre\Lib\site-packages\nspyre\gui\threadsafe.py", line 91, in _handle_error
2025-03-10 13:37:33.359 [CRITICAL] (          logging.py:  32)     raise err
2025-03-10 13:37:33.359 [CRITICAL] (          logging.py:  32)   File "C:\Users\ejvil\miniconda3\envs\nspyre\Lib\site-packages\nspyre\gui\threadsafe.py", line 171, in _run_safe
2025-03-10 13:37:33.360 [CRITICAL] (          logging.py:  32)     result = fun(*args, **kwargs)
2025-03-10 13:37:33.360 [CRITICAL] (          logging.py:  32)              ^^^^^^^^^^^^^^^^^^^^
2025-03-10 13:37:33.362 [CRITICAL] (          logging.py:  32)   File "C:\Users\ejvil\miniconda3\envs\nspyre\Lib\site-packages\nspyre\gui\widgets\flex_line_plot_3.py", line 373, in get_settings
2025-03-10 13:37:33.363 [CRITICAL] (          logging.py:  32)     settings = self.series_settings[name]
2025-03-10 13:37:33.364 [CRITICAL] (          logging.py:  32)                ~~~~~~~~~~~~~~~~~~~~^^^^^^
2025-03-10 13:37:33.364 [CRITICAL] (          logging.py:  32) KeyError: 'div_avg'
2025-03-10 13:37:33.364 [CRITICAL] (          logging.py:  32) Traceback (most recent call last):
2025-03-10 13:37:33.364 [CRITICAL] (          logging.py:  32)   File "C:\Users\ejvil\miniconda3\envs\nspyre\Lib\site-packages\nspyre\gui\threadsafe.py", line 91, in _handle_error
2025-03-10 13:37:33.364 [CRITICAL] (          logging.py:  32)     raise err
2025-03-10 13:37:33.365 [CRITICAL] (          logging.py:  32)   File "C:\Users\ejvil\miniconda3\envs\nspyre\Lib\site-packages\nspyre\gui\threadsafe.py", line 171, in _run_safe
2025-03-10 13:37:33.365 [CRITICAL] (          logging.py:  32)     result = fun(*args, **kwargs)
2025-03-10 13:37:33.365 [CRITICAL] (          logging.py:  32)              ^^^^^^^^^^^^^^^^^^^^
2025-03-10 13:37:33.365 [CRITICAL] (          logging.py:  32)   File "C:\Users\ejvil\miniconda3\envs\nspyre\Lib\site-packages\nspyre\gui\widgets\flex_line_plot_3.py", line 373, in get_settings
2025-03-10 13:37:33.367 [CRITICAL] (          logging.py:  32)     settings = self.series_settings[name]
2025-03-10 13:37:33.367 [CRITICAL] (          logging.py:  32)                ~~~~~~~~~~~~~~~~~~~~^^^^^^
2025-03-10 13:37:33.367 [CRITICAL] (          logging.py:  32) KeyError: 'div_latest'
2025-03-10 13:47:40.708 [    INFO] (             sink.py: 137) Sink connected to data server [('127.0.0.1', 30101)].
2025-03-10 13:47:40.863 [    INFO] (             save.py:  72) Saved data set [t1] to [//maurerlabnas/MaurerLab/ejvilla4/pH project/March 2025 Titration Curve/25_03_10/t1/t1_pH_7.json.json].
2025-03-10 13:47:40.865 [    INFO] (  _asyncio_worker.py:  89) Source [('localhost', 30101)] closed.
2025-03-10 13:49:05.375 [    INFO] (             misc.py: 208) Running process function [<function run_experiment at 0x00000195908B4FE0>] with args: [()] kwargs: [{'exp_cls': <class 'nv_experiments_all.SpinMeasurements'>, 'fun_name': 'DEER_scan', 'constructor_args': [], 'constructor_kwargs': {}, 'queue_to_exp': <multiprocessing.queues.Queue object at 0x000001959731BA90>, 'queue_from_exp': <multiprocessing.queues.Queue object at 0x000001959732F7D0>, 'fun_args': [], 'fun_kwargs': {'runs': 120, 'iters': 1000, 'start': 500000000.0, 'stop': 620000000.0, 'num_pts': 100, 'tau': 8e-07, 'freq': 2312000000.0, 'rf_power': 0.00075, 'pi': 1.03e-07, 'pulse_axis': 'y', 'awg_power': 0.25, 'dark_pi': 1.2e-07, 'drive_type': 'Pulsed', 'laser_power': 110, 'laser_init': 3e-05, 'laser_readout': 2.5e-06, 'sideband_freq': 30000000.0, 'sideband_power': 0.45, 'sideband': 'Lower', 'i_offset': -0.002, 'q_offset': -0.004, 'detector': 'APD', 'segment_size': 1024, 'dig_sampling_freq': 500000000.0, 'dig_amplitude': 1.0, 'read_channel': '0', 'dig_coupling': 'DC', 'dig_termination': '1M', 'pretrig_size': 32, 'dig_timeout': 5.0, 'save': False, 'dataset': 'deer', 'filename': 'pH_7', 'directory': '//maurerlabnas/MaurerLab/ejvilla4/pH project/March 2025 Titration Curve/', 'seq': 'DEER', 'fit': True, 'fit_live': True, 'fit_params': [0.1, 560.0, 10.0, 1.0]}}].
2025-03-10 13:49:20.939 [    INFO] (             misc.py: 208) Running process function [<function run_experiment at 0x00000195908B4FE0>] with args: [()] kwargs: [{'exp_cls': <class 'nv_experiments_all.SpinMeasurements'>, 'fun_name': 'DEER_scan', 'constructor_args': [], 'constructor_kwargs': {}, 'queue_to_exp': <multiprocessing.queues.Queue object at 0x000001959731BA90>, 'queue_from_exp': <multiprocessing.queues.Queue object at 0x000001959732F7D0>, 'fun_args': [], 'fun_kwargs': {'runs': 120, 'iters': 1000, 'start': 500000000.0, 'stop': 620000000.0, 'num_pts': 100, 'tau': 8e-07, 'freq': 2312000000.0, 'rf_power': 0.00075, 'pi': 1.03e-07, 'pulse_axis': 'y', 'awg_power': 0.25, 'dark_pi': 1.2e-07, 'drive_type': 'Pulsed', 'laser_power': 110, 'laser_init': 3e-05, 'laser_readout': 2.5e-06, 'sideband_freq': 30000000.0, 'sideband_power': 0.45, 'sideband': 'Lower', 'i_offset': -0.002, 'q_offset': -0.004, 'detector': 'APD', 'segment_size': 1024, 'dig_sampling_freq': 500000000.0, 'dig_amplitude': 1.0, 'read_channel': '0', 'dig_coupling': 'DC', 'dig_termination': '1M', 'pretrig_size': 32, 'dig_timeout': 5.0, 'save': False, 'dataset': 'deer', 'filename': 'pH_7', 'directory': '//maurerlabnas/MaurerLab/ejvilla4/pH project/March 2025 Titration Curve/', 'seq': 'DEER', 'fit': False, 'fit_live': False, 'fit_params': [0.1, 560.0, 10.0, 1.0]}}].
2025-03-10 13:49:26.948 [    INFO] (             sink.py: 137) Sink connected to data server [('127.0.0.1', 30101)].
2025-03-10 13:49:27.962 [CRITICAL] (          logging.py:  32) Traceback (most recent call last):
2025-03-10 13:49:27.962 [CRITICAL] (          logging.py:  32)   File "C:\Users\ejvil\miniconda3\envs\nspyre\Lib\site-packages\nspyre\gui\widgets\flex_line_plot_3.py", line 1801, in _new_source
2025-03-10 13:49:27.963 [CRITICAL] (          logging.py:  32)     self.plot_settings.sink.pop(timeout=self.timeout)
2025-03-10 13:49:27.964 [CRITICAL] (          logging.py:  32)   File "C:\Users\ejvil\miniconda3\envs\nspyre\Lib\site-packages\nspyre\data\sink.py", line 356, in pop
2025-03-10 13:49:27.964 [CRITICAL] (          logging.py:  32)     raise TimeoutError(f'{self} pop() timed out.')
2025-03-10 13:49:27.964 [CRITICAL] (          logging.py:  32) TimeoutError: Data Sink (running=True) [name=deer,  pop() timed out.
2025-03-10 13:49:27.964 [CRITICAL] (          logging.py:  32) 
2025-03-10 13:49:27.965 [CRITICAL] (          logging.py:  32) The above exception was the direct cause of the following exception:
2025-03-10 13:49:27.965 [CRITICAL] (          logging.py:  32) 
2025-03-10 13:49:27.965 [CRITICAL] (          logging.py:  32) Traceback (most recent call last):
2025-03-10 13:49:27.965 [CRITICAL] (          logging.py:  32)   File "C:\Users\ejvil\miniconda3\envs\nspyre\Lib\site-packages\nspyre\gui\threadsafe.py", line 91, in _handle_error
2025-03-10 13:49:27.965 [CRITICAL] (          logging.py:  32)     raise err
2025-03-10 13:49:27.966 [CRITICAL] (          logging.py:  32)   File "C:\Users\ejvil\miniconda3\envs\nspyre\Lib\site-packages\nspyre\gui\threadsafe.py", line 171, in _run_safe
2025-03-10 13:49:27.966 [CRITICAL] (          logging.py:  32)     result = fun(*args, **kwargs)
2025-03-10 13:49:27.966 [CRITICAL] (          logging.py:  32)              ^^^^^^^^^^^^^^^^^^^^
2025-03-10 13:49:27.966 [CRITICAL] (          logging.py:  32)   File "C:\Users\ejvil\miniconda3\envs\nspyre\Lib\site-packages\nspyre\gui\widgets\flex_line_plot_3.py", line 1865, in _new_source
2025-03-10 13:49:27.968 [CRITICAL] (          logging.py:  32)     raise RuntimeError(
2025-03-10 13:49:27.968 [CRITICAL] (          logging.py:  32) RuntimeError: Could not connect to new data source [deer]
2025-03-10 13:49:27.969 [    INFO] (        line_plot.py:  78) A plot with the name [fit] does not exist. Ignoring remove_plot request.
2025-03-10 13:49:27.970 [    INFO] (        line_plot.py:  78) A plot with the name [diff_avg] does not exist. Ignoring remove_plot request.
2025-03-10 13:49:27.971 [    INFO] (        line_plot.py:  78) A plot with the name [diff_latest] does not exist. Ignoring remove_plot request.
2025-03-10 13:49:27.972 [    INFO] (        line_plot.py:  78) A plot with the name [contrast_avg] does not exist. Ignoring remove_plot request.
2025-03-10 13:49:27.973 [    INFO] (        line_plot.py:  78) A plot with the name [contrast_latest] does not exist. Ignoring remove_plot request.
2025-03-10 13:49:27.973 [    INFO] (        line_plot.py:  78) A plot with the name [sig_avg] does not exist. Ignoring remove_plot request.
2025-03-10 13:49:27.974 [    INFO] (        line_plot.py:  78) A plot with the name [sig_latest] does not exist. Ignoring remove_plot request.
2025-03-10 13:49:27.975 [    INFO] (        line_plot.py:  78) A plot with the name [sig_first] does not exist. Ignoring remove_plot request.
2025-03-10 13:49:27.975 [    INFO] (        line_plot.py:  78) A plot with the name [sig_latest_10] does not exist. Ignoring remove_plot request.
2025-03-10 13:49:27.976 [    INFO] (        line_plot.py:  78) A plot with the name [bg_avg] does not exist. Ignoring remove_plot request.
2025-03-10 13:49:27.976 [    INFO] (        line_plot.py:  78) A plot with the name [bg_latest] does not exist. Ignoring remove_plot request.
2025-03-10 13:49:28.058 [CRITICAL] (          logging.py:  32) Traceback (most recent call last):
2025-03-10 13:49:28.059 [CRITICAL] (          logging.py:  32)   File "C:\Users\ejvil\miniconda3\envs\nspyre\Lib\site-packages\nspyre\gui\threadsafe.py", line 91, in _handle_error
2025-03-10 13:49:28.060 [CRITICAL] (          logging.py:  32)     raise err
2025-03-10 13:49:28.060 [CRITICAL] (          logging.py:  32)   File "C:\Users\ejvil\miniconda3\envs\nspyre\Lib\site-packages\nspyre\gui\threadsafe.py", line 171, in _run_safe
2025-03-10 13:49:28.060 [    INFO] (  _asyncio_worker.py:  89) Source [('localhost', 30101)] closed.
2025-03-10 13:49:28.061 [CRITICAL] (          logging.py:  32)     result = fun(*args, **kwargs)
2025-03-10 13:49:28.061 [CRITICAL] (          logging.py:  32)              ^^^^^^^^^^^^^^^^^^^^
2025-03-10 13:49:28.061 [CRITICAL] (          logging.py:  32)   File "C:\Users\ejvil\miniconda3\envs\nspyre\Lib\site-packages\nspyre\gui\widgets\flex_line_plot_3.py", line 373, in get_settings
2025-03-10 13:49:28.062 [CRITICAL] (          logging.py:  32)     settings = self.series_settings[name]
2025-03-10 13:49:28.062 [CRITICAL] (          logging.py:  32)                ~~~~~~~~~~~~~~~~~~~~^^^^^^
2025-03-10 13:49:28.063 [CRITICAL] (          logging.py:  32) KeyError: 'diff_avg'
2025-03-10 13:49:28.063 [CRITICAL] (          logging.py:  32) Traceback (most recent call last):
2025-03-10 13:49:28.063 [CRITICAL] (          logging.py:  32)   File "C:\Users\ejvil\miniconda3\envs\nspyre\Lib\site-packages\nspyre\gui\threadsafe.py", line 91, in _handle_error
2025-03-10 13:49:28.064 [CRITICAL] (          logging.py:  32)     raise err
2025-03-10 13:49:28.064 [CRITICAL] (          logging.py:  32)   File "C:\Users\ejvil\miniconda3\envs\nspyre\Lib\site-packages\nspyre\gui\threadsafe.py", line 171, in _run_safe
2025-03-10 13:49:28.065 [CRITICAL] (          logging.py:  32)     result = fun(*args, **kwargs)
2025-03-10 13:49:28.065 [CRITICAL] (          logging.py:  32)              ^^^^^^^^^^^^^^^^^^^^
2025-03-10 13:49:28.065 [CRITICAL] (          logging.py:  32)   File "C:\Users\ejvil\miniconda3\envs\nspyre\Lib\site-packages\nspyre\gui\widgets\flex_line_plot_3.py", line 373, in get_settings
2025-03-10 13:49:28.065 [CRITICAL] (          logging.py:  32)     settings = self.series_settings[name]
2025-03-10 13:49:28.065 [CRITICAL] (          logging.py:  32)                ~~~~~~~~~~~~~~~~~~~~^^^^^^
2025-03-10 13:49:28.065 [CRITICAL] (          logging.py:  32) KeyError: 'diff_latest'
2025-03-10 13:49:28.066 [CRITICAL] (          logging.py:  32) Traceback (most recent call last):
2025-03-10 13:49:28.066 [CRITICAL] (          logging.py:  32)   File "C:\Users\ejvil\miniconda3\envs\nspyre\Lib\site-packages\nspyre\gui\threadsafe.py", line 91, in _handle_error
2025-03-10 13:49:28.067 [CRITICAL] (          logging.py:  32)     raise err
2025-03-10 13:49:28.067 [CRITICAL] (          logging.py:  32)   File "C:\Users\ejvil\miniconda3\envs\nspyre\Lib\site-packages\nspyre\gui\threadsafe.py", line 171, in _run_safe
2025-03-10 13:49:28.067 [CRITICAL] (          logging.py:  32)     result = fun(*args, **kwargs)
2025-03-10 13:49:28.067 [CRITICAL] (          logging.py:  32)              ^^^^^^^^^^^^^^^^^^^^
2025-03-10 13:49:28.068 [CRITICAL] (          logging.py:  32)   File "C:\Users\ejvil\miniconda3\envs\nspyre\Lib\site-packages\nspyre\gui\widgets\flex_line_plot_3.py", line 373, in get_settings
2025-03-10 13:49:28.068 [CRITICAL] (          logging.py:  32)     settings = self.series_settings[name]
2025-03-10 13:49:28.068 [CRITICAL] (          logging.py:  32)                ~~~~~~~~~~~~~~~~~~~~^^^^^^
2025-03-10 13:49:28.068 [CRITICAL] (          logging.py:  32) KeyError: 'sig_avg'
2025-03-10 13:49:28.068 [CRITICAL] (          logging.py:  32) Traceback (most recent call last):
2025-03-10 13:49:28.068 [CRITICAL] (          logging.py:  32)   File "C:\Users\ejvil\miniconda3\envs\nspyre\Lib\site-packages\nspyre\gui\threadsafe.py", line 91, in _handle_error
2025-03-10 13:49:28.070 [CRITICAL] (          logging.py:  32)     raise err
2025-03-10 13:49:28.070 [CRITICAL] (          logging.py:  32)   File "C:\Users\ejvil\miniconda3\envs\nspyre\Lib\site-packages\nspyre\gui\threadsafe.py", line 171, in _run_safe
2025-03-10 13:49:28.070 [CRITICAL] (          logging.py:  32)     result = fun(*args, **kwargs)
2025-03-10 13:49:28.070 [CRITICAL] (          logging.py:  32)              ^^^^^^^^^^^^^^^^^^^^
2025-03-10 13:49:28.070 [CRITICAL] (          logging.py:  32)   File "C:\Users\ejvil\miniconda3\envs\nspyre\Lib\site-packages\nspyre\gui\widgets\flex_line_plot_3.py", line 373, in get_settings
2025-03-10 13:49:28.071 [CRITICAL] (          logging.py:  32)     settings = self.series_settings[name]
2025-03-10 13:49:28.071 [CRITICAL] (          logging.py:  32)                ~~~~~~~~~~~~~~~~~~~~^^^^^^
2025-03-10 13:49:28.071 [CRITICAL] (          logging.py:  32) KeyError: 'sig_latest'
2025-03-10 13:49:28.071 [CRITICAL] (          logging.py:  32) Traceback (most recent call last):
2025-03-10 13:49:28.071 [CRITICAL] (          logging.py:  32)   File "C:\Users\ejvil\miniconda3\envs\nspyre\Lib\site-packages\nspyre\gui\threadsafe.py", line 91, in _handle_error
2025-03-10 13:49:28.072 [CRITICAL] (          logging.py:  32)     raise err
2025-03-10 13:49:28.072 [CRITICAL] (          logging.py:  32)   File "C:\Users\ejvil\miniconda3\envs\nspyre\Lib\site-packages\nspyre\gui\threadsafe.py", line 171, in _run_safe
2025-03-10 13:49:28.073 [CRITICAL] (          logging.py:  32)     result = fun(*args, **kwargs)
2025-03-10 13:49:28.073 [CRITICAL] (          logging.py:  32)              ^^^^^^^^^^^^^^^^^^^^
2025-03-10 13:49:28.073 [CRITICAL] (          logging.py:  32)   File "C:\Users\ejvil\miniconda3\envs\nspyre\Lib\site-packages\nspyre\gui\widgets\flex_line_plot_3.py", line 373, in get_settings
2025-03-10 13:49:28.073 [CRITICAL] (          logging.py:  32)     settings = self.series_settings[name]
2025-03-10 13:49:28.074 [CRITICAL] (          logging.py:  32)                ~~~~~~~~~~~~~~~~~~~~^^^^^^
2025-03-10 13:49:28.074 [CRITICAL] (          logging.py:  32) KeyError: 'sig_first'
2025-03-10 13:49:28.074 [CRITICAL] (          logging.py:  32) Traceback (most recent call last):
2025-03-10 13:49:28.074 [CRITICAL] (          logging.py:  32)   File "C:\Users\ejvil\miniconda3\envs\nspyre\Lib\site-packages\nspyre\gui\threadsafe.py", line 91, in _handle_error
2025-03-10 13:49:28.074 [CRITICAL] (          logging.py:  32)     raise err
2025-03-10 13:49:28.075 [CRITICAL] (          logging.py:  32)   File "C:\Users\ejvil\miniconda3\envs\nspyre\Lib\site-packages\nspyre\gui\threadsafe.py", line 171, in _run_safe
2025-03-10 13:49:28.075 [CRITICAL] (          logging.py:  32)     result = fun(*args, **kwargs)
2025-03-10 13:49:28.075 [CRITICAL] (          logging.py:  32)              ^^^^^^^^^^^^^^^^^^^^
2025-03-10 13:49:28.075 [CRITICAL] (          logging.py:  32)   File "C:\Users\ejvil\miniconda3\envs\nspyre\Lib\site-packages\nspyre\gui\widgets\flex_line_plot_3.py", line 373, in get_settings
2025-03-10 13:49:28.076 [CRITICAL] (          logging.py:  32)     settings = self.series_settings[name]
2025-03-10 13:49:28.076 [CRITICAL] (          logging.py:  32)                ~~~~~~~~~~~~~~~~~~~~^^^^^^
2025-03-10 13:49:28.076 [CRITICAL] (          logging.py:  32) KeyError: 'sig_latest_10'
2025-03-10 13:49:28.077 [CRITICAL] (          logging.py:  32) Traceback (most recent call last):
2025-03-10 13:49:28.077 [CRITICAL] (          logging.py:  32)   File "C:\Users\ejvil\miniconda3\envs\nspyre\Lib\site-packages\nspyre\gui\threadsafe.py", line 91, in _handle_error
2025-03-10 13:49:28.077 [CRITICAL] (          logging.py:  32)     raise err
2025-03-10 13:49:28.077 [CRITICAL] (          logging.py:  32)   File "C:\Users\ejvil\miniconda3\envs\nspyre\Lib\site-packages\nspyre\gui\threadsafe.py", line 171, in _run_safe
2025-03-10 13:49:28.078 [CRITICAL] (          logging.py:  32)     result = fun(*args, **kwargs)
2025-03-10 13:49:28.079 [CRITICAL] (          logging.py:  32)              ^^^^^^^^^^^^^^^^^^^^
2025-03-10 13:49:28.079 [CRITICAL] (          logging.py:  32)   File "C:\Users\ejvil\miniconda3\envs\nspyre\Lib\site-packages\nspyre\gui\widgets\flex_line_plot_3.py", line 373, in get_settings
2025-03-10 13:49:28.079 [CRITICAL] (          logging.py:  32)     settings = self.series_settings[name]
2025-03-10 13:49:28.079 [CRITICAL] (          logging.py:  32)                ~~~~~~~~~~~~~~~~~~~~^^^^^^
2025-03-10 13:49:28.080 [CRITICAL] (          logging.py:  32) KeyError: 'bg_avg'
2025-03-10 13:49:28.080 [CRITICAL] (          logging.py:  32) Traceback (most recent call last):
2025-03-10 13:49:28.081 [CRITICAL] (          logging.py:  32)   File "C:\Users\ejvil\miniconda3\envs\nspyre\Lib\site-packages\nspyre\gui\threadsafe.py", line 91, in _handle_error
2025-03-10 13:49:28.081 [CRITICAL] (          logging.py:  32)     raise err
2025-03-10 13:49:28.081 [CRITICAL] (          logging.py:  32)   File "C:\Users\ejvil\miniconda3\envs\nspyre\Lib\site-packages\nspyre\gui\threadsafe.py", line 171, in _run_safe
2025-03-10 13:49:28.082 [CRITICAL] (          logging.py:  32)     result = fun(*args, **kwargs)
2025-03-10 13:49:28.082 [CRITICAL] (          logging.py:  32)              ^^^^^^^^^^^^^^^^^^^^
2025-03-10 13:49:28.083 [CRITICAL] (          logging.py:  32)   File "C:\Users\ejvil\miniconda3\envs\nspyre\Lib\site-packages\nspyre\gui\widgets\flex_line_plot_3.py", line 373, in get_settings
2025-03-10 13:49:28.083 [CRITICAL] (          logging.py:  32)     settings = self.series_settings[name]
2025-03-10 13:49:28.083 [CRITICAL] (          logging.py:  32)                ~~~~~~~~~~~~~~~~~~~~^^^^^^
2025-03-10 13:49:28.084 [CRITICAL] (          logging.py:  32) KeyError: 'bg_latest'
2025-03-10 13:49:36.223 [    INFO] (             sink.py: 137) Sink connected to data server [('127.0.0.1', 30101)].
2025-03-10 13:59:02.321 [    INFO] (             misc.py: 208) Running process function [<function run_experiment at 0x00000195908B4FE0>] with args: [()] kwargs: [{'exp_cls': <class 'nv_experiments_all.SpinMeasurements'>, 'fun_name': 'DEER_rabi_scan', 'constructor_args': [], 'constructor_kwargs': {}, 'queue_to_exp': <multiprocessing.queues.Queue object at 0x000001959731BA90>, 'queue_from_exp': <multiprocessing.queues.Queue object at 0x000001959732F7D0>, 'fun_args': [], 'fun_kwargs': {'runs': 120, 'iters': 1000, 'start': 3e-09, 'stop': 3e-07, 'num_pts': 100, 'tau': 8e-07, 'freq': 2312000000.0, 'rf_power': 0.00075, 'pi': 1.03e-07, 'pulse_axis': 'y', 'dark_freq': 560000000.0, 'awg_power': 0.25, 'laser_power': 110, 'laser_init': 3e-05, 'laser_readout': 2.5e-06, 'sideband_freq': 30000000.0, 'sideband_power': 0.45, 'sideband': 'Lower', 'i_offset': -0.002, 'q_offset': -0.004, 'detector': 'APD', 'segment_size': 1024, 'dig_sampling_freq': 500000000.0, 'dig_amplitude': 1.0, 'read_channel': '0', 'dig_coupling': 'DC', 'dig_termination': '1M', 'pretrig_size': 32, 'dig_timeout': 5.0, 'save': False, 'dataset': 'deer rabi', 'filename': 'pH_7', 'directory': '//maurerlabnas/MaurerLab/ejvilla4/pH project/March 2025 Titration Curve/', 'seq': 'DEER Rabi', 'fit': False, 'fit_live': False, 'fit_params': [0.1, 0.001, 100.0, 0.0, 1.0]}}].
2025-03-10 13:59:17.655 [    INFO] (             sink.py: 137) Sink connected to data server [('127.0.0.1', 30101)].
2025-03-10 13:59:48.915 [    INFO] (             misc.py: 208) Running process function [<function run_experiment at 0x00000195908B4FE0>] with args: [()] kwargs: [{'exp_cls': <class 'nv_experiments_all.SpinMeasurements'>, 'fun_name': 'DEER_rabi_scan', 'constructor_args': [], 'constructor_kwargs': {}, 'queue_to_exp': <multiprocessing.queues.Queue object at 0x000001959731BA90>, 'queue_from_exp': <multiprocessing.queues.Queue object at 0x000001959732F7D0>, 'fun_args': [], 'fun_kwargs': {'runs': 120, 'iters': 1000, 'start': 3e-09, 'stop': 3e-07, 'num_pts': 100, 'tau': 8e-07, 'freq': 2312000000.0, 'rf_power': 0.00075, 'pi': 1.03e-07, 'pulse_axis': 'y', 'dark_freq': 560000000.0, 'awg_power': 0.25, 'laser_power': 110, 'laser_init': 3e-05, 'laser_readout': 2.5e-06, 'sideband_freq': 30000000.0, 'sideband_power': 0.45, 'sideband': 'Lower', 'i_offset': -0.002, 'q_offset': -0.004, 'detector': 'APD', 'segment_size': 1024, 'dig_sampling_freq': 500000000.0, 'dig_amplitude': 1.0, 'read_channel': '0', 'dig_coupling': 'DC', 'dig_termination': '1M', 'pretrig_size': 32, 'dig_timeout': 5.0, 'save': False, 'dataset': 'deer rabi', 'filename': 'pH_7', 'directory': '//maurerlabnas/MaurerLab/ejvilla4/pH project/March 2025 Titration Curve/', 'seq': 'DEER Rabi', 'fit': True, 'fit_live': True, 'fit_params': [0.1, 0.001, 100.0, 0.0, 1.0]}}].
2025-03-10 14:03:44.010 [    INFO] (             misc.py: 208) Running process function [<function run_experiment at 0x00000195908B4FE0>] with args: [()] kwargs: [{'exp_cls': <class 'nv_experiments_all.SpinMeasurements'>, 'fun_name': 'DEER_rabi_scan', 'constructor_args': [], 'constructor_kwargs': {}, 'queue_to_exp': <multiprocessing.queues.Queue object at 0x000001959731BA90>, 'queue_from_exp': <multiprocessing.queues.Queue object at 0x000001959732F7D0>, 'fun_args': [], 'fun_kwargs': {'runs': 120, 'iters': 1000, 'start': 3e-09, 'stop': 3e-07, 'num_pts': 100, 'tau': 8e-07, 'freq': 2312000000.0, 'rf_power': 0.00075, 'pi': 1.03e-07, 'pulse_axis': 'y', 'dark_freq': 560000000.0, 'awg_power': 0.4, 'laser_power': 110, 'laser_init': 3e-05, 'laser_readout': 2.5e-06, 'sideband_freq': 30000000.0, 'sideband_power': 0.45, 'sideband': 'Lower', 'i_offset': -0.002, 'q_offset': -0.004, 'detector': 'APD', 'segment_size': 1024, 'dig_sampling_freq': 500000000.0, 'dig_amplitude': 1.0, 'read_channel': '0', 'dig_coupling': 'DC', 'dig_termination': '1M', 'pretrig_size': 32, 'dig_timeout': 5.0, 'save': False, 'dataset': 'deer rabi', 'filename': 'pH_7', 'directory': '//maurerlabnas/MaurerLab/ejvilla4/pH project/March 2025 Titration Curve/', 'seq': 'DEER Rabi', 'fit': True, 'fit_live': True, 'fit_params': [0.1, 0.001, 100.0, 0.0, 1.0]}}].
2025-03-10 14:07:39.736 [    INFO] (             sink.py: 137) Sink connected to data server [('127.0.0.1', 30101)].
2025-03-10 14:07:57.510 [    INFO] (             misc.py: 208) Running process function [<function run_experiment at 0x00000195908B4FE0>] with args: [()] kwargs: [{'exp_cls': <class 'nv_experiments_all.SpinMeasurements'>, 'fun_name': 'DEER_scan', 'constructor_args': [], 'constructor_kwargs': {}, 'queue_to_exp': <multiprocessing.queues.Queue object at 0x000001959731BA90>, 'queue_from_exp': <multiprocessing.queues.Queue object at 0x000001959732F7D0>, 'fun_args': [], 'fun_kwargs': {'runs': 120, 'iters': 7000, 'start': 500000000.0, 'stop': 620000000.0, 'num_pts': 100, 'tau': 8e-07, 'freq': 2312000000.0, 'rf_power': 0.00075, 'pi': 1.03e-07, 'pulse_axis': 'y', 'awg_power': 0.25, 'dark_pi': 1.44e-07, 'drive_type': 'Pulsed', 'laser_power': 110, 'laser_init': 3e-05, 'laser_readout': 2.5e-06, 'sideband_freq': 30000000.0, 'sideband_power': 0.45, 'sideband': 'Lower', 'i_offset': -0.002, 'q_offset': -0.004, 'detector': 'APD', 'segment_size': 1024, 'dig_sampling_freq': 500000000.0, 'dig_amplitude': 1.0, 'read_channel': '0', 'dig_coupling': 'DC', 'dig_termination': '1M', 'pretrig_size': 32, 'dig_timeout': 5.0, 'save': True, 'dataset': 'deer', 'filename': 'pH_7', 'directory': '//maurerlabnas/MaurerLab/ejvilla4/pH project/March 2025 Titration Curve/', 'seq': 'DEER', 'fit': False, 'fit_live': False, 'fit_params': [0.1, 560.0, 10.0, 1.0]}}].
2025-03-10 14:19:55.907 [   ERROR] (      base_events.py:1771) Task exception was never retrieved
future: <Task finished name='Task-12042' coro=<DataSink._main() done, defined at C:\Users\ejvil\miniconda3\envs\nspyre\Lib\site-packages\nspyre\data\sink.py:109> exception=RuntimeError('Maximum diff size exceeded. This is a consequence of memory build-up due to the sink not being able to keep up with the data rate. Reduce the data rate or increase the client processing throughput.') created at C:\Users\ejvil\miniconda3\envs\nspyre\Lib\asyncio\tasks.py:374>
source_traceback: Object created at (most recent call last):
  File "C:\Users\ejvil\miniconda3\envs\nspyre\Lib\threading.py", line 995, in _bootstrap
    self._bootstrap_inner()
  File "C:\Users\ejvil\miniconda3\envs\nspyre\Lib\threading.py", line 1038, in _bootstrap_inner
    self.run()
  File "C:\Users\ejvil\miniconda3\envs\nspyre\Lib\threading.py", line 975, in run
    self._target(*self._args, **self._kwargs)
  File "C:\Users\ejvil\miniconda3\envs\nspyre\Lib\site-packages\nspyre\data\_asyncio_worker.py", line 86, in _event_loop_thread
    self._event_loop.run_forever()
  File "C:\Users\ejvil\miniconda3\envs\nspyre\Lib\asyncio\base_events.py", line 607, in run_forever
    self._run_once()
  File "C:\Users\ejvil\miniconda3\envs\nspyre\Lib\asyncio\base_events.py", line 1914, in _run_once
    handle._run()
  File "C:\Users\ejvil\miniconda3\envs\nspyre\Lib\asyncio\events.py", line 80, in _run
    self._context.run(self._callback, *self._args)
  File "C:\Users\ejvil\miniconda3\envs\nspyre\Lib\site-packages\nspyre\data\_asyncio_worker.py", line 93, in _main_helper
    asyncio.create_task(self._main())
  File "C:\Users\ejvil\miniconda3\envs\nspyre\Lib\asyncio\tasks.py", line 374, in create_task
    task = loop.create_task(coro)
Traceback (most recent call last):
  File "C:\Users\ejvil\miniconda3\envs\nspyre\Lib\site-packages\nspyre\data\sink.py", line 210, in _main
    self._queue.put_nowait(pickle_diff)
  File "C:\Users\ejvil\miniconda3\envs\nspyre\Lib\asyncio\queues.py", line 143, in put_nowait
    raise QueueFull
asyncio.queues.QueueFull

The above exception was the direct cause of the following exception:

Traceback (most recent call last):
  File "C:\Users\ejvil\miniconda3\envs\nspyre\Lib\site-packages\nspyre\data\sink.py", line 219, in _main
    raise RuntimeError(
RuntimeError: Maximum diff size exceeded. This is a consequence of memory build-up due to the sink not being able to keep up with the data rate. Reduce the data rate or increase the client processing throughput.
2025-03-10 15:06:08.805 [    INFO] (             misc.py: 208) Running process function [<function run_experiment at 0x00000195908B4FE0>] with args: [()] kwargs: [{'exp_cls': <class 'nv_experiments_all.SpinMeasurements'>, 'fun_name': 'DEER_FID_scan', 'constructor_args': [], 'constructor_kwargs': {}, 'queue_to_exp': <multiprocessing.queues.Queue object at 0x000001959731BA90>, 'queue_from_exp': <multiprocessing.queues.Queue object at 0x000001959732F7D0>, 'fun_args': [], 'fun_kwargs': {'runs': 120, 'iters': 10000, 'start': 5e-08, 'stop': 2e-05, 'num_pts': 50, 'array_type': 'geomspace', 'freq': 2312000000.0, 'rf_power': 0.00075, 'pi': 1.03e-07, 'pulse_axis': 'y', 'dark_freq': 559000000.0, 'awg_power': 0.25, 'dark_pi': 1.44e-07, 'n': 1, 'laser_power': 110, 'laser_init': 3e-05, 'laser_readout': 2.5e-06, 'sideband_freq': 30000000.0, 'sideband_power': 0.45, 'sideband': 'Lower', 'i_offset': -0.002, 'q_offset': -0.004, 'detector': 'APD', 'segment_size': 1024, 'dig_sampling_freq': 500000000.0, 'dig_amplitude': 1.0, 'read_channel': '0', 'dig_coupling': 'DC', 'dig_termination': '1M', 'pretrig_size': 32, 'dig_timeout': 5.0, 'save': True, 'dataset': 'fid', 'filename': 'pH_7', 'directory': '//maurerlabnas/MaurerLab/ejvilla4/pH project/March 2025 Titration Curve/', 'seq': 'DEER FID', 'fit': False, 'fit_live': False, 'fit_params': [0.0]}}].
2025-03-10 15:06:52.332 [    INFO] (             sink.py: 137) Sink connected to data server [('127.0.0.1', 30101)].
2025-03-10 15:06:53.351 [CRITICAL] (          logging.py:  32) Traceback (most recent call last):
2025-03-10 15:06:53.351 [CRITICAL] (          logging.py:  32)   File "C:\Users\ejvil\miniconda3\envs\nspyre\Lib\site-packages\nspyre\gui\widgets\flex_line_plot_3.py", line 1801, in _new_source
2025-03-10 15:06:53.353 [CRITICAL] (          logging.py:  32)     self.plot_settings.sink.pop(timeout=self.timeout)
2025-03-10 15:06:53.353 [CRITICAL] (          logging.py:  32)   File "C:\Users\ejvil\miniconda3\envs\nspyre\Lib\site-packages\nspyre\data\sink.py", line 356, in pop
2025-03-10 15:06:53.353 [CRITICAL] (          logging.py:  32)     raise TimeoutError(f'{self} pop() timed out.')
2025-03-10 15:06:53.354 [CRITICAL] (          logging.py:  32) TimeoutError: Data Sink (running=True) [name=fid,  pop() timed out.
2025-03-10 15:06:53.354 [CRITICAL] (          logging.py:  32) 
2025-03-10 15:06:53.354 [CRITICAL] (          logging.py:  32) The above exception was the direct cause of the following exception:
2025-03-10 15:06:53.354 [CRITICAL] (          logging.py:  32) 
2025-03-10 15:06:53.354 [CRITICAL] (          logging.py:  32) Traceback (most recent call last):
2025-03-10 15:06:53.355 [CRITICAL] (          logging.py:  32)   File "C:\Users\ejvil\miniconda3\envs\nspyre\Lib\site-packages\nspyre\gui\threadsafe.py", line 91, in _handle_error
2025-03-10 15:06:53.355 [CRITICAL] (          logging.py:  32)     raise err
2025-03-10 15:06:53.356 [CRITICAL] (          logging.py:  32)   File "C:\Users\ejvil\miniconda3\envs\nspyre\Lib\site-packages\nspyre\gui\threadsafe.py", line 171, in _run_safe
2025-03-10 15:06:53.356 [CRITICAL] (          logging.py:  32)     result = fun(*args, **kwargs)
2025-03-10 15:06:53.356 [CRITICAL] (          logging.py:  32)              ^^^^^^^^^^^^^^^^^^^^
2025-03-10 15:06:53.357 [CRITICAL] (          logging.py:  32)   File "C:\Users\ejvil\miniconda3\envs\nspyre\Lib\site-packages\nspyre\gui\widgets\flex_line_plot_3.py", line 1865, in _new_source
2025-03-10 15:06:53.357 [CRITICAL] (          logging.py:  32)     raise RuntimeError(
2025-03-10 15:06:53.357 [CRITICAL] (          logging.py:  32) RuntimeError: Could not connect to new data source [fid]
2025-03-10 15:06:53.358 [    INFO] (        line_plot.py:  78) A plot with the name [fit] does not exist. Ignoring remove_plot request.
2025-03-10 15:06:53.358 [    INFO] (        line_plot.py:  78) A plot with the name [dark_avg] does not exist. Ignoring remove_plot request.
2025-03-10 15:06:53.360 [    INFO] (        line_plot.py:  78) A plot with the name [echo_avg] does not exist. Ignoring remove_plot request.
2025-03-10 15:06:53.360 [    INFO] (        line_plot.py:  78) A plot with the name [contrast_avg] does not exist. Ignoring remove_plot request.
2025-03-10 15:06:53.362 [    INFO] (        line_plot.py:  78) A plot with the name [contrast_latest] does not exist. Ignoring remove_plot request.
2025-03-10 15:06:53.362 [    INFO] (        line_plot.py:  78) A plot with the name [dark_sig_avg] does not exist. Ignoring remove_plot request.
2025-03-10 15:06:53.363 [    INFO] (        line_plot.py:  78) A plot with the name [dark_sig_latest] does not exist. Ignoring remove_plot request.
2025-03-10 15:06:53.363 [    INFO] (        line_plot.py:  78) A plot with the name [dark_bg_avg] does not exist. Ignoring remove_plot request.
2025-03-10 15:06:53.364 [    INFO] (        line_plot.py:  78) A plot with the name [dark_bg_latest] does not exist. Ignoring remove_plot request.
2025-03-10 15:06:53.364 [    INFO] (        line_plot.py:  78) A plot with the name [echo_sig_avg] does not exist. Ignoring remove_plot request.
2025-03-10 15:06:53.365 [    INFO] (        line_plot.py:  78) A plot with the name [echo_sig_latest] does not exist. Ignoring remove_plot request.
2025-03-10 15:06:53.365 [    INFO] (        line_plot.py:  78) A plot with the name [echo_bg_avg] does not exist. Ignoring remove_plot request.
2025-03-10 15:06:53.365 [    INFO] (        line_plot.py:  78) A plot with the name [echo_bg_latest] does not exist. Ignoring remove_plot request.
2025-03-10 15:06:54.358 [    INFO] (  _asyncio_worker.py:  89) Source [('localhost', 30101)] closed.
2025-03-10 15:07:12.170 [    INFO] (             sink.py: 137) Sink connected to data server [('127.0.0.1', 30101)].
2025-03-10 15:07:13.192 [CRITICAL] (          logging.py:  32) Traceback (most recent call last):
2025-03-10 15:07:13.192 [CRITICAL] (          logging.py:  32)   File "C:\Users\ejvil\miniconda3\envs\nspyre\Lib\site-packages\nspyre\gui\widgets\flex_line_plot_3.py", line 1801, in _new_source
2025-03-10 15:07:13.194 [CRITICAL] (          logging.py:  32)     self.plot_settings.sink.pop(timeout=self.timeout)
2025-03-10 15:07:13.194 [CRITICAL] (          logging.py:  32)   File "C:\Users\ejvil\miniconda3\envs\nspyre\Lib\site-packages\nspyre\data\sink.py", line 356, in pop
2025-03-10 15:07:13.195 [CRITICAL] (          logging.py:  32)     raise TimeoutError(f'{self} pop() timed out.')
2025-03-10 15:07:13.195 [CRITICAL] (          logging.py:  32) TimeoutError: Data Sink (running=True) [name=fid,  pop() timed out.
2025-03-10 15:07:13.195 [CRITICAL] (          logging.py:  32) 
2025-03-10 15:07:13.196 [CRITICAL] (          logging.py:  32) The above exception was the direct cause of the following exception:
2025-03-10 15:07:13.196 [CRITICAL] (          logging.py:  32) 
2025-03-10 15:07:13.196 [CRITICAL] (          logging.py:  32) Traceback (most recent call last):
2025-03-10 15:07:13.196 [CRITICAL] (          logging.py:  32)   File "C:\Users\ejvil\miniconda3\envs\nspyre\Lib\site-packages\nspyre\gui\threadsafe.py", line 91, in _handle_error
2025-03-10 15:07:13.197 [CRITICAL] (          logging.py:  32)     raise err
2025-03-10 15:07:13.197 [CRITICAL] (          logging.py:  32)   File "C:\Users\ejvil\miniconda3\envs\nspyre\Lib\site-packages\nspyre\gui\threadsafe.py", line 171, in _run_safe
2025-03-10 15:07:13.198 [CRITICAL] (          logging.py:  32)     result = fun(*args, **kwargs)
2025-03-10 15:07:13.198 [CRITICAL] (          logging.py:  32)              ^^^^^^^^^^^^^^^^^^^^
2025-03-10 15:07:13.198 [CRITICAL] (          logging.py:  32)   File "C:\Users\ejvil\miniconda3\envs\nspyre\Lib\site-packages\nspyre\gui\widgets\flex_line_plot_3.py", line 1865, in _new_source
2025-03-10 15:07:13.199 [CRITICAL] (          logging.py:  32)     raise RuntimeError(
2025-03-10 15:07:13.199 [CRITICAL] (          logging.py:  32) RuntimeError: Could not connect to new data source [fid]
2025-03-10 15:07:13.200 [    INFO] (        line_plot.py:  78) A plot with the name [dark_avg] does not exist. Ignoring remove_plot request.
2025-03-10 15:07:13.200 [    INFO] (        line_plot.py:  78) A plot with the name [echo_avg] does not exist. Ignoring remove_plot request.
2025-03-10 15:07:13.202 [    INFO] (        line_plot.py:  78) A plot with the name [contrast_avg] does not exist. Ignoring remove_plot request.
2025-03-10 15:07:13.203 [    INFO] (        line_plot.py:  78) A plot with the name [contrast_latest] does not exist. Ignoring remove_plot request.
2025-03-10 15:07:13.203 [    INFO] (        line_plot.py:  78) A plot with the name [dark_sig_avg] does not exist. Ignoring remove_plot request.
2025-03-10 15:07:13.204 [    INFO] (        line_plot.py:  78) A plot with the name [dark_sig_latest] does not exist. Ignoring remove_plot request.
2025-03-10 15:07:13.205 [    INFO] (        line_plot.py:  78) A plot with the name [dark_bg_avg] does not exist. Ignoring remove_plot request.
2025-03-10 15:07:13.205 [    INFO] (        line_plot.py:  78) A plot with the name [dark_bg_latest] does not exist. Ignoring remove_plot request.
2025-03-10 15:07:13.206 [    INFO] (        line_plot.py:  78) A plot with the name [echo_sig_avg] does not exist. Ignoring remove_plot request.
2025-03-10 15:07:13.206 [    INFO] (        line_plot.py:  78) A plot with the name [echo_sig_latest] does not exist. Ignoring remove_plot request.
2025-03-10 15:07:13.206 [    INFO] (        line_plot.py:  78) A plot with the name [echo_bg_avg] does not exist. Ignoring remove_plot request.
2025-03-10 15:07:13.207 [    INFO] (        line_plot.py:  78) A plot with the name [echo_bg_latest] does not exist. Ignoring remove_plot request.
2025-03-10 15:07:14.207 [CRITICAL] (          logging.py:  32) Traceback (most recent call last):
2025-03-10 15:07:14.208 [CRITICAL] (          logging.py:  32)   File "C:\Users\ejvil\miniconda3\envs\nspyre\Lib\site-packages\nspyre\data\sink.py", line 368, in __getattr__
2025-03-10 15:07:14.209 [CRITICAL] (          logging.py:  32)     if attr in self.data:
2025-03-10 15:07:14.209 [CRITICAL] (          logging.py:  32)        ^^^^^^^^^^^^^^^^^
2025-03-10 15:07:14.210 [CRITICAL] (          logging.py:  32) TypeError: argument of type 'NoneType' is not iterable
2025-03-10 15:07:14.210 [CRITICAL] (          logging.py:  32) 
2025-03-10 15:07:14.210 [CRITICAL] (          logging.py:  32) During handling of the above exception, another exception occurred:
2025-03-10 15:07:14.211 [CRITICAL] (          logging.py:  32) 
2025-03-10 15:07:14.211 [CRITICAL] (          logging.py:  32) Traceback (most recent call last):
2025-03-10 15:07:14.211 [CRITICAL] (          logging.py:  32)   File "C:\Users\ejvil\miniconda3\envs\nspyre\Lib\site-packages\nspyre\gui\threadsafe.py", line 91, in _handle_error
2025-03-10 15:07:14.212 [CRITICAL] (          logging.py:  32)     raise err
2025-03-10 15:07:14.212 [CRITICAL] (          logging.py:  32)   File "C:\Users\ejvil\miniconda3\envs\nspyre\Lib\site-packages\nspyre\gui\threadsafe.py", line 171, in _run_safe
2025-03-10 15:07:14.212 [    INFO] (  _asyncio_worker.py:  89) Source [('localhost', 30101)] closed.
2025-03-10 15:07:14.212 [CRITICAL] (          logging.py:  32)     result = fun(*args, **kwargs)
2025-03-10 15:07:14.213 [CRITICAL] (          logging.py:  32)              ^^^^^^^^^^^^^^^^^^^^
2025-03-10 15:07:14.213 [CRITICAL] (          logging.py:  32)   File "C:\Users\ejvil\miniconda3\envs\nspyre\Lib\site-packages\nspyre\gui\widgets\update_loop.py", line 69, in _update
2025-03-10 15:07:14.213 [CRITICAL] (          logging.py:  32)     self.update_func(*self.args, **self.kwargs)
2025-03-10 15:07:14.214 [CRITICAL] (          logging.py:  32)   File "C:\Users\ejvil\miniconda3\envs\nspyre\Lib\site-packages\nspyre\gui\widgets\flex_line_plot_3.py", line 1935, in update
2025-03-10 15:07:14.214 [CRITICAL] (          logging.py:  32)     data_sig = self.plot_settings.sink.datasets['dark_signal']
2025-03-10 15:07:14.214 [CRITICAL] (          logging.py:  32)                ^^^^^^^^^^^^^^^^^^^^^^^^^^^^^^^^
2025-03-10 15:07:14.215 [CRITICAL] (          logging.py:  32)   File "C:\Users\ejvil\miniconda3\envs\nspyre\Lib\site-packages\nspyre\data\sink.py", line 375, in __getattr__
2025-03-10 15:07:14.215 [CRITICAL] (          logging.py:  32)     return self.__getattribute__(attr)
2025-03-10 15:07:14.215 [CRITICAL] (          logging.py:  32)            ^^^^^^^^^^^^^^^^^^^^^^^^^^^
2025-03-10 15:07:14.215 [CRITICAL] (          logging.py:  32) AttributeError: 'DataSink' object has no attribute 'datasets'
2025-03-10 15:07:50.869 [    INFO] (             misc.py: 208) Running process function [<function run_experiment at 0x00000195908B4FE0>] with args: [()] kwargs: [{'exp_cls': <class 'nv_experiments_all.SpinMeasurements'>, 'fun_name': 'DEER_FID_scan', 'constructor_args': [], 'constructor_kwargs': {}, 'queue_to_exp': <multiprocessing.queues.Queue object at 0x000001959731BA90>, 'queue_from_exp': <multiprocessing.queues.Queue object at 0x000001959732F7D0>, 'fun_args': [], 'fun_kwargs': {'runs': 120, 'iters': 10000, 'start': 5e-08, 'stop': 2e-05, 'num_pts': 50, 'array_type': 'geomspace', 'freq': 2312000000.0, 'rf_power': 0.00075, 'pi': 1.03e-07, 'pulse_axis': 'y', 'dark_freq': 559000000.0, 'awg_power': 0.25, 'dark_pi': 1.44e-07, 'n': 1, 'laser_power': 110, 'laser_init': 3e-05, 'laser_readout': 2.5e-06, 'sideband_freq': 30000000.0, 'sideband_power': 0.45, 'sideband': 'Lower', 'i_offset': -0.002, 'q_offset': -0.004, 'detector': 'APD', 'segment_size': 1024, 'dig_sampling_freq': 500000000.0, 'dig_amplitude': 1.0, 'read_channel': '0', 'dig_coupling': 'DC', 'dig_termination': '1M', 'pretrig_size': 32, 'dig_timeout': 5.0, 'save': True, 'dataset': 'fid', 'filename': 'pH_7', 'directory': '//maurerlabnas/MaurerLab/ejvilla4/pH project/March 2025 Titration Curve/', 'seq': 'DEER FID', 'fit': False, 'fit_live': False, 'fit_params': [0.0]}}].
2025-03-10 15:08:05.760 [    INFO] (             misc.py: 208) Running process function [<function run_experiment at 0x00000195908B4FE0>] with args: [()] kwargs: [{'exp_cls': <class 'nv_experiments_all.SpinMeasurements'>, 'fun_name': 'DEER_FID_scan', 'constructor_args': [], 'constructor_kwargs': {}, 'queue_to_exp': <multiprocessing.queues.Queue object at 0x000001959731BA90>, 'queue_from_exp': <multiprocessing.queues.Queue object at 0x000001959732F7D0>, 'fun_args': [], 'fun_kwargs': {'runs': 120, 'iters': 10000, 'start': 5e-08, 'stop': 2e-05, 'num_pts': 50, 'array_type': 'geomspace', 'freq': 2312000000.0, 'rf_power': 0.00075, 'pi': 1.03e-07, 'pulse_axis': 'y', 'dark_freq': 559000000.0, 'awg_power': 0.25, 'dark_pi': 1.44e-07, 'n': 1, 'laser_power': 110, 'laser_init': 3e-05, 'laser_readout': 2.5e-06, 'sideband_freq': 30000000.0, 'sideband_power': 0.45, 'sideband': 'Lower', 'i_offset': -0.002, 'q_offset': -0.004, 'detector': 'APD', 'segment_size': 1024, 'dig_sampling_freq': 500000000.0, 'dig_amplitude': 1.0, 'read_channel': '0', 'dig_coupling': 'DC', 'dig_termination': '1M', 'pretrig_size': 32, 'dig_timeout': 5.0, 'save': True, 'dataset': 'fid', 'filename': 'pH_7', 'directory': '//maurerlabnas/MaurerLab/ejvilla4/pH project/March 2025 Titration Curve/', 'seq': 'DEER FID', 'fit': False, 'fit_live': False, 'fit_params': [0.0]}}].
2025-03-10 15:08:26.774 [    INFO] (             sink.py: 137) Sink connected to data server [('127.0.0.1', 30101)].
2025-03-10 15:08:40.199 [    INFO] (             sink.py: 137) Sink connected to data server [('127.0.0.1', 30101)].
2025-03-10 15:09:30.011 [    INFO] (             sink.py: 137) Sink connected to data server [('127.0.0.1', 30101)].
2025-03-10 15:09:46.579 [    INFO] (             sink.py: 137) Sink connected to data server [('127.0.0.1', 30101)].
2025-03-10 15:10:34.270 [    INFO] (             sink.py: 137) Sink connected to data server [('127.0.0.1', 30101)].
2025-03-10 15:15:34.510 [   ERROR] (      base_events.py:1771) Task exception was never retrieved
future: <Task finished name='Task-49462' coro=<DataSink._main() done, defined at C:\Users\ejvil\miniconda3\envs\nspyre\Lib\site-packages\nspyre\data\sink.py:109> exception=RuntimeError('Maximum diff size exceeded. This is a consequence of memory build-up due to the sink not being able to keep up with the data rate. Reduce the data rate or increase the client processing throughput.') created at C:\Users\ejvil\miniconda3\envs\nspyre\Lib\asyncio\tasks.py:374>
source_traceback: Object created at (most recent call last):
  File "C:\Users\ejvil\miniconda3\envs\nspyre\Lib\threading.py", line 995, in _bootstrap
    self._bootstrap_inner()
  File "C:\Users\ejvil\miniconda3\envs\nspyre\Lib\threading.py", line 1038, in _bootstrap_inner
    self.run()
  File "C:\Users\ejvil\miniconda3\envs\nspyre\Lib\threading.py", line 975, in run
    self._target(*self._args, **self._kwargs)
  File "C:\Users\ejvil\miniconda3\envs\nspyre\Lib\site-packages\nspyre\data\_asyncio_worker.py", line 86, in _event_loop_thread
    self._event_loop.run_forever()
  File "C:\Users\ejvil\miniconda3\envs\nspyre\Lib\asyncio\base_events.py", line 607, in run_forever
    self._run_once()
  File "C:\Users\ejvil\miniconda3\envs\nspyre\Lib\asyncio\base_events.py", line 1914, in _run_once
    handle._run()
  File "C:\Users\ejvil\miniconda3\envs\nspyre\Lib\asyncio\events.py", line 80, in _run
    self._context.run(self._callback, *self._args)
  File "C:\Users\ejvil\miniconda3\envs\nspyre\Lib\site-packages\nspyre\data\_asyncio_worker.py", line 93, in _main_helper
    asyncio.create_task(self._main())
  File "C:\Users\ejvil\miniconda3\envs\nspyre\Lib\asyncio\tasks.py", line 374, in create_task
    task = loop.create_task(coro)
Traceback (most recent call last):
  File "C:\Users\ejvil\miniconda3\envs\nspyre\Lib\site-packages\nspyre\data\sink.py", line 210, in _main
    self._queue.put_nowait(pickle_diff)
  File "C:\Users\ejvil\miniconda3\envs\nspyre\Lib\asyncio\queues.py", line 143, in put_nowait
    raise QueueFull
asyncio.queues.QueueFull

The above exception was the direct cause of the following exception:

Traceback (most recent call last):
  File "C:\Users\ejvil\miniconda3\envs\nspyre\Lib\site-packages\nspyre\data\sink.py", line 219, in _main
    raise RuntimeError(
RuntimeError: Maximum diff size exceeded. This is a consequence of memory build-up due to the sink not being able to keep up with the data rate. Reduce the data rate or increase the client processing throughput.
2025-03-10 15:15:47.846 [   ERROR] (      base_events.py:1771) Task exception was never retrieved
future: <Task finished name='Task-49547' coro=<DataSink._main() done, defined at C:\Users\ejvil\miniconda3\envs\nspyre\Lib\site-packages\nspyre\data\sink.py:109> exception=RuntimeError('Maximum diff size exceeded. This is a consequence of memory build-up due to the sink not being able to keep up with the data rate. Reduce the data rate or increase the client processing throughput.') created at C:\Users\ejvil\miniconda3\envs\nspyre\Lib\asyncio\tasks.py:374>
source_traceback: Object created at (most recent call last):
  File "C:\Users\ejvil\miniconda3\envs\nspyre\Lib\threading.py", line 995, in _bootstrap
    self._bootstrap_inner()
  File "C:\Users\ejvil\miniconda3\envs\nspyre\Lib\threading.py", line 1038, in _bootstrap_inner
    self.run()
  File "C:\Users\ejvil\miniconda3\envs\nspyre\Lib\threading.py", line 975, in run
    self._target(*self._args, **self._kwargs)
  File "C:\Users\ejvil\miniconda3\envs\nspyre\Lib\site-packages\nspyre\data\_asyncio_worker.py", line 86, in _event_loop_thread
    self._event_loop.run_forever()
  File "C:\Users\ejvil\miniconda3\envs\nspyre\Lib\asyncio\base_events.py", line 607, in run_forever
    self._run_once()
  File "C:\Users\ejvil\miniconda3\envs\nspyre\Lib\asyncio\base_events.py", line 1914, in _run_once
    handle._run()
  File "C:\Users\ejvil\miniconda3\envs\nspyre\Lib\asyncio\events.py", line 80, in _run
    self._context.run(self._callback, *self._args)
  File "C:\Users\ejvil\miniconda3\envs\nspyre\Lib\site-packages\nspyre\data\_asyncio_worker.py", line 93, in _main_helper
    asyncio.create_task(self._main())
  File "C:\Users\ejvil\miniconda3\envs\nspyre\Lib\asyncio\tasks.py", line 374, in create_task
    task = loop.create_task(coro)
Traceback (most recent call last):
  File "C:\Users\ejvil\miniconda3\envs\nspyre\Lib\site-packages\nspyre\data\sink.py", line 210, in _main
    self._queue.put_nowait(pickle_diff)
  File "C:\Users\ejvil\miniconda3\envs\nspyre\Lib\asyncio\queues.py", line 143, in put_nowait
    raise QueueFull
asyncio.queues.QueueFull

The above exception was the direct cause of the following exception:

Traceback (most recent call last):
  File "C:\Users\ejvil\miniconda3\envs\nspyre\Lib\site-packages\nspyre\data\sink.py", line 219, in _main
    raise RuntimeError(
RuntimeError: Maximum diff size exceeded. This is a consequence of memory build-up due to the sink not being able to keep up with the data rate. Reduce the data rate or increase the client processing throughput.
2025-03-10 15:16:37.773 [   ERROR] (      base_events.py:1771) Task exception was never retrieved
future: <Task finished name='Task-49986' coro=<DataSink._main() done, defined at C:\Users\ejvil\miniconda3\envs\nspyre\Lib\site-packages\nspyre\data\sink.py:109> exception=RuntimeError('Maximum diff size exceeded. This is a consequence of memory build-up due to the sink not being able to keep up with the data rate. Reduce the data rate or increase the client processing throughput.') created at C:\Users\ejvil\miniconda3\envs\nspyre\Lib\asyncio\tasks.py:374>
source_traceback: Object created at (most recent call last):
  File "C:\Users\ejvil\miniconda3\envs\nspyre\Lib\threading.py", line 995, in _bootstrap
    self._bootstrap_inner()
  File "C:\Users\ejvil\miniconda3\envs\nspyre\Lib\threading.py", line 1038, in _bootstrap_inner
    self.run()
  File "C:\Users\ejvil\miniconda3\envs\nspyre\Lib\threading.py", line 975, in run
    self._target(*self._args, **self._kwargs)
  File "C:\Users\ejvil\miniconda3\envs\nspyre\Lib\site-packages\nspyre\data\_asyncio_worker.py", line 86, in _event_loop_thread
    self._event_loop.run_forever()
  File "C:\Users\ejvil\miniconda3\envs\nspyre\Lib\asyncio\base_events.py", line 607, in run_forever
    self._run_once()
  File "C:\Users\ejvil\miniconda3\envs\nspyre\Lib\asyncio\base_events.py", line 1914, in _run_once
    handle._run()
  File "C:\Users\ejvil\miniconda3\envs\nspyre\Lib\asyncio\events.py", line 80, in _run
    self._context.run(self._callback, *self._args)
  File "C:\Users\ejvil\miniconda3\envs\nspyre\Lib\site-packages\nspyre\data\_asyncio_worker.py", line 93, in _main_helper
    asyncio.create_task(self._main())
  File "C:\Users\ejvil\miniconda3\envs\nspyre\Lib\asyncio\tasks.py", line 374, in create_task
    task = loop.create_task(coro)
Traceback (most recent call last):
  File "C:\Users\ejvil\miniconda3\envs\nspyre\Lib\site-packages\nspyre\data\sink.py", line 210, in _main
    self._queue.put_nowait(pickle_diff)
  File "C:\Users\ejvil\miniconda3\envs\nspyre\Lib\asyncio\queues.py", line 143, in put_nowait
    raise QueueFull
asyncio.queues.QueueFull

The above exception was the direct cause of the following exception:

Traceback (most recent call last):
  File "C:\Users\ejvil\miniconda3\envs\nspyre\Lib\site-packages\nspyre\data\sink.py", line 219, in _main
    raise RuntimeError(
RuntimeError: Maximum diff size exceeded. This is a consequence of memory build-up due to the sink not being able to keep up with the data rate. Reduce the data rate or increase the client processing throughput.
2025-03-10 15:30:15.073 [    INFO] (             misc.py: 208) Running process function [<function run_experiment at 0x00000195908B4FE0>] with args: [()] kwargs: [{'exp_cls': <class 'nv_experiments_all.SpinMeasurements'>, 'fun_name': 'DEER_T1_scan', 'constructor_args': [], 'constructor_kwargs': {}, 'queue_to_exp': <multiprocessing.queues.Queue object at 0x000001959731BA90>, 'queue_from_exp': <multiprocessing.queues.Queue object at 0x000001959732F7D0>, 'fun_args': [], 'fun_kwargs': {'runs': 120, 'iters': 100000, 'start': 5e-08, 'stop': 3e-05, 'num_pts': 100, 'array_type': 'geomspace', 'tau': 8e-07, 'freq': 2312000000.0, 'rf_power': 0.00075, 'pi': 1.03e-07, 'pulse_axis': 'y', 'dark_freq': 559000000.0, 'dark_pi': 1.44e-07, 'awg_power': 0.25, 'laser_power': 110, 'laser_init': 3e-05, 'laser_readout': 2.5e-06, 'sideband_freq': 30000000.0, 'sideband_power': 0.45, 'sideband': 'Lower', 'i_offset': -0.002, 'q_offset': -0.004, 'detector': 'APD', 'segment_size': 1024, 'dig_sampling_freq': 500000000.0, 'dig_amplitude': 1.0, 'read_channel': '0', 'dig_coupling': 'DC', 'dig_termination': '1M', 'pretrig_size': 32, 'dig_timeout': 5.0, 'save': True, 'dataset': 'deer t1', 'filename': 'pH_7', 'directory': '//maurerlabnas/MaurerLab/ejvilla4/pH project/March 2025 Titration Curve/', 'seq': 'DEER T1', 'fit': False, 'fit_live': False, 'fit_params': [0.0]}}].
2025-03-10 15:31:05.502 [    INFO] (             sink.py: 137) Sink connected to data server [('127.0.0.1', 30101)].
2025-03-10 15:38:37.478 [    INFO] (             misc.py: 208) Running process function [<function run_experiment at 0x00000195908B4FE0>] with args: [()] kwargs: [{'exp_cls': <class 'nv_experiments_all.SpinMeasurements'>, 'fun_name': 'DEER_T1_scan', 'constructor_args': [], 'constructor_kwargs': {}, 'queue_to_exp': <multiprocessing.queues.Queue object at 0x000001959731BA90>, 'queue_from_exp': <multiprocessing.queues.Queue object at 0x000001959732F7D0>, 'fun_args': [], 'fun_kwargs': {'runs': 120, 'iters': 100000, 'start': 5e-08, 'stop': 3e-05, 'num_pts': 100, 'array_type': 'linspace', 'tau': 8e-07, 'freq': 2312000000.0, 'rf_power': 0.00075, 'pi': 1.03e-07, 'pulse_axis': 'y', 'dark_freq': 559000000.0, 'dark_pi': 1.1e-07, 'awg_power': 0.4, 'laser_power': 110, 'laser_init': 3e-05, 'laser_readout': 2.5e-06, 'sideband_freq': 30000000.0, 'sideband_power': 0.45, 'sideband': 'Lower', 'i_offset': -0.002, 'q_offset': -0.004, 'detector': 'APD', 'segment_size': 1024, 'dig_sampling_freq': 500000000.0, 'dig_amplitude': 1.0, 'read_channel': '0', 'dig_coupling': 'DC', 'dig_termination': '1M', 'pretrig_size': 32, 'dig_timeout': 5.0, 'save': True, 'dataset': 'deer t1', 'filename': 'pH_7_linspace_400mV', 'directory': '//maurerlabnas/MaurerLab/ejvilla4/pH project/March 2025 Titration Curve/', 'seq': 'DEER T1', 'fit': False, 'fit_live': False, 'fit_params': [0.0]}}].
2025-03-10 15:52:02.715 [    INFO] (             sink.py: 137) Sink connected to data server [('127.0.0.1', 30101)].
2025-03-10 15:52:02.828 [CRITICAL] (          logging.py:  32) Traceback (most recent call last):
2025-03-10 15:52:02.828 [CRITICAL] (          logging.py:  32)   File "C:\Users\ejvil\miniconda3\envs\nspyre\Lib\site-packages\nspyre\gui\threadsafe.py", line 91, in _handle_error
2025-03-10 15:52:02.829 [CRITICAL] (          logging.py:  32)     raise err
2025-03-10 15:52:02.829 [CRITICAL] (          logging.py:  32)   File "C:\Users\ejvil\miniconda3\envs\nspyre\Lib\site-packages\nspyre\gui\threadsafe.py", line 171, in _run_safe
2025-03-10 15:52:02.831 [CRITICAL] (          logging.py:  32)     result = fun(*args, **kwargs)
2025-03-10 15:52:02.832 [CRITICAL] (          logging.py:  32)              ^^^^^^^^^^^^^^^^^^^^
2025-03-10 15:52:02.832 [CRITICAL] (          logging.py:  32)   File "C:\Users\ejvil\miniconda3\envs\nspyre\Lib\site-packages\nspyre\gui\widgets\flex_line_plot_3.py", line 373, in get_settings
2025-03-10 15:52:02.833 [CRITICAL] (          logging.py:  32)     settings = self.series_settings[name]
2025-03-10 15:52:02.833 [CRITICAL] (          logging.py:  32)                ~~~~~~~~~~~~~~~~~~~~^^^^^^
2025-03-10 15:52:02.833 [CRITICAL] (          logging.py:  32) KeyError: 'diff overall surface T1 decay'
2025-03-10 15:52:02.834 [CRITICAL] (          logging.py:  32) Traceback (most recent call last):
2025-03-10 15:52:02.835 [CRITICAL] (          logging.py:  32)   File "C:\Users\ejvil\miniconda3\envs\nspyre\Lib\site-packages\nspyre\gui\threadsafe.py", line 91, in _handle_error
2025-03-10 15:52:02.837 [CRITICAL] (          logging.py:  32)     raise err
2025-03-10 15:52:02.838 [CRITICAL] (          logging.py:  32)   File "C:\Users\ejvil\miniconda3\envs\nspyre\Lib\site-packages\nspyre\gui\threadsafe.py", line 171, in _run_safe
2025-03-10 15:52:02.839 [CRITICAL] (          logging.py:  32)     result = fun(*args, **kwargs)
2025-03-10 15:52:02.840 [CRITICAL] (          logging.py:  32)              ^^^^^^^^^^^^^^^^^^^^
2025-03-10 15:52:02.840 [CRITICAL] (          logging.py:  32)   File "C:\Users\ejvil\miniconda3\envs\nspyre\Lib\site-packages\nspyre\gui\widgets\flex_line_plot_3.py", line 373, in get_settings
2025-03-10 15:52:02.841 [CRITICAL] (          logging.py:  32)     settings = self.series_settings[name]
2025-03-10 15:52:02.841 [CRITICAL] (          logging.py:  32)                ~~~~~~~~~~~~~~~~~~~~^^^^^^
2025-03-10 15:52:02.842 [CRITICAL] (          logging.py:  32) KeyError: 'diff nuclear oscillation with pi pulse'
2025-03-10 15:52:02.842 [CRITICAL] (          logging.py:  32) Traceback (most recent call last):
2025-03-10 15:52:02.843 [CRITICAL] (          logging.py:  32)   File "C:\Users\ejvil\miniconda3\envs\nspyre\Lib\site-packages\nspyre\gui\threadsafe.py", line 91, in _handle_error
2025-03-10 15:52:02.844 [CRITICAL] (          logging.py:  32)     raise err
2025-03-10 15:52:02.844 [CRITICAL] (          logging.py:  32)   File "C:\Users\ejvil\miniconda3\envs\nspyre\Lib\site-packages\nspyre\gui\threadsafe.py", line 171, in _run_safe
2025-03-10 15:52:02.845 [CRITICAL] (          logging.py:  32)     result = fun(*args, **kwargs)
2025-03-10 15:52:02.846 [CRITICAL] (          logging.py:  32)              ^^^^^^^^^^^^^^^^^^^^
2025-03-10 15:52:02.847 [CRITICAL] (          logging.py:  32)   File "C:\Users\ejvil\miniconda3\envs\nspyre\Lib\site-packages\nspyre\gui\widgets\flex_line_plot_3.py", line 373, in get_settings
2025-03-10 15:52:02.848 [CRITICAL] (          logging.py:  32)     settings = self.series_settings[name]
2025-03-10 15:52:02.848 [CRITICAL] (          logging.py:  32)                ~~~~~~~~~~~~~~~~~~~~^^^^^^
2025-03-10 15:52:02.849 [CRITICAL] (          logging.py:  32) KeyError: 'diff nuclear oscillation no pi pulse'
2025-03-10 15:52:02.850 [CRITICAL] (          logging.py:  32) Traceback (most recent call last):
2025-03-10 15:52:02.851 [CRITICAL] (          logging.py:  32)   File "C:\Users\ejvil\miniconda3\envs\nspyre\Lib\site-packages\nspyre\gui\threadsafe.py", line 91, in _handle_error
2025-03-10 15:52:02.851 [CRITICAL] (          logging.py:  32)     raise err
2025-03-10 15:52:02.852 [CRITICAL] (          logging.py:  32)   File "C:\Users\ejvil\miniconda3\envs\nspyre\Lib\site-packages\nspyre\gui\threadsafe.py", line 171, in _run_safe
2025-03-10 15:52:02.853 [CRITICAL] (          logging.py:  32)     result = fun(*args, **kwargs)
2025-03-10 15:52:02.854 [CRITICAL] (          logging.py:  32)              ^^^^^^^^^^^^^^^^^^^^
2025-03-10 15:52:02.855 [CRITICAL] (          logging.py:  32)   File "C:\Users\ejvil\miniconda3\envs\nspyre\Lib\site-packages\nspyre\gui\widgets\flex_line_plot_3.py", line 373, in get_settings
2025-03-10 15:52:02.856 [CRITICAL] (          logging.py:  32)     settings = self.series_settings[name]
2025-03-10 15:52:02.857 [CRITICAL] (          logging.py:  32)                ~~~~~~~~~~~~~~~~~~~~^^^^^^
2025-03-10 15:52:02.857 [CRITICAL] (          logging.py:  32) KeyError: 'sum pure nuclear oscillation'
2025-03-10 15:52:02.858 [CRITICAL] (          logging.py:  32) Traceback (most recent call last):
2025-03-10 15:52:02.858 [CRITICAL] (          logging.py:  32)   File "C:\Users\ejvil\miniconda3\envs\nspyre\Lib\site-packages\nspyre\gui\threadsafe.py", line 91, in _handle_error
2025-03-10 15:52:02.859 [CRITICAL] (          logging.py:  32)     raise err
2025-03-10 15:52:02.860 [CRITICAL] (          logging.py:  32)   File "C:\Users\ejvil\miniconda3\envs\nspyre\Lib\site-packages\nspyre\gui\threadsafe.py", line 171, in _run_safe
2025-03-10 15:52:02.861 [CRITICAL] (          logging.py:  32)     result = fun(*args, **kwargs)
2025-03-10 15:52:02.862 [CRITICAL] (          logging.py:  32)              ^^^^^^^^^^^^^^^^^^^^
2025-03-10 15:52:02.863 [CRITICAL] (          logging.py:  32)   File "C:\Users\ejvil\miniconda3\envs\nspyre\Lib\site-packages\nspyre\gui\widgets\flex_line_plot_3.py", line 373, in get_settings
2025-03-10 15:52:02.863 [CRITICAL] (          logging.py:  32)     settings = self.series_settings[name]
2025-03-10 15:52:02.864 [CRITICAL] (          logging.py:  32)                ~~~~~~~~~~~~~~~~~~~~^^^^^^
2025-03-10 15:52:02.864 [CRITICAL] (          logging.py:  32) KeyError: 'with pi pulse +y avg'
2025-03-10 15:52:02.865 [CRITICAL] (          logging.py:  32) Traceback (most recent call last):
2025-03-10 15:52:02.865 [CRITICAL] (          logging.py:  32)   File "C:\Users\ejvil\miniconda3\envs\nspyre\Lib\site-packages\nspyre\gui\threadsafe.py", line 91, in _handle_error
2025-03-10 15:52:02.866 [CRITICAL] (          logging.py:  32)     raise err
2025-03-10 15:52:02.866 [CRITICAL] (          logging.py:  32)   File "C:\Users\ejvil\miniconda3\envs\nspyre\Lib\site-packages\nspyre\gui\threadsafe.py", line 171, in _run_safe
2025-03-10 15:52:02.868 [CRITICAL] (          logging.py:  32)     result = fun(*args, **kwargs)
2025-03-10 15:52:02.868 [CRITICAL] (          logging.py:  32)              ^^^^^^^^^^^^^^^^^^^^
2025-03-10 15:52:02.869 [CRITICAL] (          logging.py:  32)   File "C:\Users\ejvil\miniconda3\envs\nspyre\Lib\site-packages\nspyre\gui\widgets\flex_line_plot_3.py", line 373, in get_settings
2025-03-10 15:52:02.869 [CRITICAL] (          logging.py:  32)     settings = self.series_settings[name]
2025-03-10 15:52:02.871 [CRITICAL] (          logging.py:  32)                ~~~~~~~~~~~~~~~~~~~~^^^^^^
2025-03-10 15:52:02.871 [CRITICAL] (          logging.py:  32) KeyError: 'with pi pulse +y latest'
2025-03-10 15:52:02.871 [CRITICAL] (          logging.py:  32) Traceback (most recent call last):
2025-03-10 15:52:02.871 [CRITICAL] (          logging.py:  32)   File "C:\Users\ejvil\miniconda3\envs\nspyre\Lib\site-packages\nspyre\gui\threadsafe.py", line 91, in _handle_error
2025-03-10 15:52:02.871 [CRITICAL] (          logging.py:  32)     raise err
2025-03-10 15:52:02.872 [CRITICAL] (          logging.py:  32)   File "C:\Users\ejvil\miniconda3\envs\nspyre\Lib\site-packages\nspyre\gui\threadsafe.py", line 171, in _run_safe
2025-03-10 15:52:02.872 [CRITICAL] (          logging.py:  32)     result = fun(*args, **kwargs)
2025-03-10 15:52:02.872 [CRITICAL] (          logging.py:  32)              ^^^^^^^^^^^^^^^^^^^^
2025-03-10 15:52:02.872 [CRITICAL] (          logging.py:  32)   File "C:\Users\ejvil\miniconda3\envs\nspyre\Lib\site-packages\nspyre\gui\widgets\flex_line_plot_3.py", line 373, in get_settings
2025-03-10 15:52:02.873 [CRITICAL] (          logging.py:  32)     settings = self.series_settings[name]
2025-03-10 15:52:02.873 [CRITICAL] (          logging.py:  32)                ~~~~~~~~~~~~~~~~~~~~^^^^^^
2025-03-10 15:52:02.873 [CRITICAL] (          logging.py:  32) KeyError: 'with pi pulse -y avg'
2025-03-10 15:52:02.873 [CRITICAL] (          logging.py:  32) Traceback (most recent call last):
2025-03-10 15:52:02.874 [CRITICAL] (          logging.py:  32)   File "C:\Users\ejvil\miniconda3\envs\nspyre\Lib\site-packages\nspyre\gui\threadsafe.py", line 91, in _handle_error
2025-03-10 15:52:02.874 [CRITICAL] (          logging.py:  32)     raise err
2025-03-10 15:52:02.874 [CRITICAL] (          logging.py:  32)   File "C:\Users\ejvil\miniconda3\envs\nspyre\Lib\site-packages\nspyre\gui\threadsafe.py", line 171, in _run_safe
2025-03-10 15:52:02.874 [CRITICAL] (          logging.py:  32)     result = fun(*args, **kwargs)
2025-03-10 15:52:02.875 [CRITICAL] (          logging.py:  32)              ^^^^^^^^^^^^^^^^^^^^
2025-03-10 15:52:02.875 [CRITICAL] (          logging.py:  32)   File "C:\Users\ejvil\miniconda3\envs\nspyre\Lib\site-packages\nspyre\gui\widgets\flex_line_plot_3.py", line 373, in get_settings
2025-03-10 15:52:02.875 [CRITICAL] (          logging.py:  32)     settings = self.series_settings[name]
2025-03-10 15:52:02.875 [CRITICAL] (          logging.py:  32)                ~~~~~~~~~~~~~~~~~~~~^^^^^^
2025-03-10 15:52:02.876 [CRITICAL] (          logging.py:  32) KeyError: 'with pi pulse -y latest'
2025-03-10 15:52:02.876 [CRITICAL] (          logging.py:  32) Traceback (most recent call last):
2025-03-10 15:52:02.876 [CRITICAL] (          logging.py:  32)   File "C:\Users\ejvil\miniconda3\envs\nspyre\Lib\site-packages\nspyre\gui\threadsafe.py", line 91, in _handle_error
2025-03-10 15:52:02.876 [CRITICAL] (          logging.py:  32)     raise err
2025-03-10 15:52:02.877 [CRITICAL] (          logging.py:  32)   File "C:\Users\ejvil\miniconda3\envs\nspyre\Lib\site-packages\nspyre\gui\threadsafe.py", line 171, in _run_safe
2025-03-10 15:52:02.877 [CRITICAL] (          logging.py:  32)     result = fun(*args, **kwargs)
2025-03-10 15:52:02.877 [CRITICAL] (          logging.py:  32)              ^^^^^^^^^^^^^^^^^^^^
2025-03-10 15:52:02.877 [CRITICAL] (          logging.py:  32)   File "C:\Users\ejvil\miniconda3\envs\nspyre\Lib\site-packages\nspyre\gui\widgets\flex_line_plot_3.py", line 373, in get_settings
2025-03-10 15:52:02.878 [CRITICAL] (          logging.py:  32)     settings = self.series_settings[name]
2025-03-10 15:52:02.878 [CRITICAL] (          logging.py:  32)                ~~~~~~~~~~~~~~~~~~~~^^^^^^
2025-03-10 15:52:02.878 [CRITICAL] (          logging.py:  32) KeyError: 'no pi pulse +y avg'
2025-03-10 15:52:02.878 [CRITICAL] (          logging.py:  32) Traceback (most recent call last):
2025-03-10 15:52:02.878 [CRITICAL] (          logging.py:  32)   File "C:\Users\ejvil\miniconda3\envs\nspyre\Lib\site-packages\nspyre\gui\threadsafe.py", line 91, in _handle_error
2025-03-10 15:52:02.879 [CRITICAL] (          logging.py:  32)     raise err
2025-03-10 15:52:02.879 [CRITICAL] (          logging.py:  32)   File "C:\Users\ejvil\miniconda3\envs\nspyre\Lib\site-packages\nspyre\gui\threadsafe.py", line 171, in _run_safe
2025-03-10 15:52:02.880 [CRITICAL] (          logging.py:  32)     result = fun(*args, **kwargs)
2025-03-10 15:52:02.880 [CRITICAL] (          logging.py:  32)              ^^^^^^^^^^^^^^^^^^^^
2025-03-10 15:52:02.880 [CRITICAL] (          logging.py:  32)   File "C:\Users\ejvil\miniconda3\envs\nspyre\Lib\site-packages\nspyre\gui\widgets\flex_line_plot_3.py", line 373, in get_settings
2025-03-10 15:52:02.880 [CRITICAL] (          logging.py:  32)     settings = self.series_settings[name]
2025-03-10 15:52:02.881 [CRITICAL] (          logging.py:  32)                ~~~~~~~~~~~~~~~~~~~~^^^^^^
2025-03-10 15:52:02.881 [CRITICAL] (          logging.py:  32) KeyError: 'no pi pulse +y latest'
2025-03-10 15:52:02.881 [CRITICAL] (          logging.py:  32) Traceback (most recent call last):
2025-03-10 15:52:02.881 [CRITICAL] (          logging.py:  32)   File "C:\Users\ejvil\miniconda3\envs\nspyre\Lib\site-packages\nspyre\gui\threadsafe.py", line 91, in _handle_error
2025-03-10 15:52:02.881 [CRITICAL] (          logging.py:  32)     raise err
2025-03-10 15:52:02.882 [CRITICAL] (          logging.py:  32)   File "C:\Users\ejvil\miniconda3\envs\nspyre\Lib\site-packages\nspyre\gui\threadsafe.py", line 171, in _run_safe
2025-03-10 15:52:02.882 [CRITICAL] (          logging.py:  32)     result = fun(*args, **kwargs)
2025-03-10 15:52:02.882 [CRITICAL] (          logging.py:  32)              ^^^^^^^^^^^^^^^^^^^^
2025-03-10 15:52:02.882 [CRITICAL] (          logging.py:  32)   File "C:\Users\ejvil\miniconda3\envs\nspyre\Lib\site-packages\nspyre\gui\widgets\flex_line_plot_3.py", line 373, in get_settings
2025-03-10 15:52:02.883 [CRITICAL] (          logging.py:  32)     settings = self.series_settings[name]
2025-03-10 15:52:02.883 [CRITICAL] (          logging.py:  32)                ~~~~~~~~~~~~~~~~~~~~^^^^^^
2025-03-10 15:52:02.884 [CRITICAL] (          logging.py:  32) KeyError: 'no pi pulse -y avg'
2025-03-10 15:52:02.884 [CRITICAL] (          logging.py:  32) Traceback (most recent call last):
2025-03-10 15:52:02.884 [CRITICAL] (          logging.py:  32)   File "C:\Users\ejvil\miniconda3\envs\nspyre\Lib\site-packages\nspyre\gui\threadsafe.py", line 91, in _handle_error
2025-03-10 15:52:02.885 [CRITICAL] (          logging.py:  32)     raise err
2025-03-10 15:52:02.885 [CRITICAL] (          logging.py:  32)   File "C:\Users\ejvil\miniconda3\envs\nspyre\Lib\site-packages\nspyre\gui\threadsafe.py", line 171, in _run_safe
2025-03-10 15:52:02.885 [CRITICAL] (          logging.py:  32)     result = fun(*args, **kwargs)
2025-03-10 15:52:02.885 [CRITICAL] (          logging.py:  32)              ^^^^^^^^^^^^^^^^^^^^
2025-03-10 15:52:02.885 [CRITICAL] (          logging.py:  32)   File "C:\Users\ejvil\miniconda3\envs\nspyre\Lib\site-packages\nspyre\gui\widgets\flex_line_plot_3.py", line 373, in get_settings
2025-03-10 15:52:02.886 [CRITICAL] (          logging.py:  32)     settings = self.series_settings[name]
2025-03-10 15:52:02.886 [CRITICAL] (          logging.py:  32)                ~~~~~~~~~~~~~~~~~~~~^^^^^^
2025-03-10 15:52:02.886 [CRITICAL] (          logging.py:  32) KeyError: 'no pi pulse -y latest'
2025-03-10 15:52:20.023 [    INFO] (             sink.py: 137) Sink connected to data server [('127.0.0.1', 30101)].
2025-03-10 16:09:03.263 [   ERROR] (      base_events.py:1771) Task exception was never retrieved
future: <Task finished name='Task-67768' coro=<DataSink._main() done, defined at C:\Users\ejvil\miniconda3\envs\nspyre\Lib\site-packages\nspyre\data\sink.py:109> exception=RuntimeError('Maximum diff size exceeded. This is a consequence of memory build-up due to the sink not being able to keep up with the data rate. Reduce the data rate or increase the client processing throughput.') created at C:\Users\ejvil\miniconda3\envs\nspyre\Lib\asyncio\tasks.py:374>
source_traceback: Object created at (most recent call last):
  File "C:\Users\ejvil\miniconda3\envs\nspyre\Lib\threading.py", line 995, in _bootstrap
    self._bootstrap_inner()
  File "C:\Users\ejvil\miniconda3\envs\nspyre\Lib\threading.py", line 1038, in _bootstrap_inner
    self.run()
  File "C:\Users\ejvil\miniconda3\envs\nspyre\Lib\threading.py", line 975, in run
    self._target(*self._args, **self._kwargs)
  File "C:\Users\ejvil\miniconda3\envs\nspyre\Lib\site-packages\nspyre\data\_asyncio_worker.py", line 86, in _event_loop_thread
    self._event_loop.run_forever()
  File "C:\Users\ejvil\miniconda3\envs\nspyre\Lib\asyncio\base_events.py", line 607, in run_forever
    self._run_once()
  File "C:\Users\ejvil\miniconda3\envs\nspyre\Lib\asyncio\base_events.py", line 1914, in _run_once
    handle._run()
  File "C:\Users\ejvil\miniconda3\envs\nspyre\Lib\asyncio\events.py", line 80, in _run
    self._context.run(self._callback, *self._args)
  File "C:\Users\ejvil\miniconda3\envs\nspyre\Lib\site-packages\nspyre\data\_asyncio_worker.py", line 93, in _main_helper
    asyncio.create_task(self._main())
  File "C:\Users\ejvil\miniconda3\envs\nspyre\Lib\asyncio\tasks.py", line 374, in create_task
    task = loop.create_task(coro)
Traceback (most recent call last):
  File "C:\Users\ejvil\miniconda3\envs\nspyre\Lib\site-packages\nspyre\data\sink.py", line 210, in _main
    self._queue.put_nowait(pickle_diff)
  File "C:\Users\ejvil\miniconda3\envs\nspyre\Lib\asyncio\queues.py", line 143, in put_nowait
    raise QueueFull
asyncio.queues.QueueFull

The above exception was the direct cause of the following exception:

Traceback (most recent call last):
  File "C:\Users\ejvil\miniconda3\envs\nspyre\Lib\site-packages\nspyre\data\sink.py", line 219, in _main
    raise RuntimeError(
RuntimeError: Maximum diff size exceeded. This is a consequence of memory build-up due to the sink not being able to keep up with the data rate. Reduce the data rate or increase the client processing throughput.
2025-03-10 16:46:17.212 [    INFO] (             sink.py: 137) Sink connected to data server [('127.0.0.1', 30101)].
2025-03-10 16:46:17.283 [CRITICAL] (          logging.py:  32) Traceback (most recent call last):
2025-03-10 16:46:17.283 [CRITICAL] (          logging.py:  32)   File "C:\Users\ejvil\miniconda3\envs\nspyre\Lib\site-packages\nspyre\gui\threadsafe.py", line 91, in _handle_error
2025-03-10 16:46:17.283 [CRITICAL] (          logging.py:  32)     raise err
2025-03-10 16:46:17.283 [CRITICAL] (          logging.py:  32)   File "C:\Users\ejvil\miniconda3\envs\nspyre\Lib\site-packages\nspyre\gui\threadsafe.py", line 171, in _run_safe
2025-03-10 16:46:17.283 [CRITICAL] (          logging.py:  32)     result = fun(*args, **kwargs)
2025-03-10 16:46:17.283 [CRITICAL] (          logging.py:  32)              ^^^^^^^^^^^^^^^^^^^^
2025-03-10 16:46:17.283 [CRITICAL] (          logging.py:  32)   File "C:\Users\ejvil\miniconda3\envs\nspyre\Lib\site-packages\nspyre\gui\widgets\flex_line_plot_3.py", line 373, in get_settings
2025-03-10 16:46:17.283 [CRITICAL] (          logging.py:  32)     settings = self.series_settings[name]
2025-03-10 16:46:17.283 [CRITICAL] (          logging.py:  32)                ~~~~~~~~~~~~~~~~~~~~^^^^^^
2025-03-10 16:46:17.283 [CRITICAL] (          logging.py:  32) KeyError: 'diff -y surface T1 decay'
2025-03-10 16:46:17.294 [CRITICAL] (          logging.py:  32) Traceback (most recent call last):
2025-03-10 16:46:17.294 [CRITICAL] (          logging.py:  32)   File "C:\Users\ejvil\miniconda3\envs\nspyre\Lib\site-packages\nspyre\gui\threadsafe.py", line 91, in _handle_error
2025-03-10 16:46:17.294 [CRITICAL] (          logging.py:  32)     raise err
2025-03-10 16:46:17.294 [CRITICAL] (          logging.py:  32)   File "C:\Users\ejvil\miniconda3\envs\nspyre\Lib\site-packages\nspyre\gui\threadsafe.py", line 171, in _run_safe
2025-03-10 16:46:17.294 [CRITICAL] (          logging.py:  32)     result = fun(*args, **kwargs)
2025-03-10 16:46:17.294 [CRITICAL] (          logging.py:  32)              ^^^^^^^^^^^^^^^^^^^^
2025-03-10 16:46:17.294 [CRITICAL] (          logging.py:  32)   File "C:\Users\ejvil\miniconda3\envs\nspyre\Lib\site-packages\nspyre\gui\widgets\flex_line_plot_3.py", line 373, in get_settings
2025-03-10 16:46:17.294 [CRITICAL] (          logging.py:  32)     settings = self.series_settings[name]
2025-03-10 16:46:17.294 [CRITICAL] (          logging.py:  32)                ~~~~~~~~~~~~~~~~~~~~^^^^^^
2025-03-10 16:46:17.294 [CRITICAL] (          logging.py:  32) KeyError: 'diff overall surface T1 decay'
2025-03-10 16:46:17.294 [CRITICAL] (          logging.py:  32) Traceback (most recent call last):
2025-03-10 16:46:17.294 [CRITICAL] (          logging.py:  32)   File "C:\Users\ejvil\miniconda3\envs\nspyre\Lib\site-packages\nspyre\gui\threadsafe.py", line 91, in _handle_error
2025-03-10 16:46:17.294 [CRITICAL] (          logging.py:  32)     raise err
2025-03-10 16:46:17.304 [CRITICAL] (          logging.py:  32)   File "C:\Users\ejvil\miniconda3\envs\nspyre\Lib\site-packages\nspyre\gui\threadsafe.py", line 171, in _run_safe
2025-03-10 16:46:17.304 [CRITICAL] (          logging.py:  32)     result = fun(*args, **kwargs)
2025-03-10 16:46:17.304 [CRITICAL] (          logging.py:  32)              ^^^^^^^^^^^^^^^^^^^^
2025-03-10 16:46:17.304 [CRITICAL] (          logging.py:  32)   File "C:\Users\ejvil\miniconda3\envs\nspyre\Lib\site-packages\nspyre\gui\widgets\flex_line_plot_3.py", line 373, in get_settings
2025-03-10 16:46:17.304 [CRITICAL] (          logging.py:  32)     settings = self.series_settings[name]
2025-03-10 16:46:17.304 [CRITICAL] (          logging.py:  32)                ~~~~~~~~~~~~~~~~~~~~^^^^^^
2025-03-10 16:46:17.304 [CRITICAL] (          logging.py:  32) KeyError: 'diff nuclear oscillation with pi pulse'
2025-03-10 16:46:17.304 [CRITICAL] (          logging.py:  32) Traceback (most recent call last):
2025-03-10 16:46:17.304 [CRITICAL] (          logging.py:  32)   File "C:\Users\ejvil\miniconda3\envs\nspyre\Lib\site-packages\nspyre\gui\threadsafe.py", line 91, in _handle_error
2025-03-10 16:46:17.304 [CRITICAL] (          logging.py:  32)     raise err
2025-03-10 16:46:17.304 [CRITICAL] (          logging.py:  32)   File "C:\Users\ejvil\miniconda3\envs\nspyre\Lib\site-packages\nspyre\gui\threadsafe.py", line 171, in _run_safe
2025-03-10 16:46:17.304 [CRITICAL] (          logging.py:  32)     result = fun(*args, **kwargs)
2025-03-10 16:46:17.304 [CRITICAL] (          logging.py:  32)              ^^^^^^^^^^^^^^^^^^^^
2025-03-10 16:46:17.304 [CRITICAL] (          logging.py:  32)   File "C:\Users\ejvil\miniconda3\envs\nspyre\Lib\site-packages\nspyre\gui\widgets\flex_line_plot_3.py", line 373, in get_settings
2025-03-10 16:46:17.304 [CRITICAL] (          logging.py:  32)     settings = self.series_settings[name]
2025-03-10 16:46:17.304 [CRITICAL] (          logging.py:  32)                ~~~~~~~~~~~~~~~~~~~~^^^^^^
2025-03-10 16:46:17.304 [CRITICAL] (          logging.py:  32) KeyError: 'diff nuclear oscillation no pi pulse'
2025-03-10 16:46:17.304 [CRITICAL] (          logging.py:  32) Traceback (most recent call last):
2025-03-10 16:46:17.304 [CRITICAL] (          logging.py:  32)   File "C:\Users\ejvil\miniconda3\envs\nspyre\Lib\site-packages\nspyre\gui\threadsafe.py", line 91, in _handle_error
2025-03-10 16:46:17.304 [CRITICAL] (          logging.py:  32)     raise err
2025-03-10 16:46:17.304 [CRITICAL] (          logging.py:  32)   File "C:\Users\ejvil\miniconda3\envs\nspyre\Lib\site-packages\nspyre\gui\threadsafe.py", line 171, in _run_safe
2025-03-10 16:46:17.304 [CRITICAL] (          logging.py:  32)     result = fun(*args, **kwargs)
2025-03-10 16:46:17.304 [CRITICAL] (          logging.py:  32)              ^^^^^^^^^^^^^^^^^^^^
2025-03-10 16:46:17.304 [CRITICAL] (          logging.py:  32)   File "C:\Users\ejvil\miniconda3\envs\nspyre\Lib\site-packages\nspyre\gui\widgets\flex_line_plot_3.py", line 373, in get_settings
2025-03-10 16:46:17.314 [CRITICAL] (          logging.py:  32)     settings = self.series_settings[name]
2025-03-10 16:46:17.314 [CRITICAL] (          logging.py:  32)                ~~~~~~~~~~~~~~~~~~~~^^^^^^
2025-03-10 16:46:17.314 [CRITICAL] (          logging.py:  32) KeyError: 'sum pure nuclear oscillation'
2025-03-10 16:46:17.314 [CRITICAL] (          logging.py:  32) Traceback (most recent call last):
2025-03-10 16:46:17.314 [CRITICAL] (          logging.py:  32)   File "C:\Users\ejvil\miniconda3\envs\nspyre\Lib\site-packages\nspyre\gui\threadsafe.py", line 91, in _handle_error
2025-03-10 16:46:17.314 [CRITICAL] (          logging.py:  32)     raise err
2025-03-10 16:46:17.314 [CRITICAL] (          logging.py:  32)   File "C:\Users\ejvil\miniconda3\envs\nspyre\Lib\site-packages\nspyre\gui\threadsafe.py", line 171, in _run_safe
2025-03-10 16:46:17.314 [CRITICAL] (          logging.py:  32)     result = fun(*args, **kwargs)
2025-03-10 16:46:17.314 [CRITICAL] (          logging.py:  32)              ^^^^^^^^^^^^^^^^^^^^
2025-03-10 16:46:17.314 [CRITICAL] (          logging.py:  32)   File "C:\Users\ejvil\miniconda3\envs\nspyre\Lib\site-packages\nspyre\gui\widgets\flex_line_plot_3.py", line 373, in get_settings
2025-03-10 16:46:17.314 [CRITICAL] (          logging.py:  32)     settings = self.series_settings[name]
2025-03-10 16:46:17.314 [CRITICAL] (          logging.py:  32)                ~~~~~~~~~~~~~~~~~~~~^^^^^^
2025-03-10 16:46:17.314 [CRITICAL] (          logging.py:  32) KeyError: 'with pi pulse +y avg'
2025-03-10 16:46:17.314 [CRITICAL] (          logging.py:  32) Traceback (most recent call last):
2025-03-10 16:46:17.314 [CRITICAL] (          logging.py:  32)   File "C:\Users\ejvil\miniconda3\envs\nspyre\Lib\site-packages\nspyre\gui\threadsafe.py", line 91, in _handle_error
2025-03-10 16:46:17.314 [CRITICAL] (          logging.py:  32)     raise err
2025-03-10 16:46:17.314 [CRITICAL] (          logging.py:  32)   File "C:\Users\ejvil\miniconda3\envs\nspyre\Lib\site-packages\nspyre\gui\threadsafe.py", line 171, in _run_safe
2025-03-10 16:46:17.314 [CRITICAL] (          logging.py:  32)     result = fun(*args, **kwargs)
2025-03-10 16:46:17.314 [CRITICAL] (          logging.py:  32)              ^^^^^^^^^^^^^^^^^^^^
2025-03-10 16:46:17.314 [CRITICAL] (          logging.py:  32)   File "C:\Users\ejvil\miniconda3\envs\nspyre\Lib\site-packages\nspyre\gui\widgets\flex_line_plot_3.py", line 373, in get_settings
2025-03-10 16:46:17.314 [CRITICAL] (          logging.py:  32)     settings = self.series_settings[name]
2025-03-10 16:46:17.314 [CRITICAL] (          logging.py:  32)                ~~~~~~~~~~~~~~~~~~~~^^^^^^
2025-03-10 16:46:17.314 [CRITICAL] (          logging.py:  32) KeyError: 'with pi pulse +y latest'
2025-03-10 16:46:17.314 [CRITICAL] (          logging.py:  32) Traceback (most recent call last):
2025-03-10 16:46:17.314 [CRITICAL] (          logging.py:  32)   File "C:\Users\ejvil\miniconda3\envs\nspyre\Lib\site-packages\nspyre\gui\threadsafe.py", line 91, in _handle_error
2025-03-10 16:46:17.314 [CRITICAL] (          logging.py:  32)     raise err
2025-03-10 16:46:17.314 [CRITICAL] (          logging.py:  32)   File "C:\Users\ejvil\miniconda3\envs\nspyre\Lib\site-packages\nspyre\gui\threadsafe.py", line 171, in _run_safe
2025-03-10 16:46:17.314 [CRITICAL] (          logging.py:  32)     result = fun(*args, **kwargs)
2025-03-10 16:46:17.314 [CRITICAL] (          logging.py:  32)              ^^^^^^^^^^^^^^^^^^^^
2025-03-10 16:46:17.314 [CRITICAL] (          logging.py:  32)   File "C:\Users\ejvil\miniconda3\envs\nspyre\Lib\site-packages\nspyre\gui\widgets\flex_line_plot_3.py", line 373, in get_settings
2025-03-10 16:46:17.314 [CRITICAL] (          logging.py:  32)     settings = self.series_settings[name]
2025-03-10 16:46:17.314 [CRITICAL] (          logging.py:  32)                ~~~~~~~~~~~~~~~~~~~~^^^^^^
2025-03-10 16:46:17.314 [CRITICAL] (          logging.py:  32) KeyError: 'with pi pulse -y avg'
2025-03-10 16:46:17.314 [CRITICAL] (          logging.py:  32) Traceback (most recent call last):
2025-03-10 16:46:17.314 [CRITICAL] (          logging.py:  32)   File "C:\Users\ejvil\miniconda3\envs\nspyre\Lib\site-packages\nspyre\gui\threadsafe.py", line 91, in _handle_error
2025-03-10 16:46:17.314 [CRITICAL] (          logging.py:  32)     raise err
2025-03-10 16:46:17.314 [CRITICAL] (          logging.py:  32)   File "C:\Users\ejvil\miniconda3\envs\nspyre\Lib\site-packages\nspyre\gui\threadsafe.py", line 171, in _run_safe
2025-03-10 16:46:17.314 [CRITICAL] (          logging.py:  32)     result = fun(*args, **kwargs)
2025-03-10 16:46:17.314 [CRITICAL] (          logging.py:  32)              ^^^^^^^^^^^^^^^^^^^^
2025-03-10 16:46:17.314 [CRITICAL] (          logging.py:  32)   File "C:\Users\ejvil\miniconda3\envs\nspyre\Lib\site-packages\nspyre\gui\widgets\flex_line_plot_3.py", line 373, in get_settings
2025-03-10 16:46:17.314 [CRITICAL] (          logging.py:  32)     settings = self.series_settings[name]
2025-03-10 16:46:17.314 [CRITICAL] (          logging.py:  32)                ~~~~~~~~~~~~~~~~~~~~^^^^^^
2025-03-10 16:46:17.314 [CRITICAL] (          logging.py:  32) KeyError: 'with pi pulse -y latest'
2025-03-10 16:46:17.324 [CRITICAL] (          logging.py:  32) Traceback (most recent call last):
2025-03-10 16:46:17.324 [CRITICAL] (          logging.py:  32)   File "C:\Users\ejvil\miniconda3\envs\nspyre\Lib\site-packages\nspyre\gui\threadsafe.py", line 91, in _handle_error
2025-03-10 16:46:17.324 [CRITICAL] (          logging.py:  32)     raise err
2025-03-10 16:46:17.324 [CRITICAL] (          logging.py:  32)   File "C:\Users\ejvil\miniconda3\envs\nspyre\Lib\site-packages\nspyre\gui\threadsafe.py", line 171, in _run_safe
2025-03-10 16:46:17.324 [CRITICAL] (          logging.py:  32)     result = fun(*args, **kwargs)
2025-03-10 16:46:17.324 [CRITICAL] (          logging.py:  32)              ^^^^^^^^^^^^^^^^^^^^
2025-03-10 16:46:17.324 [CRITICAL] (          logging.py:  32)   File "C:\Users\ejvil\miniconda3\envs\nspyre\Lib\site-packages\nspyre\gui\widgets\flex_line_plot_3.py", line 373, in get_settings
2025-03-10 16:46:17.324 [CRITICAL] (          logging.py:  32)     settings = self.series_settings[name]
2025-03-10 16:46:17.324 [CRITICAL] (          logging.py:  32)                ~~~~~~~~~~~~~~~~~~~~^^^^^^
2025-03-10 16:46:17.324 [CRITICAL] (          logging.py:  32) KeyError: 'no pi pulse +y avg'
2025-03-10 16:46:17.324 [CRITICAL] (          logging.py:  32) Traceback (most recent call last):
2025-03-10 16:46:17.324 [CRITICAL] (          logging.py:  32)   File "C:\Users\ejvil\miniconda3\envs\nspyre\Lib\site-packages\nspyre\gui\threadsafe.py", line 91, in _handle_error
2025-03-10 16:46:17.324 [CRITICAL] (          logging.py:  32)     raise err
2025-03-10 16:46:17.324 [CRITICAL] (          logging.py:  32)   File "C:\Users\ejvil\miniconda3\envs\nspyre\Lib\site-packages\nspyre\gui\threadsafe.py", line 171, in _run_safe
2025-03-10 16:46:17.324 [CRITICAL] (          logging.py:  32)     result = fun(*args, **kwargs)
2025-03-10 16:46:17.324 [CRITICAL] (          logging.py:  32)              ^^^^^^^^^^^^^^^^^^^^
2025-03-10 16:46:17.324 [CRITICAL] (          logging.py:  32)   File "C:\Users\ejvil\miniconda3\envs\nspyre\Lib\site-packages\nspyre\gui\widgets\flex_line_plot_3.py", line 373, in get_settings
2025-03-10 16:46:17.324 [CRITICAL] (          logging.py:  32)     settings = self.series_settings[name]
2025-03-10 16:46:17.324 [CRITICAL] (          logging.py:  32)                ~~~~~~~~~~~~~~~~~~~~^^^^^^
2025-03-10 16:46:17.324 [CRITICAL] (          logging.py:  32) KeyError: 'no pi pulse +y latest'
2025-03-10 16:46:17.324 [CRITICAL] (          logging.py:  32) Traceback (most recent call last):
2025-03-10 16:46:17.324 [CRITICAL] (          logging.py:  32)   File "C:\Users\ejvil\miniconda3\envs\nspyre\Lib\site-packages\nspyre\gui\threadsafe.py", line 91, in _handle_error
2025-03-10 16:46:17.324 [CRITICAL] (          logging.py:  32)     raise err
2025-03-10 16:46:17.324 [CRITICAL] (          logging.py:  32)   File "C:\Users\ejvil\miniconda3\envs\nspyre\Lib\site-packages\nspyre\gui\threadsafe.py", line 171, in _run_safe
2025-03-10 16:46:17.324 [CRITICAL] (          logging.py:  32)     result = fun(*args, **kwargs)
2025-03-10 16:46:17.324 [CRITICAL] (          logging.py:  32)              ^^^^^^^^^^^^^^^^^^^^
2025-03-10 16:46:17.324 [CRITICAL] (          logging.py:  32)   File "C:\Users\ejvil\miniconda3\envs\nspyre\Lib\site-packages\nspyre\gui\widgets\flex_line_plot_3.py", line 373, in get_settings
2025-03-10 16:46:17.324 [CRITICAL] (          logging.py:  32)     settings = self.series_settings[name]
2025-03-10 16:46:17.324 [CRITICAL] (          logging.py:  32)                ~~~~~~~~~~~~~~~~~~~~^^^^^^
2025-03-10 16:46:17.324 [CRITICAL] (          logging.py:  32) KeyError: 'no pi pulse -y avg'
2025-03-10 16:46:17.324 [CRITICAL] (          logging.py:  32) Traceback (most recent call last):
2025-03-10 16:46:17.324 [CRITICAL] (          logging.py:  32)   File "C:\Users\ejvil\miniconda3\envs\nspyre\Lib\site-packages\nspyre\gui\threadsafe.py", line 91, in _handle_error
2025-03-10 16:46:17.324 [CRITICAL] (          logging.py:  32)     raise err
2025-03-10 16:46:17.324 [CRITICAL] (          logging.py:  32)   File "C:\Users\ejvil\miniconda3\envs\nspyre\Lib\site-packages\nspyre\gui\threadsafe.py", line 171, in _run_safe
2025-03-10 16:46:17.324 [CRITICAL] (          logging.py:  32)     result = fun(*args, **kwargs)
2025-03-10 16:46:17.324 [CRITICAL] (          logging.py:  32)              ^^^^^^^^^^^^^^^^^^^^
2025-03-10 16:46:17.324 [CRITICAL] (          logging.py:  32)   File "C:\Users\ejvil\miniconda3\envs\nspyre\Lib\site-packages\nspyre\gui\widgets\flex_line_plot_3.py", line 373, in get_settings
2025-03-10 16:46:17.324 [CRITICAL] (          logging.py:  32)     settings = self.series_settings[name]
2025-03-10 16:46:17.324 [CRITICAL] (          logging.py:  32)                ~~~~~~~~~~~~~~~~~~~~^^^^^^
2025-03-10 16:46:17.324 [CRITICAL] (          logging.py:  32) KeyError: 'no pi pulse -y latest'
2025-03-10 16:46:45.421 [    INFO] (             sink.py: 137) Sink connected to data server [('127.0.0.1', 30101)].
2025-03-10 16:46:59.909 [    INFO] (             sink.py: 137) Sink connected to data server [('127.0.0.1', 30101)].
2025-03-10 16:54:26.921 [    INFO] (             sink.py: 137) Sink connected to data server [('127.0.0.1', 30101)].
2025-03-10 16:54:27.043 [CRITICAL] (          logging.py:  32) Traceback (most recent call last):
2025-03-10 16:54:27.043 [CRITICAL] (          logging.py:  32)   File "C:\Users\ejvil\miniconda3\envs\nspyre\Lib\site-packages\nspyre\gui\threadsafe.py", line 91, in _handle_error
2025-03-10 16:54:27.043 [CRITICAL] (          logging.py:  32)     raise err
2025-03-10 16:54:27.043 [CRITICAL] (          logging.py:  32)   File "C:\Users\ejvil\miniconda3\envs\nspyre\Lib\site-packages\nspyre\gui\threadsafe.py", line 171, in _run_safe
2025-03-10 16:54:27.043 [CRITICAL] (          logging.py:  32)     result = fun(*args, **kwargs)
2025-03-10 16:54:27.054 [CRITICAL] (          logging.py:  32)              ^^^^^^^^^^^^^^^^^^^^
2025-03-10 16:54:27.054 [CRITICAL] (          logging.py:  32)   File "C:\Users\ejvil\miniconda3\envs\nspyre\Lib\site-packages\nspyre\gui\widgets\flex_line_plot_3.py", line 373, in get_settings
2025-03-10 16:54:27.054 [CRITICAL] (          logging.py:  32)     settings = self.series_settings[name]
2025-03-10 16:54:27.054 [CRITICAL] (          logging.py:  32)                ~~~~~~~~~~~~~~~~~~~~^^^^^^
2025-03-10 16:54:27.054 [CRITICAL] (          logging.py:  32) KeyError: 'diff -y surface T1 decay'
2025-03-10 16:54:27.057 [CRITICAL] (          logging.py:  32) Traceback (most recent call last):
2025-03-10 16:54:27.057 [CRITICAL] (          logging.py:  32)   File "C:\Users\ejvil\miniconda3\envs\nspyre\Lib\site-packages\nspyre\gui\threadsafe.py", line 91, in _handle_error
2025-03-10 16:54:27.057 [CRITICAL] (          logging.py:  32)     raise err
2025-03-10 16:54:27.057 [CRITICAL] (          logging.py:  32)   File "C:\Users\ejvil\miniconda3\envs\nspyre\Lib\site-packages\nspyre\gui\threadsafe.py", line 171, in _run_safe
2025-03-10 16:54:27.057 [CRITICAL] (          logging.py:  32)     result = fun(*args, **kwargs)
2025-03-10 16:54:27.057 [CRITICAL] (          logging.py:  32)              ^^^^^^^^^^^^^^^^^^^^
2025-03-10 16:54:27.057 [CRITICAL] (          logging.py:  32)   File "C:\Users\ejvil\miniconda3\envs\nspyre\Lib\site-packages\nspyre\gui\widgets\flex_line_plot_3.py", line 373, in get_settings
2025-03-10 16:54:27.057 [CRITICAL] (          logging.py:  32)     settings = self.series_settings[name]
2025-03-10 16:54:27.064 [CRITICAL] (          logging.py:  32)                ~~~~~~~~~~~~~~~~~~~~^^^^^^
2025-03-10 16:54:27.064 [CRITICAL] (          logging.py:  32) KeyError: 'diff overall surface T1 decay'
2025-03-10 16:54:27.064 [CRITICAL] (          logging.py:  32) Traceback (most recent call last):
2025-03-10 16:54:27.064 [CRITICAL] (          logging.py:  32)   File "C:\Users\ejvil\miniconda3\envs\nspyre\Lib\site-packages\nspyre\gui\threadsafe.py", line 91, in _handle_error
2025-03-10 16:54:27.064 [CRITICAL] (          logging.py:  32)     raise err
2025-03-10 16:54:27.064 [CRITICAL] (          logging.py:  32)   File "C:\Users\ejvil\miniconda3\envs\nspyre\Lib\site-packages\nspyre\gui\threadsafe.py", line 171, in _run_safe
2025-03-10 16:54:27.064 [CRITICAL] (          logging.py:  32)     result = fun(*args, **kwargs)
2025-03-10 16:54:27.064 [CRITICAL] (          logging.py:  32)              ^^^^^^^^^^^^^^^^^^^^
2025-03-10 16:54:27.064 [CRITICAL] (          logging.py:  32)   File "C:\Users\ejvil\miniconda3\envs\nspyre\Lib\site-packages\nspyre\gui\widgets\flex_line_plot_3.py", line 373, in get_settings
2025-03-10 16:54:27.064 [CRITICAL] (          logging.py:  32)     settings = self.series_settings[name]
2025-03-10 16:54:27.064 [CRITICAL] (          logging.py:  32)                ~~~~~~~~~~~~~~~~~~~~^^^^^^
2025-03-10 16:54:27.064 [CRITICAL] (          logging.py:  32) KeyError: 'diff nuclear oscillation with pi pulse'
2025-03-10 16:54:27.074 [CRITICAL] (          logging.py:  32) Traceback (most recent call last):
2025-03-10 16:54:27.074 [CRITICAL] (          logging.py:  32)   File "C:\Users\ejvil\miniconda3\envs\nspyre\Lib\site-packages\nspyre\gui\threadsafe.py", line 91, in _handle_error
2025-03-10 16:54:27.074 [CRITICAL] (          logging.py:  32)     raise err
2025-03-10 16:54:27.074 [CRITICAL] (          logging.py:  32)   File "C:\Users\ejvil\miniconda3\envs\nspyre\Lib\site-packages\nspyre\gui\threadsafe.py", line 171, in _run_safe
2025-03-10 16:54:27.074 [CRITICAL] (          logging.py:  32)     result = fun(*args, **kwargs)
2025-03-10 16:54:27.074 [CRITICAL] (          logging.py:  32)              ^^^^^^^^^^^^^^^^^^^^
2025-03-10 16:54:27.074 [CRITICAL] (          logging.py:  32)   File "C:\Users\ejvil\miniconda3\envs\nspyre\Lib\site-packages\nspyre\gui\widgets\flex_line_plot_3.py", line 373, in get_settings
2025-03-10 16:54:27.074 [CRITICAL] (          logging.py:  32)     settings = self.series_settings[name]
2025-03-10 16:54:27.074 [CRITICAL] (          logging.py:  32)                ~~~~~~~~~~~~~~~~~~~~^^^^^^
2025-03-10 16:54:27.074 [CRITICAL] (          logging.py:  32) KeyError: 'diff nuclear oscillation no pi pulse'
2025-03-10 16:54:27.074 [CRITICAL] (          logging.py:  32) Traceback (most recent call last):
2025-03-10 16:54:27.074 [CRITICAL] (          logging.py:  32)   File "C:\Users\ejvil\miniconda3\envs\nspyre\Lib\site-packages\nspyre\gui\threadsafe.py", line 91, in _handle_error
2025-03-10 16:54:27.084 [CRITICAL] (          logging.py:  32)     raise err
2025-03-10 16:54:27.084 [CRITICAL] (          logging.py:  32)   File "C:\Users\ejvil\miniconda3\envs\nspyre\Lib\site-packages\nspyre\gui\threadsafe.py", line 171, in _run_safe
2025-03-10 16:54:27.084 [CRITICAL] (          logging.py:  32)     result = fun(*args, **kwargs)
2025-03-10 16:54:27.084 [CRITICAL] (          logging.py:  32)              ^^^^^^^^^^^^^^^^^^^^
2025-03-10 16:54:27.084 [CRITICAL] (          logging.py:  32)   File "C:\Users\ejvil\miniconda3\envs\nspyre\Lib\site-packages\nspyre\gui\widgets\flex_line_plot_3.py", line 373, in get_settings
2025-03-10 16:54:27.084 [CRITICAL] (          logging.py:  32)     settings = self.series_settings[name]
2025-03-10 16:54:27.084 [CRITICAL] (          logging.py:  32)                ~~~~~~~~~~~~~~~~~~~~^^^^^^
2025-03-10 16:54:27.084 [CRITICAL] (          logging.py:  32) KeyError: 'sum pure nuclear oscillation'
2025-03-10 16:54:27.084 [CRITICAL] (          logging.py:  32) Traceback (most recent call last):
2025-03-10 16:54:27.091 [CRITICAL] (          logging.py:  32)   File "C:\Users\ejvil\miniconda3\envs\nspyre\Lib\site-packages\nspyre\gui\threadsafe.py", line 91, in _handle_error
2025-03-10 16:54:27.093 [CRITICAL] (          logging.py:  32)     raise err
2025-03-10 16:54:27.093 [CRITICAL] (          logging.py:  32)   File "C:\Users\ejvil\miniconda3\envs\nspyre\Lib\site-packages\nspyre\gui\threadsafe.py", line 171, in _run_safe
2025-03-10 16:54:27.093 [CRITICAL] (          logging.py:  32)     result = fun(*args, **kwargs)
2025-03-10 16:54:27.093 [CRITICAL] (          logging.py:  32)              ^^^^^^^^^^^^^^^^^^^^
2025-03-10 16:54:27.093 [CRITICAL] (          logging.py:  32)   File "C:\Users\ejvil\miniconda3\envs\nspyre\Lib\site-packages\nspyre\gui\widgets\flex_line_plot_3.py", line 373, in get_settings
2025-03-10 16:54:27.095 [CRITICAL] (          logging.py:  32)     settings = self.series_settings[name]
2025-03-10 16:54:27.095 [CRITICAL] (          logging.py:  32)                ~~~~~~~~~~~~~~~~~~~~^^^^^^
2025-03-10 16:54:27.095 [CRITICAL] (          logging.py:  32) KeyError: 'with pi pulse +y avg'
2025-03-10 16:54:27.095 [CRITICAL] (          logging.py:  32) Traceback (most recent call last):
2025-03-10 16:54:27.095 [CRITICAL] (          logging.py:  32)   File "C:\Users\ejvil\miniconda3\envs\nspyre\Lib\site-packages\nspyre\gui\threadsafe.py", line 91, in _handle_error
2025-03-10 16:54:27.095 [CRITICAL] (          logging.py:  32)     raise err
2025-03-10 16:54:27.095 [CRITICAL] (          logging.py:  32)   File "C:\Users\ejvil\miniconda3\envs\nspyre\Lib\site-packages\nspyre\gui\threadsafe.py", line 171, in _run_safe
2025-03-10 16:54:27.096 [CRITICAL] (          logging.py:  32)     result = fun(*args, **kwargs)
2025-03-10 16:54:27.096 [CRITICAL] (          logging.py:  32)              ^^^^^^^^^^^^^^^^^^^^
2025-03-10 16:54:27.096 [CRITICAL] (          logging.py:  32)   File "C:\Users\ejvil\miniconda3\envs\nspyre\Lib\site-packages\nspyre\gui\widgets\flex_line_plot_3.py", line 373, in get_settings
2025-03-10 16:54:27.096 [CRITICAL] (          logging.py:  32)     settings = self.series_settings[name]
2025-03-10 16:54:27.096 [CRITICAL] (          logging.py:  32)                ~~~~~~~~~~~~~~~~~~~~^^^^^^
2025-03-10 16:54:27.096 [CRITICAL] (          logging.py:  32) KeyError: 'with pi pulse +y latest'
2025-03-10 16:54:27.096 [CRITICAL] (          logging.py:  32) Traceback (most recent call last):
2025-03-10 16:54:27.096 [CRITICAL] (          logging.py:  32)   File "C:\Users\ejvil\miniconda3\envs\nspyre\Lib\site-packages\nspyre\gui\threadsafe.py", line 91, in _handle_error
2025-03-10 16:54:27.096 [CRITICAL] (          logging.py:  32)     raise err
2025-03-10 16:54:27.096 [CRITICAL] (          logging.py:  32)   File "C:\Users\ejvil\miniconda3\envs\nspyre\Lib\site-packages\nspyre\gui\threadsafe.py", line 171, in _run_safe
2025-03-10 16:54:27.096 [CRITICAL] (          logging.py:  32)     result = fun(*args, **kwargs)
2025-03-10 16:54:27.096 [CRITICAL] (          logging.py:  32)              ^^^^^^^^^^^^^^^^^^^^
2025-03-10 16:54:27.096 [CRITICAL] (          logging.py:  32)   File "C:\Users\ejvil\miniconda3\envs\nspyre\Lib\site-packages\nspyre\gui\widgets\flex_line_plot_3.py", line 373, in get_settings
2025-03-10 16:54:27.096 [CRITICAL] (          logging.py:  32)     settings = self.series_settings[name]
2025-03-10 16:54:27.096 [CRITICAL] (          logging.py:  32)                ~~~~~~~~~~~~~~~~~~~~^^^^^^
2025-03-10 16:54:27.096 [CRITICAL] (          logging.py:  32) KeyError: 'with pi pulse -y avg'
2025-03-10 16:54:27.096 [CRITICAL] (          logging.py:  32) Traceback (most recent call last):
2025-03-10 16:54:27.096 [CRITICAL] (          logging.py:  32)   File "C:\Users\ejvil\miniconda3\envs\nspyre\Lib\site-packages\nspyre\gui\threadsafe.py", line 91, in _handle_error
2025-03-10 16:54:27.096 [CRITICAL] (          logging.py:  32)     raise err
2025-03-10 16:54:27.096 [CRITICAL] (          logging.py:  32)   File "C:\Users\ejvil\miniconda3\envs\nspyre\Lib\site-packages\nspyre\gui\threadsafe.py", line 171, in _run_safe
2025-03-10 16:54:27.096 [CRITICAL] (          logging.py:  32)     result = fun(*args, **kwargs)
2025-03-10 16:54:27.096 [CRITICAL] (          logging.py:  32)              ^^^^^^^^^^^^^^^^^^^^
2025-03-10 16:54:27.096 [CRITICAL] (          logging.py:  32)   File "C:\Users\ejvil\miniconda3\envs\nspyre\Lib\site-packages\nspyre\gui\widgets\flex_line_plot_3.py", line 373, in get_settings
2025-03-10 16:54:27.096 [CRITICAL] (          logging.py:  32)     settings = self.series_settings[name]
2025-03-10 16:54:27.096 [CRITICAL] (          logging.py:  32)                ~~~~~~~~~~~~~~~~~~~~^^^^^^
2025-03-10 16:54:27.096 [CRITICAL] (          logging.py:  32) KeyError: 'with pi pulse -y latest'
2025-03-10 16:54:27.096 [CRITICAL] (          logging.py:  32) Traceback (most recent call last):
2025-03-10 16:54:27.096 [CRITICAL] (          logging.py:  32)   File "C:\Users\ejvil\miniconda3\envs\nspyre\Lib\site-packages\nspyre\gui\threadsafe.py", line 91, in _handle_error
2025-03-10 16:54:27.096 [CRITICAL] (          logging.py:  32)     raise err
2025-03-10 16:54:27.096 [CRITICAL] (          logging.py:  32)   File "C:\Users\ejvil\miniconda3\envs\nspyre\Lib\site-packages\nspyre\gui\threadsafe.py", line 171, in _run_safe
2025-03-10 16:54:27.096 [CRITICAL] (          logging.py:  32)     result = fun(*args, **kwargs)
2025-03-10 16:54:27.096 [CRITICAL] (          logging.py:  32)              ^^^^^^^^^^^^^^^^^^^^
2025-03-10 16:54:27.096 [CRITICAL] (          logging.py:  32)   File "C:\Users\ejvil\miniconda3\envs\nspyre\Lib\site-packages\nspyre\gui\widgets\flex_line_plot_3.py", line 373, in get_settings
2025-03-10 16:54:27.096 [CRITICAL] (          logging.py:  32)     settings = self.series_settings[name]
2025-03-10 16:54:27.105 [CRITICAL] (          logging.py:  32)                ~~~~~~~~~~~~~~~~~~~~^^^^^^
2025-03-10 16:54:27.105 [CRITICAL] (          logging.py:  32) KeyError: 'no pi pulse +y avg'
2025-03-10 16:54:27.105 [CRITICAL] (          logging.py:  32) Traceback (most recent call last):
2025-03-10 16:54:27.105 [CRITICAL] (          logging.py:  32)   File "C:\Users\ejvil\miniconda3\envs\nspyre\Lib\site-packages\nspyre\gui\threadsafe.py", line 91, in _handle_error
2025-03-10 16:54:27.105 [CRITICAL] (          logging.py:  32)     raise err
2025-03-10 16:54:27.105 [CRITICAL] (          logging.py:  32)   File "C:\Users\ejvil\miniconda3\envs\nspyre\Lib\site-packages\nspyre\gui\threadsafe.py", line 171, in _run_safe
2025-03-10 16:54:27.105 [CRITICAL] (          logging.py:  32)     result = fun(*args, **kwargs)
2025-03-10 16:54:27.105 [CRITICAL] (          logging.py:  32)              ^^^^^^^^^^^^^^^^^^^^
2025-03-10 16:54:27.105 [CRITICAL] (          logging.py:  32)   File "C:\Users\ejvil\miniconda3\envs\nspyre\Lib\site-packages\nspyre\gui\widgets\flex_line_plot_3.py", line 373, in get_settings
2025-03-10 16:54:27.105 [CRITICAL] (          logging.py:  32)     settings = self.series_settings[name]
2025-03-10 16:54:27.105 [CRITICAL] (          logging.py:  32)                ~~~~~~~~~~~~~~~~~~~~^^^^^^
2025-03-10 16:54:27.105 [CRITICAL] (          logging.py:  32) KeyError: 'no pi pulse +y latest'
2025-03-10 16:54:27.105 [CRITICAL] (          logging.py:  32) Traceback (most recent call last):
2025-03-10 16:54:27.105 [CRITICAL] (          logging.py:  32)   File "C:\Users\ejvil\miniconda3\envs\nspyre\Lib\site-packages\nspyre\gui\threadsafe.py", line 91, in _handle_error
2025-03-10 16:54:27.105 [CRITICAL] (          logging.py:  32)     raise err
2025-03-10 16:54:27.105 [CRITICAL] (          logging.py:  32)   File "C:\Users\ejvil\miniconda3\envs\nspyre\Lib\site-packages\nspyre\gui\threadsafe.py", line 171, in _run_safe
2025-03-10 16:54:27.105 [CRITICAL] (          logging.py:  32)     result = fun(*args, **kwargs)
2025-03-10 16:54:27.105 [CRITICAL] (          logging.py:  32)              ^^^^^^^^^^^^^^^^^^^^
2025-03-10 16:54:27.105 [CRITICAL] (          logging.py:  32)   File "C:\Users\ejvil\miniconda3\envs\nspyre\Lib\site-packages\nspyre\gui\widgets\flex_line_plot_3.py", line 373, in get_settings
2025-03-10 16:54:27.105 [CRITICAL] (          logging.py:  32)     settings = self.series_settings[name]
2025-03-10 16:54:27.105 [CRITICAL] (          logging.py:  32)                ~~~~~~~~~~~~~~~~~~~~^^^^^^
2025-03-10 16:54:27.105 [CRITICAL] (          logging.py:  32) KeyError: 'no pi pulse -y avg'
2025-03-10 16:54:27.105 [CRITICAL] (          logging.py:  32) Traceback (most recent call last):
2025-03-10 16:54:27.105 [CRITICAL] (          logging.py:  32)   File "C:\Users\ejvil\miniconda3\envs\nspyre\Lib\site-packages\nspyre\gui\threadsafe.py", line 91, in _handle_error
2025-03-10 16:54:27.105 [CRITICAL] (          logging.py:  32)     raise err
2025-03-10 16:54:27.105 [CRITICAL] (          logging.py:  32)   File "C:\Users\ejvil\miniconda3\envs\nspyre\Lib\site-packages\nspyre\gui\threadsafe.py", line 171, in _run_safe
2025-03-10 16:54:27.105 [CRITICAL] (          logging.py:  32)     result = fun(*args, **kwargs)
2025-03-10 16:54:27.105 [CRITICAL] (          logging.py:  32)              ^^^^^^^^^^^^^^^^^^^^
2025-03-10 16:54:27.105 [CRITICAL] (          logging.py:  32)   File "C:\Users\ejvil\miniconda3\envs\nspyre\Lib\site-packages\nspyre\gui\widgets\flex_line_plot_3.py", line 373, in get_settings
2025-03-10 16:54:27.105 [CRITICAL] (          logging.py:  32)     settings = self.series_settings[name]
2025-03-10 16:54:27.105 [CRITICAL] (          logging.py:  32)                ~~~~~~~~~~~~~~~~~~~~^^^^^^
2025-03-10 16:54:27.105 [CRITICAL] (          logging.py:  32) KeyError: 'no pi pulse -y latest'
2025-03-10 16:54:42.197 [    INFO] (             misc.py: 208) Running process function [<function run_experiment at 0x00000195908B4FE0>] with args: [()] kwargs: [{'exp_cls': <class 'nv_experiments_all.SpinMeasurements'>, 'fun_name': 'DEER_rabi_scan', 'constructor_args': [], 'constructor_kwargs': {}, 'queue_to_exp': <multiprocessing.queues.Queue object at 0x000001959731BA90>, 'queue_from_exp': <multiprocessing.queues.Queue object at 0x000001959732F7D0>, 'fun_args': [], 'fun_kwargs': {'runs': 120, 'iters': 1000, 'start': 3e-09, 'stop': 3e-07, 'num_pts': 100, 'tau': 8e-07, 'freq': 2312000000.0, 'rf_power': 0.00075, 'pi': 1.03e-07, 'pulse_axis': 'y', 'dark_freq': 559000000.0, 'awg_power': 0.7, 'laser_power': 110, 'laser_init': 3e-05, 'laser_readout': 2.5e-06, 'sideband_freq': 30000000.0, 'sideband_power': 0.45, 'sideband': 'Lower', 'i_offset': -0.002, 'q_offset': -0.004, 'detector': 'APD', 'segment_size': 1024, 'dig_sampling_freq': 500000000.0, 'dig_amplitude': 1.0, 'read_channel': '0', 'dig_coupling': 'DC', 'dig_termination': '1M', 'pretrig_size': 32, 'dig_timeout': 5.0, 'save': False, 'dataset': 'deer rabi', 'filename': 'pH_7_linspace_400mV', 'directory': '//maurerlabnas/MaurerLab/ejvilla4/pH project/March 2025 Titration Curve/', 'seq': 'DEER Rabi', 'fit': True, 'fit_live': True, 'fit_params': [0.1, 0.001, 100.0, 0.0, 1.0]}}].
2025-03-10 16:57:38.671 [    INFO] (             misc.py: 208) Running process function [<function run_experiment at 0x00000195908B4FE0>] with args: [()] kwargs: [{'exp_cls': <class 'nv_experiments_all.SpinMeasurements'>, 'fun_name': 'DEER_T1_scan', 'constructor_args': [], 'constructor_kwargs': {}, 'queue_to_exp': <multiprocessing.queues.Queue object at 0x000001959731BA90>, 'queue_from_exp': <multiprocessing.queues.Queue object at 0x000001959732F7D0>, 'fun_args': [], 'fun_kwargs': {'runs': 120, 'iters': 100000, 'start': 5e-08, 'stop': 0.0001, 'num_pts': 200, 'array_type': 'linspace', 'tau': 8e-07, 'freq': 2312000000.0, 'rf_power': 0.00075, 'pi': 1.03e-07, 'pulse_axis': 'y', 'dark_freq': 559000000.0, 'dark_pi': 7.6e-08, 'awg_power': 0.7, 'laser_power': 110, 'laser_init': 3e-05, 'laser_readout': 2.5e-06, 'sideband_freq': 30000000.0, 'sideband_power': 0.45, 'sideband': 'Lower', 'i_offset': -0.002, 'q_offset': -0.004, 'detector': 'APD', 'segment_size': 1024, 'dig_sampling_freq': 500000000.0, 'dig_amplitude': 1.0, 'read_channel': '0', 'dig_coupling': 'DC', 'dig_termination': '1M', 'pretrig_size': 32, 'dig_timeout': 5.0, 'save': True, 'dataset': 'deer t1', 'filename': 'pH_7_linspace_700mV', 'directory': '//maurerlabnas/MaurerLab/ejvilla4/pH project/March 2025 Titration Curve/', 'seq': 'DEER T1', 'fit': True, 'fit_live': True, 'fit_params': [0.0]}}].
2025-03-10 16:57:58.511 [    INFO] (             misc.py: 208) Running process function [<function run_experiment at 0x00000195908B4FE0>] with args: [()] kwargs: [{'exp_cls': <class 'nv_experiments_all.SpinMeasurements'>, 'fun_name': 'DEER_T1_scan', 'constructor_args': [], 'constructor_kwargs': {}, 'queue_to_exp': <multiprocessing.queues.Queue object at 0x000001959731BA90>, 'queue_from_exp': <multiprocessing.queues.Queue object at 0x000001959732F7D0>, 'fun_args': [], 'fun_kwargs': {'runs': 120, 'iters': 100000, 'start': 5e-08, 'stop': 0.0001, 'num_pts': 200, 'array_type': 'linspace', 'tau': 8e-07, 'freq': 2312000000.0, 'rf_power': 0.00075, 'pi': 1.03e-07, 'pulse_axis': 'y', 'dark_freq': 559000000.0, 'dark_pi': 7.6e-08, 'awg_power': 0.7, 'laser_power': 110, 'laser_init': 3e-05, 'laser_readout': 2.5e-06, 'sideband_freq': 30000000.0, 'sideband_power': 0.45, 'sideband': 'Lower', 'i_offset': -0.002, 'q_offset': -0.004, 'detector': 'APD', 'segment_size': 1024, 'dig_sampling_freq': 500000000.0, 'dig_amplitude': 1.0, 'read_channel': '0', 'dig_coupling': 'DC', 'dig_termination': '1M', 'pretrig_size': 32, 'dig_timeout': 5.0, 'save': True, 'dataset': 'deer t1', 'filename': 'pH_7_linspace_700mV', 'directory': '//maurerlabnas/MaurerLab/ejvilla4/pH project/March 2025 Titration Curve/', 'seq': 'DEER T1', 'fit': False, 'fit_live': False, 'fit_params': [0.0]}}].
2025-03-10 16:58:30.731 [    INFO] (             sink.py: 137) Sink connected to data server [('127.0.0.1', 30101)].
2025-03-10 16:58:30.810 [CRITICAL] (          logging.py:  32) Traceback (most recent call last):
2025-03-10 16:58:30.810 [CRITICAL] (          logging.py:  32)   File "C:\Users\ejvil\miniconda3\envs\nspyre\Lib\site-packages\nspyre\gui\threadsafe.py", line 91, in _handle_error
2025-03-10 16:58:30.810 [CRITICAL] (          logging.py:  32)     raise err
2025-03-10 16:58:30.810 [CRITICAL] (          logging.py:  32)   File "C:\Users\ejvil\miniconda3\envs\nspyre\Lib\site-packages\nspyre\gui\threadsafe.py", line 171, in _run_safe
2025-03-10 16:58:30.810 [CRITICAL] (          logging.py:  32)     result = fun(*args, **kwargs)
2025-03-10 16:58:30.810 [CRITICAL] (          logging.py:  32)              ^^^^^^^^^^^^^^^^^^^^
2025-03-10 16:58:30.813 [CRITICAL] (          logging.py:  32)   File "C:\Users\ejvil\miniconda3\envs\nspyre\Lib\site-packages\nspyre\gui\widgets\flex_line_plot_3.py", line 373, in get_settings
2025-03-10 16:58:30.813 [CRITICAL] (          logging.py:  32)     settings = self.series_settings[name]
2025-03-10 16:58:30.813 [CRITICAL] (          logging.py:  32)                ~~~~~~~~~~~~~~~~~~~~^^^^^^
2025-03-10 16:58:30.813 [CRITICAL] (          logging.py:  32) KeyError: 'dark_avg'
2025-03-10 16:58:30.813 [CRITICAL] (          logging.py:  32) Traceback (most recent call last):
2025-03-10 16:58:30.813 [CRITICAL] (          logging.py:  32)   File "C:\Users\ejvil\miniconda3\envs\nspyre\Lib\site-packages\nspyre\gui\threadsafe.py", line 91, in _handle_error
2025-03-10 16:58:30.813 [CRITICAL] (          logging.py:  32)     raise err
2025-03-10 16:58:30.813 [CRITICAL] (          logging.py:  32)   File "C:\Users\ejvil\miniconda3\envs\nspyre\Lib\site-packages\nspyre\gui\threadsafe.py", line 171, in _run_safe
2025-03-10 16:58:30.813 [CRITICAL] (          logging.py:  32)     result = fun(*args, **kwargs)
2025-03-10 16:58:30.813 [CRITICAL] (          logging.py:  32)              ^^^^^^^^^^^^^^^^^^^^
2025-03-10 16:58:30.813 [CRITICAL] (          logging.py:  32)   File "C:\Users\ejvil\miniconda3\envs\nspyre\Lib\site-packages\nspyre\gui\widgets\flex_line_plot_3.py", line 373, in get_settings
2025-03-10 16:58:30.813 [CRITICAL] (          logging.py:  32)     settings = self.series_settings[name]
2025-03-10 16:58:30.822 [CRITICAL] (          logging.py:  32)                ~~~~~~~~~~~~~~~~~~~~^^^^^^
2025-03-10 16:58:30.822 [CRITICAL] (          logging.py:  32) KeyError: 'echo_avg'
2025-03-10 16:58:30.822 [CRITICAL] (          logging.py:  32) Traceback (most recent call last):
2025-03-10 16:58:30.822 [CRITICAL] (          logging.py:  32)   File "C:\Users\ejvil\miniconda3\envs\nspyre\Lib\site-packages\nspyre\gui\threadsafe.py", line 91, in _handle_error
2025-03-10 16:58:30.822 [CRITICAL] (          logging.py:  32)     raise err
2025-03-10 16:58:30.822 [CRITICAL] (          logging.py:  32)   File "C:\Users\ejvil\miniconda3\envs\nspyre\Lib\site-packages\nspyre\gui\threadsafe.py", line 171, in _run_safe
2025-03-10 16:58:30.822 [CRITICAL] (          logging.py:  32)     result = fun(*args, **kwargs)
2025-03-10 16:58:30.822 [CRITICAL] (          logging.py:  32)              ^^^^^^^^^^^^^^^^^^^^
2025-03-10 16:58:30.822 [CRITICAL] (          logging.py:  32)   File "C:\Users\ejvil\miniconda3\envs\nspyre\Lib\site-packages\nspyre\gui\widgets\flex_line_plot_3.py", line 373, in get_settings
2025-03-10 16:58:30.822 [CRITICAL] (          logging.py:  32)     settings = self.series_settings[name]
2025-03-10 16:58:30.822 [CRITICAL] (          logging.py:  32)                ~~~~~~~~~~~~~~~~~~~~^^^^^^
2025-03-10 16:58:30.822 [CRITICAL] (          logging.py:  32) KeyError: 'contrast_avg'
2025-03-10 16:58:30.822 [CRITICAL] (          logging.py:  32) Traceback (most recent call last):
2025-03-10 16:58:30.822 [CRITICAL] (          logging.py:  32)   File "C:\Users\ejvil\miniconda3\envs\nspyre\Lib\site-packages\nspyre\gui\threadsafe.py", line 91, in _handle_error
2025-03-10 16:58:30.822 [CRITICAL] (          logging.py:  32)     raise err
2025-03-10 16:58:30.822 [CRITICAL] (          logging.py:  32)   File "C:\Users\ejvil\miniconda3\envs\nspyre\Lib\site-packages\nspyre\gui\threadsafe.py", line 171, in _run_safe
2025-03-10 16:58:30.829 [CRITICAL] (          logging.py:  32)     result = fun(*args, **kwargs)
2025-03-10 16:58:30.831 [CRITICAL] (          logging.py:  32)              ^^^^^^^^^^^^^^^^^^^^
2025-03-10 16:58:30.831 [CRITICAL] (          logging.py:  32)   File "C:\Users\ejvil\miniconda3\envs\nspyre\Lib\site-packages\nspyre\gui\widgets\flex_line_plot_3.py", line 373, in get_settings
2025-03-10 16:58:30.834 [CRITICAL] (          logging.py:  32)     settings = self.series_settings[name]
2025-03-10 16:58:30.835 [CRITICAL] (          logging.py:  32)                ~~~~~~~~~~~~~~~~~~~~^^^^^^
2025-03-10 16:58:30.835 [CRITICAL] (          logging.py:  32) KeyError: 'contrast_latest'
2025-03-10 16:58:30.835 [CRITICAL] (          logging.py:  32) Traceback (most recent call last):
2025-03-10 16:58:30.835 [CRITICAL] (          logging.py:  32)   File "C:\Users\ejvil\miniconda3\envs\nspyre\Lib\site-packages\nspyre\gui\threadsafe.py", line 91, in _handle_error
2025-03-10 16:58:30.835 [CRITICAL] (          logging.py:  32)     raise err
2025-03-10 16:58:30.835 [CRITICAL] (          logging.py:  32)   File "C:\Users\ejvil\miniconda3\envs\nspyre\Lib\site-packages\nspyre\gui\threadsafe.py", line 171, in _run_safe
2025-03-10 16:58:30.835 [CRITICAL] (          logging.py:  32)     result = fun(*args, **kwargs)
2025-03-10 16:58:30.835 [CRITICAL] (          logging.py:  32)              ^^^^^^^^^^^^^^^^^^^^
2025-03-10 16:58:30.835 [CRITICAL] (          logging.py:  32)   File "C:\Users\ejvil\miniconda3\envs\nspyre\Lib\site-packages\nspyre\gui\widgets\flex_line_plot_3.py", line 373, in get_settings
2025-03-10 16:58:30.835 [CRITICAL] (          logging.py:  32)     settings = self.series_settings[name]
2025-03-10 16:58:30.843 [CRITICAL] (          logging.py:  32)                ~~~~~~~~~~~~~~~~~~~~^^^^^^
2025-03-10 16:58:30.843 [CRITICAL] (          logging.py:  32) KeyError: 'dark_sig_avg'
2025-03-10 16:58:30.843 [CRITICAL] (          logging.py:  32) Traceback (most recent call last):
2025-03-10 16:58:30.843 [CRITICAL] (          logging.py:  32)   File "C:\Users\ejvil\miniconda3\envs\nspyre\Lib\site-packages\nspyre\gui\threadsafe.py", line 91, in _handle_error
2025-03-10 16:58:30.843 [CRITICAL] (          logging.py:  32)     raise err
2025-03-10 16:58:30.843 [CRITICAL] (          logging.py:  32)   File "C:\Users\ejvil\miniconda3\envs\nspyre\Lib\site-packages\nspyre\gui\threadsafe.py", line 171, in _run_safe
2025-03-10 16:58:30.843 [CRITICAL] (          logging.py:  32)     result = fun(*args, **kwargs)
2025-03-10 16:58:30.843 [CRITICAL] (          logging.py:  32)              ^^^^^^^^^^^^^^^^^^^^
2025-03-10 16:58:30.843 [CRITICAL] (          logging.py:  32)   File "C:\Users\ejvil\miniconda3\envs\nspyre\Lib\site-packages\nspyre\gui\widgets\flex_line_plot_3.py", line 373, in get_settings
2025-03-10 16:58:30.843 [CRITICAL] (          logging.py:  32)     settings = self.series_settings[name]
2025-03-10 16:58:30.843 [CRITICAL] (          logging.py:  32)                ~~~~~~~~~~~~~~~~~~~~^^^^^^
2025-03-10 16:58:30.843 [CRITICAL] (          logging.py:  32) KeyError: 'dark_sig_latest'
2025-03-10 16:58:30.843 [CRITICAL] (          logging.py:  32) Traceback (most recent call last):
2025-03-10 16:58:30.853 [CRITICAL] (          logging.py:  32)   File "C:\Users\ejvil\miniconda3\envs\nspyre\Lib\site-packages\nspyre\gui\threadsafe.py", line 91, in _handle_error
2025-03-10 16:58:30.853 [CRITICAL] (          logging.py:  32)     raise err
2025-03-10 16:58:30.853 [CRITICAL] (          logging.py:  32)   File "C:\Users\ejvil\miniconda3\envs\nspyre\Lib\site-packages\nspyre\gui\threadsafe.py", line 171, in _run_safe
2025-03-10 16:58:30.853 [CRITICAL] (          logging.py:  32)     result = fun(*args, **kwargs)
2025-03-10 16:58:30.853 [CRITICAL] (          logging.py:  32)              ^^^^^^^^^^^^^^^^^^^^
2025-03-10 16:58:30.853 [CRITICAL] (          logging.py:  32)   File "C:\Users\ejvil\miniconda3\envs\nspyre\Lib\site-packages\nspyre\gui\widgets\flex_line_plot_3.py", line 373, in get_settings
2025-03-10 16:58:30.853 [CRITICAL] (          logging.py:  32)     settings = self.series_settings[name]
2025-03-10 16:58:30.853 [CRITICAL] (          logging.py:  32)                ~~~~~~~~~~~~~~~~~~~~^^^^^^
2025-03-10 16:58:30.853 [CRITICAL] (          logging.py:  32) KeyError: 'dark_bg_avg'
2025-03-10 16:58:30.853 [CRITICAL] (          logging.py:  32) Traceback (most recent call last):
2025-03-10 16:58:30.853 [CRITICAL] (          logging.py:  32)   File "C:\Users\ejvil\miniconda3\envs\nspyre\Lib\site-packages\nspyre\gui\threadsafe.py", line 91, in _handle_error
2025-03-10 16:58:30.853 [CRITICAL] (          logging.py:  32)     raise err
2025-03-10 16:58:30.863 [CRITICAL] (          logging.py:  32)   File "C:\Users\ejvil\miniconda3\envs\nspyre\Lib\site-packages\nspyre\gui\threadsafe.py", line 171, in _run_safe
2025-03-10 16:58:30.863 [CRITICAL] (          logging.py:  32)     result = fun(*args, **kwargs)
2025-03-10 16:58:30.863 [CRITICAL] (          logging.py:  32)              ^^^^^^^^^^^^^^^^^^^^
2025-03-10 16:58:30.863 [CRITICAL] (          logging.py:  32)   File "C:\Users\ejvil\miniconda3\envs\nspyre\Lib\site-packages\nspyre\gui\widgets\flex_line_plot_3.py", line 373, in get_settings
2025-03-10 16:58:30.863 [CRITICAL] (          logging.py:  32)     settings = self.series_settings[name]
2025-03-10 16:58:30.863 [CRITICAL] (          logging.py:  32)                ~~~~~~~~~~~~~~~~~~~~^^^^^^
2025-03-10 16:58:30.863 [CRITICAL] (          logging.py:  32) KeyError: 'dark_bg_latest'
2025-03-10 16:58:30.863 [CRITICAL] (          logging.py:  32) Traceback (most recent call last):
2025-03-10 16:58:30.863 [CRITICAL] (          logging.py:  32)   File "C:\Users\ejvil\miniconda3\envs\nspyre\Lib\site-packages\nspyre\gui\threadsafe.py", line 91, in _handle_error
2025-03-10 16:58:30.863 [CRITICAL] (          logging.py:  32)     raise err
2025-03-10 16:58:30.863 [CRITICAL] (          logging.py:  32)   File "C:\Users\ejvil\miniconda3\envs\nspyre\Lib\site-packages\nspyre\gui\threadsafe.py", line 171, in _run_safe
2025-03-10 16:58:30.863 [CRITICAL] (          logging.py:  32)     result = fun(*args, **kwargs)
2025-03-10 16:58:30.863 [CRITICAL] (          logging.py:  32)              ^^^^^^^^^^^^^^^^^^^^
2025-03-10 16:58:30.863 [CRITICAL] (          logging.py:  32)   File "C:\Users\ejvil\miniconda3\envs\nspyre\Lib\site-packages\nspyre\gui\widgets\flex_line_plot_3.py", line 373, in get_settings
2025-03-10 16:58:30.863 [CRITICAL] (          logging.py:  32)     settings = self.series_settings[name]
2025-03-10 16:58:30.863 [CRITICAL] (          logging.py:  32)                ~~~~~~~~~~~~~~~~~~~~^^^^^^
2025-03-10 16:58:30.863 [CRITICAL] (          logging.py:  32) KeyError: 'echo_sig_avg'
2025-03-10 16:58:30.863 [CRITICAL] (          logging.py:  32) Traceback (most recent call last):
2025-03-10 16:58:30.863 [CRITICAL] (          logging.py:  32)   File "C:\Users\ejvil\miniconda3\envs\nspyre\Lib\site-packages\nspyre\gui\threadsafe.py", line 91, in _handle_error
2025-03-10 16:58:30.863 [CRITICAL] (          logging.py:  32)     raise err
2025-03-10 16:58:30.863 [CRITICAL] (          logging.py:  32)   File "C:\Users\ejvil\miniconda3\envs\nspyre\Lib\site-packages\nspyre\gui\threadsafe.py", line 171, in _run_safe
2025-03-10 16:58:30.863 [CRITICAL] (          logging.py:  32)     result = fun(*args, **kwargs)
2025-03-10 16:58:30.863 [CRITICAL] (          logging.py:  32)              ^^^^^^^^^^^^^^^^^^^^
2025-03-10 16:58:30.863 [CRITICAL] (          logging.py:  32)   File "C:\Users\ejvil\miniconda3\envs\nspyre\Lib\site-packages\nspyre\gui\widgets\flex_line_plot_3.py", line 373, in get_settings
2025-03-10 16:58:30.863 [CRITICAL] (          logging.py:  32)     settings = self.series_settings[name]
2025-03-10 16:58:30.863 [CRITICAL] (          logging.py:  32)                ~~~~~~~~~~~~~~~~~~~~^^^^^^
2025-03-10 16:58:30.863 [CRITICAL] (          logging.py:  32) KeyError: 'echo_sig_latest'
2025-03-10 16:58:30.863 [CRITICAL] (          logging.py:  32) Traceback (most recent call last):
2025-03-10 16:58:30.863 [CRITICAL] (          logging.py:  32)   File "C:\Users\ejvil\miniconda3\envs\nspyre\Lib\site-packages\nspyre\gui\threadsafe.py", line 91, in _handle_error
2025-03-10 16:58:30.863 [CRITICAL] (          logging.py:  32)     raise err
2025-03-10 16:58:30.863 [CRITICAL] (          logging.py:  32)   File "C:\Users\ejvil\miniconda3\envs\nspyre\Lib\site-packages\nspyre\gui\threadsafe.py", line 171, in _run_safe
2025-03-10 16:58:30.874 [CRITICAL] (          logging.py:  32)     result = fun(*args, **kwargs)
2025-03-10 16:58:30.874 [CRITICAL] (          logging.py:  32)              ^^^^^^^^^^^^^^^^^^^^
2025-03-10 16:58:30.874 [CRITICAL] (          logging.py:  32)   File "C:\Users\ejvil\miniconda3\envs\nspyre\Lib\site-packages\nspyre\gui\widgets\flex_line_plot_3.py", line 373, in get_settings
2025-03-10 16:58:30.874 [CRITICAL] (          logging.py:  32)     settings = self.series_settings[name]
2025-03-10 16:58:30.874 [CRITICAL] (          logging.py:  32)                ~~~~~~~~~~~~~~~~~~~~^^^^^^
2025-03-10 16:58:30.874 [CRITICAL] (          logging.py:  32) KeyError: 'echo_bg_avg'
2025-03-10 16:58:30.874 [CRITICAL] (          logging.py:  32) Traceback (most recent call last):
2025-03-10 16:58:30.874 [CRITICAL] (          logging.py:  32)   File "C:\Users\ejvil\miniconda3\envs\nspyre\Lib\site-packages\nspyre\gui\threadsafe.py", line 91, in _handle_error
2025-03-10 16:58:30.874 [CRITICAL] (          logging.py:  32)     raise err
2025-03-10 16:58:30.874 [CRITICAL] (          logging.py:  32)   File "C:\Users\ejvil\miniconda3\envs\nspyre\Lib\site-packages\nspyre\gui\threadsafe.py", line 171, in _run_safe
2025-03-10 16:58:30.874 [CRITICAL] (          logging.py:  32)     result = fun(*args, **kwargs)
2025-03-10 16:58:30.874 [CRITICAL] (          logging.py:  32)              ^^^^^^^^^^^^^^^^^^^^
2025-03-10 16:58:30.874 [CRITICAL] (          logging.py:  32)   File "C:\Users\ejvil\miniconda3\envs\nspyre\Lib\site-packages\nspyre\gui\widgets\flex_line_plot_3.py", line 373, in get_settings
2025-03-10 16:58:30.874 [CRITICAL] (          logging.py:  32)     settings = self.series_settings[name]
2025-03-10 16:58:30.874 [CRITICAL] (          logging.py:  32)                ~~~~~~~~~~~~~~~~~~~~^^^^^^
2025-03-10 16:58:30.874 [CRITICAL] (          logging.py:  32) KeyError: 'echo_bg_latest'
2025-03-10 16:59:59.660 [    INFO] (             misc.py: 208) Running process function [<function run_experiment at 0x00000195908B4FE0>] with args: [()] kwargs: [{'exp_cls': <class 'nv_experiments_all.SpinMeasurements'>, 'fun_name': 'DEER_T1_scan', 'constructor_args': [], 'constructor_kwargs': {}, 'queue_to_exp': <multiprocessing.queues.Queue object at 0x000001959731BA90>, 'queue_from_exp': <multiprocessing.queues.Queue object at 0x000001959732F7D0>, 'fun_args': [], 'fun_kwargs': {'runs': 120, 'iters': 100000, 'start': 5e-08, 'stop': 0.0001, 'num_pts': 100, 'array_type': 'linspace', 'tau': 8e-07, 'freq': 2312000000.0, 'rf_power': 0.00075, 'pi': 1.03e-07, 'pulse_axis': 'y', 'dark_freq': 559000000.0, 'dark_pi': 7.6e-08, 'awg_power': 0.7, 'laser_power': 110, 'laser_init': 3e-05, 'laser_readout': 2.5e-06, 'sideband_freq': 30000000.0, 'sideband_power': 0.45, 'sideband': 'Lower', 'i_offset': -0.002, 'q_offset': -0.004, 'detector': 'APD', 'segment_size': 1024, 'dig_sampling_freq': 500000000.0, 'dig_amplitude': 1.0, 'read_channel': '0', 'dig_coupling': 'DC', 'dig_termination': '1M', 'pretrig_size': 32, 'dig_timeout': 5.0, 'save': True, 'dataset': 'deer t1', 'filename': 'pH_7_linspace_700mV', 'directory': '//maurerlabnas/MaurerLab/ejvilla4/pH project/March 2025 Titration Curve/', 'seq': 'DEER T1', 'fit': False, 'fit_live': False, 'fit_params': [0.0]}}].
2025-03-10 17:01:31.563 [    INFO] (             sink.py: 137) Sink connected to data server [('127.0.0.1', 30101)].
2025-03-10 17:01:39.868 [    INFO] (             sink.py: 137) Sink connected to data server [('127.0.0.1', 30101)].
2025-03-10 17:07:14.143 [    INFO] (             misc.py: 208) Running process function [<function run_experiment at 0x00000195908B4FE0>] with args: [()] kwargs: [{'exp_cls': <class 'nv_experiments_all.SpinMeasurements'>, 'fun_name': 'DEER_T1_scan', 'constructor_args': [], 'constructor_kwargs': {}, 'queue_to_exp': <multiprocessing.queues.Queue object at 0x000001959731BA90>, 'queue_from_exp': <multiprocessing.queues.Queue object at 0x000001959732F7D0>, 'fun_args': [], 'fun_kwargs': {'runs': 120, 'iters': 100000, 'start': 5e-08, 'stop': 0.0001, 'num_pts': 100, 'array_type': 'linspace', 'tau': 8e-07, 'freq': 2312000000.0, 'rf_power': 0.00075, 'pi': 1.03e-07, 'pulse_axis': 'y', 'dark_freq': 559000000.0, 'dark_pi': 1.1e-07, 'awg_power': 0.4, 'laser_power': 110, 'laser_init': 3e-05, 'laser_readout': 2.5e-06, 'sideband_freq': 30000000.0, 'sideband_power': 0.45, 'sideband': 'Lower', 'i_offset': -0.002, 'q_offset': -0.004, 'detector': 'APD', 'segment_size': 1024, 'dig_sampling_freq': 500000000.0, 'dig_amplitude': 1.0, 'read_channel': '0', 'dig_coupling': 'DC', 'dig_termination': '1M', 'pretrig_size': 32, 'dig_timeout': 5.0, 'save': True, 'dataset': 'deer t1', 'filename': 'pH_7_linspace_400mV_long', 'directory': '//maurerlabnas/MaurerLab/ejvilla4/pH project/March 2025 Titration Curve/', 'seq': 'DEER T1', 'fit': False, 'fit_live': False, 'fit_params': [0.0]}}].
2025-03-10 17:18:27.286 [   ERROR] (      base_events.py:1771) Task exception was never retrieved
future: <Task finished name='Task-77052' coro=<DataSink._main() done, defined at C:\Users\ejvil\miniconda3\envs\nspyre\Lib\site-packages\nspyre\data\sink.py:109> exception=RuntimeError('Maximum diff size exceeded. This is a consequence of memory build-up due to the sink not being able to keep up with the data rate. Reduce the data rate or increase the client processing throughput.') created at C:\Users\ejvil\miniconda3\envs\nspyre\Lib\asyncio\tasks.py:374>
source_traceback: Object created at (most recent call last):
  File "C:\Users\ejvil\miniconda3\envs\nspyre\Lib\threading.py", line 995, in _bootstrap
    self._bootstrap_inner()
  File "C:\Users\ejvil\miniconda3\envs\nspyre\Lib\threading.py", line 1038, in _bootstrap_inner
    self.run()
  File "C:\Users\ejvil\miniconda3\envs\nspyre\Lib\threading.py", line 975, in run
    self._target(*self._args, **self._kwargs)
  File "C:\Users\ejvil\miniconda3\envs\nspyre\Lib\site-packages\nspyre\data\_asyncio_worker.py", line 86, in _event_loop_thread
    self._event_loop.run_forever()
  File "C:\Users\ejvil\miniconda3\envs\nspyre\Lib\asyncio\base_events.py", line 607, in run_forever
    self._run_once()
  File "C:\Users\ejvil\miniconda3\envs\nspyre\Lib\asyncio\base_events.py", line 1914, in _run_once
    handle._run()
  File "C:\Users\ejvil\miniconda3\envs\nspyre\Lib\asyncio\events.py", line 80, in _run
    self._context.run(self._callback, *self._args)
  File "C:\Users\ejvil\miniconda3\envs\nspyre\Lib\site-packages\nspyre\data\_asyncio_worker.py", line 93, in _main_helper
    asyncio.create_task(self._main())
  File "C:\Users\ejvil\miniconda3\envs\nspyre\Lib\asyncio\tasks.py", line 374, in create_task
    task = loop.create_task(coro)
Traceback (most recent call last):
  File "C:\Users\ejvil\miniconda3\envs\nspyre\Lib\site-packages\nspyre\data\sink.py", line 210, in _main
    self._queue.put_nowait(pickle_diff)
  File "C:\Users\ejvil\miniconda3\envs\nspyre\Lib\asyncio\queues.py", line 143, in put_nowait
    raise QueueFull
asyncio.queues.QueueFull

The above exception was the direct cause of the following exception:

Traceback (most recent call last):
  File "C:\Users\ejvil\miniconda3\envs\nspyre\Lib\site-packages\nspyre\data\sink.py", line 219, in _main
    raise RuntimeError(
RuntimeError: Maximum diff size exceeded. This is a consequence of memory build-up due to the sink not being able to keep up with the data rate. Reduce the data rate or increase the client processing throughput.
2025-03-10 17:34:15.386 [   ERROR] (      base_events.py:1771) Task exception was never retrieved
future: <Task finished name='Task-103404' coro=<DataSink._main() done, defined at C:\Users\ejvil\miniconda3\envs\nspyre\Lib\site-packages\nspyre\data\sink.py:109> exception=RuntimeError('Maximum diff size exceeded. This is a consequence of memory build-up due to the sink not being able to keep up with the data rate. Reduce the data rate or increase the client processing throughput.') created at C:\Users\ejvil\miniconda3\envs\nspyre\Lib\asyncio\tasks.py:374>
source_traceback: Object created at (most recent call last):
  File "C:\Users\ejvil\miniconda3\envs\nspyre\Lib\threading.py", line 995, in _bootstrap
    self._bootstrap_inner()
  File "C:\Users\ejvil\miniconda3\envs\nspyre\Lib\threading.py", line 1038, in _bootstrap_inner
    self.run()
  File "C:\Users\ejvil\miniconda3\envs\nspyre\Lib\threading.py", line 975, in run
    self._target(*self._args, **self._kwargs)
  File "C:\Users\ejvil\miniconda3\envs\nspyre\Lib\site-packages\nspyre\data\_asyncio_worker.py", line 86, in _event_loop_thread
    self._event_loop.run_forever()
  File "C:\Users\ejvil\miniconda3\envs\nspyre\Lib\asyncio\base_events.py", line 607, in run_forever
    self._run_once()
  File "C:\Users\ejvil\miniconda3\envs\nspyre\Lib\asyncio\base_events.py", line 1914, in _run_once
    handle._run()
  File "C:\Users\ejvil\miniconda3\envs\nspyre\Lib\asyncio\events.py", line 80, in _run
    self._context.run(self._callback, *self._args)
  File "C:\Users\ejvil\miniconda3\envs\nspyre\Lib\site-packages\nspyre\data\_asyncio_worker.py", line 93, in _main_helper
    asyncio.create_task(self._main())
  File "C:\Users\ejvil\miniconda3\envs\nspyre\Lib\asyncio\tasks.py", line 374, in create_task
    task = loop.create_task(coro)
Traceback (most recent call last):
  File "C:\Users\ejvil\miniconda3\envs\nspyre\Lib\site-packages\nspyre\data\sink.py", line 210, in _main
    self._queue.put_nowait(pickle_diff)
  File "C:\Users\ejvil\miniconda3\envs\nspyre\Lib\asyncio\queues.py", line 143, in put_nowait
    raise QueueFull
asyncio.queues.QueueFull

The above exception was the direct cause of the following exception:

Traceback (most recent call last):
  File "C:\Users\ejvil\miniconda3\envs\nspyre\Lib\site-packages\nspyre\data\sink.py", line 219, in _main
    raise RuntimeError(
RuntimeError: Maximum diff size exceeded. This is a consequence of memory build-up due to the sink not being able to keep up with the data rate. Reduce the data rate or increase the client processing throughput.
2025-03-10 17:36:26.316 [   ERROR] (      base_events.py:1771) Task exception was never retrieved
future: <Task finished name='Task-110524' coro=<DataSink._main() done, defined at C:\Users\ejvil\miniconda3\envs\nspyre\Lib\site-packages\nspyre\data\sink.py:109> exception=RuntimeError('Maximum diff size exceeded. This is a consequence of memory build-up due to the sink not being able to keep up with the data rate. Reduce the data rate or increase the client processing throughput.') created at C:\Users\ejvil\miniconda3\envs\nspyre\Lib\asyncio\tasks.py:374>
source_traceback: Object created at (most recent call last):
  File "C:\Users\ejvil\miniconda3\envs\nspyre\Lib\threading.py", line 995, in _bootstrap
    self._bootstrap_inner()
  File "C:\Users\ejvil\miniconda3\envs\nspyre\Lib\threading.py", line 1038, in _bootstrap_inner
    self.run()
  File "C:\Users\ejvil\miniconda3\envs\nspyre\Lib\threading.py", line 975, in run
    self._target(*self._args, **self._kwargs)
  File "C:\Users\ejvil\miniconda3\envs\nspyre\Lib\site-packages\nspyre\data\_asyncio_worker.py", line 86, in _event_loop_thread
    self._event_loop.run_forever()
  File "C:\Users\ejvil\miniconda3\envs\nspyre\Lib\asyncio\base_events.py", line 607, in run_forever
    self._run_once()
  File "C:\Users\ejvil\miniconda3\envs\nspyre\Lib\asyncio\base_events.py", line 1914, in _run_once
    handle._run()
  File "C:\Users\ejvil\miniconda3\envs\nspyre\Lib\asyncio\events.py", line 80, in _run
    self._context.run(self._callback, *self._args)
  File "C:\Users\ejvil\miniconda3\envs\nspyre\Lib\site-packages\nspyre\data\_asyncio_worker.py", line 93, in _main_helper
    asyncio.create_task(self._main())
  File "C:\Users\ejvil\miniconda3\envs\nspyre\Lib\asyncio\tasks.py", line 374, in create_task
    task = loop.create_task(coro)
Traceback (most recent call last):
  File "C:\Users\ejvil\miniconda3\envs\nspyre\Lib\site-packages\nspyre\data\sink.py", line 210, in _main
    self._queue.put_nowait(pickle_diff)
  File "C:\Users\ejvil\miniconda3\envs\nspyre\Lib\asyncio\queues.py", line 143, in put_nowait
    raise QueueFull
asyncio.queues.QueueFull

The above exception was the direct cause of the following exception:

Traceback (most recent call last):
  File "C:\Users\ejvil\miniconda3\envs\nspyre\Lib\site-packages\nspyre\data\sink.py", line 219, in _main
    raise RuntimeError(
RuntimeError: Maximum diff size exceeded. This is a consequence of memory build-up due to the sink not being able to keep up with the data rate. Reduce the data rate or increase the client processing throughput.
2025-03-10 17:36:34.610 [   ERROR] (      base_events.py:1771) Task exception was never retrieved
future: <Task finished name='Task-112154' coro=<DataSink._main() done, defined at C:\Users\ejvil\miniconda3\envs\nspyre\Lib\site-packages\nspyre\data\sink.py:109> exception=RuntimeError('Maximum diff size exceeded. This is a consequence of memory build-up due to the sink not being able to keep up with the data rate. Reduce the data rate or increase the client processing throughput.') created at C:\Users\ejvil\miniconda3\envs\nspyre\Lib\asyncio\tasks.py:374>
source_traceback: Object created at (most recent call last):
  File "C:\Users\ejvil\miniconda3\envs\nspyre\Lib\threading.py", line 995, in _bootstrap
    self._bootstrap_inner()
  File "C:\Users\ejvil\miniconda3\envs\nspyre\Lib\threading.py", line 1038, in _bootstrap_inner
    self.run()
  File "C:\Users\ejvil\miniconda3\envs\nspyre\Lib\threading.py", line 975, in run
    self._target(*self._args, **self._kwargs)
  File "C:\Users\ejvil\miniconda3\envs\nspyre\Lib\site-packages\nspyre\data\_asyncio_worker.py", line 86, in _event_loop_thread
    self._event_loop.run_forever()
  File "C:\Users\ejvil\miniconda3\envs\nspyre\Lib\asyncio\base_events.py", line 607, in run_forever
    self._run_once()
  File "C:\Users\ejvil\miniconda3\envs\nspyre\Lib\asyncio\base_events.py", line 1914, in _run_once
    handle._run()
  File "C:\Users\ejvil\miniconda3\envs\nspyre\Lib\asyncio\events.py", line 80, in _run
    self._context.run(self._callback, *self._args)
  File "C:\Users\ejvil\miniconda3\envs\nspyre\Lib\site-packages\nspyre\data\_asyncio_worker.py", line 93, in _main_helper
    asyncio.create_task(self._main())
  File "C:\Users\ejvil\miniconda3\envs\nspyre\Lib\asyncio\tasks.py", line 374, in create_task
    task = loop.create_task(coro)
Traceback (most recent call last):
  File "C:\Users\ejvil\miniconda3\envs\nspyre\Lib\site-packages\nspyre\data\sink.py", line 210, in _main
    self._queue.put_nowait(pickle_diff)
  File "C:\Users\ejvil\miniconda3\envs\nspyre\Lib\asyncio\queues.py", line 143, in put_nowait
    raise QueueFull
asyncio.queues.QueueFull

The above exception was the direct cause of the following exception:

Traceback (most recent call last):
  File "C:\Users\ejvil\miniconda3\envs\nspyre\Lib\site-packages\nspyre\data\sink.py", line 219, in _main
    raise RuntimeError(
RuntimeError: Maximum diff size exceeded. This is a consequence of memory build-up due to the sink not being able to keep up with the data rate. Reduce the data rate or increase the client processing throughput.
2025-03-10 20:39:58.905 [    INFO] (gui_experiments_current.py:1552) Not starting the experiment process because it is still running.
2025-03-10 20:40:03.863 [    INFO] (gui_experiments_current.py:1552) Not starting the experiment process because it is still running.
2025-03-10 20:40:42.463 [    INFO] (             misc.py: 208) Running process function [<function run_experiment at 0x00000195908B4FE0>] with args: [()] kwargs: [{'exp_cls': <class 'nv_experiments_all.SpinMeasurements'>, 'fun_name': 'DEER_T1_scan', 'constructor_args': [], 'constructor_kwargs': {}, 'queue_to_exp': <multiprocessing.queues.Queue object at 0x000001959731BA90>, 'queue_from_exp': <multiprocessing.queues.Queue object at 0x000001959732F7D0>, 'fun_args': [], 'fun_kwargs': {'runs': 120, 'iters': 100000, 'start': 5e-08, 'stop': 3e-05, 'num_pts': 100, 'array_type': 'linspace', 'tau': 8e-07, 'freq': 2312000000.0, 'rf_power': 0.00075, 'pi': 1.03e-07, 'pulse_axis': 'y', 'dark_freq': 559000000.0, 'dark_pi': 1.1e-07, 'awg_power': 0.4, 'laser_power': 110, 'laser_init': 3e-05, 'laser_readout': 2.5e-06, 'sideband_freq': 30000000.0, 'sideband_power': 0.45, 'sideband': 'Lower', 'i_offset': -0.002, 'q_offset': -0.004, 'detector': 'APD', 'segment_size': 1024, 'dig_sampling_freq': 500000000.0, 'dig_amplitude': 1.0, 'read_channel': '0', 'dig_coupling': 'DC', 'dig_termination': '1M', 'pretrig_size': 32, 'dig_timeout': 5.0, 'save': True, 'dataset': 'deer t1', 'filename': 'pH_7_linspace_400mV_shortspan', 'directory': '//maurerlabnas/MaurerLab/ejvilla4/pH project/March 2025 Titration Curve/', 'seq': 'DEER T1', 'fit': False, 'fit_live': False, 'fit_params': [0.0]}}].
2025-03-10 22:57:19.892 [    INFO] (gui_experiments_current.py:1552) Not starting the experiment process because it is still running.
2025-03-10 22:57:32.236 [    INFO] (gui_experiments_current.py:1552) Not starting the experiment process because it is still running.
2025-03-10 22:57:44.504 [    INFO] (             misc.py: 208) Running process function [<function run_experiment at 0x00000195908B4FE0>] with args: [()] kwargs: [{'exp_cls': <class 'nv_experiments_all.SpinMeasurements'>, 'fun_name': 'DEER_T1_scan', 'constructor_args': [], 'constructor_kwargs': {}, 'queue_to_exp': <multiprocessing.queues.Queue object at 0x000001959731BA90>, 'queue_from_exp': <multiprocessing.queues.Queue object at 0x000001959732F7D0>, 'fun_args': [], 'fun_kwargs': {'runs': 120, 'iters': 100000, 'start': 5e-08, 'stop': 4e-05, 'num_pts': 100, 'array_type': 'linspace', 'tau': 8e-07, 'freq': 2312000000.0, 'rf_power': 0.00075, 'pi': 1.03e-07, 'pulse_axis': 'y', 'dark_freq': 559000000.0, 'dark_pi': 1.1e-07, 'awg_power': 0.4, 'laser_power': 110, 'laser_init': 3e-05, 'laser_readout': 2.5e-06, 'sideband_freq': 30000000.0, 'sideband_power': 0.45, 'sideband': 'Lower', 'i_offset': -0.002, 'q_offset': -0.004, 'detector': 'APD', 'segment_size': 1024, 'dig_sampling_freq': 500000000.0, 'dig_amplitude': 1.0, 'read_channel': '0', 'dig_coupling': 'DC', 'dig_termination': '1M', 'pretrig_size': 32, 'dig_timeout': 5.0, 'save': True, 'dataset': 'deer t1', 'filename': 'pH_7_linspace_400mV_shortspan2', 'directory': '//maurerlabnas/MaurerLab/ejvilla4/pH project/March 2025 Titration Curve/', 'seq': 'DEER T1', 'fit': False, 'fit_live': False, 'fit_params': [0.0]}}].
2025-03-11 11:15:23.635 [    INFO] (             sink.py: 137) Sink connected to data server [('127.0.0.1', 30101)].
2025-03-11 11:15:26.245 [ WARNING] (      base_events.py:1917) Executing <Task pending name='Task-644085' coro=<DataSink._main() running at C:\Users\ejvil\miniconda3\envs\nspyre\Lib\site-packages\nspyre\data\sink.py:178> wait_for=<Future pending cb=[Task.task_wakeup()] created at C:\Users\ejvil\miniconda3\envs\nspyre\Lib\asyncio\base_events.py:427> created at C:\Users\ejvil\miniconda3\envs\nspyre\Lib\asyncio\tasks.py:374> took 0.313 seconds
2025-03-11 11:18:46.003 [    INFO] (             save.py:  72) Saved data set [deer t1] to [//maurerlabnas/MaurerLab/ejvilla4/pH project/March 2025 Titration Curve/deer t1_pH7_long.json.json].
2025-03-11 11:18:46.016 [    INFO] (  _asyncio_worker.py:  89) Source [('localhost', 30101)] closed.
2025-03-11 14:30:55.913 [    INFO] (             sink.py: 137) Sink connected to data server [('127.0.0.1', 30101)].
2025-03-11 14:30:56.038 [CRITICAL] (          logging.py:  32) Traceback (most recent call last):
2025-03-11 14:30:56.038 [CRITICAL] (          logging.py:  32)   File "C:\Users\ejvil\miniconda3\envs\nspyre\Lib\site-packages\nspyre\gui\threadsafe.py", line 91, in _handle_error
2025-03-11 14:30:56.038 [CRITICAL] (          logging.py:  32)     raise err
2025-03-11 14:30:56.038 [CRITICAL] (          logging.py:  32)   File "C:\Users\ejvil\miniconda3\envs\nspyre\Lib\site-packages\nspyre\gui\threadsafe.py", line 171, in _run_safe
2025-03-11 14:30:56.041 [CRITICAL] (          logging.py:  32)     result = fun(*args, **kwargs)
2025-03-11 14:30:56.041 [CRITICAL] (          logging.py:  32)              ^^^^^^^^^^^^^^^^^^^^
2025-03-11 14:30:56.041 [CRITICAL] (          logging.py:  32)   File "C:\Users\ejvil\miniconda3\envs\nspyre\Lib\site-packages\nspyre\gui\widgets\flex_line_plot_3.py", line 373, in get_settings
2025-03-11 14:30:56.041 [CRITICAL] (          logging.py:  32)     settings = self.series_settings[name]
2025-03-11 14:30:56.041 [CRITICAL] (          logging.py:  32)                ~~~~~~~~~~~~~~~~~~~~^^^^^^
2025-03-11 14:30:56.045 [CRITICAL] (          logging.py:  32) KeyError: 'diff nuclear oscillation with pi pulse'
2025-03-11 14:30:56.045 [CRITICAL] (          logging.py:  32) Traceback (most recent call last):
2025-03-11 14:30:56.046 [CRITICAL] (          logging.py:  32)   File "C:\Users\ejvil\miniconda3\envs\nspyre\Lib\site-packages\nspyre\gui\threadsafe.py", line 91, in _handle_error
2025-03-11 14:30:56.046 [CRITICAL] (          logging.py:  32)     raise err
2025-03-11 14:30:56.046 [CRITICAL] (          logging.py:  32)   File "C:\Users\ejvil\miniconda3\envs\nspyre\Lib\site-packages\nspyre\gui\threadsafe.py", line 171, in _run_safe
2025-03-11 14:30:56.046 [CRITICAL] (          logging.py:  32)     result = fun(*args, **kwargs)
2025-03-11 14:30:56.046 [CRITICAL] (          logging.py:  32)              ^^^^^^^^^^^^^^^^^^^^
2025-03-11 14:30:56.046 [CRITICAL] (          logging.py:  32)   File "C:\Users\ejvil\miniconda3\envs\nspyre\Lib\site-packages\nspyre\gui\widgets\flex_line_plot_3.py", line 373, in get_settings
2025-03-11 14:30:56.046 [CRITICAL] (          logging.py:  32)     settings = self.series_settings[name]
2025-03-11 14:30:56.046 [CRITICAL] (          logging.py:  32)                ~~~~~~~~~~~~~~~~~~~~^^^^^^
2025-03-11 14:30:56.046 [CRITICAL] (          logging.py:  32) KeyError: 'diff nuclear oscillation no pi pulse'
2025-03-11 14:30:56.046 [CRITICAL] (          logging.py:  32) Traceback (most recent call last):
2025-03-11 14:30:56.046 [CRITICAL] (          logging.py:  32)   File "C:\Users\ejvil\miniconda3\envs\nspyre\Lib\site-packages\nspyre\gui\threadsafe.py", line 91, in _handle_error
2025-03-11 14:30:56.046 [CRITICAL] (          logging.py:  32)     raise err
2025-03-11 14:30:56.046 [CRITICAL] (          logging.py:  32)   File "C:\Users\ejvil\miniconda3\envs\nspyre\Lib\site-packages\nspyre\gui\threadsafe.py", line 171, in _run_safe
2025-03-11 14:30:56.055 [CRITICAL] (          logging.py:  32)     result = fun(*args, **kwargs)
2025-03-11 14:30:56.055 [CRITICAL] (          logging.py:  32)              ^^^^^^^^^^^^^^^^^^^^
2025-03-11 14:30:56.055 [CRITICAL] (          logging.py:  32)   File "C:\Users\ejvil\miniconda3\envs\nspyre\Lib\site-packages\nspyre\gui\widgets\flex_line_plot_3.py", line 373, in get_settings
2025-03-11 14:30:56.056 [CRITICAL] (          logging.py:  32)     settings = self.series_settings[name]
2025-03-11 14:30:56.056 [CRITICAL] (          logging.py:  32)                ~~~~~~~~~~~~~~~~~~~~^^^^^^
2025-03-11 14:30:56.056 [CRITICAL] (          logging.py:  32) KeyError: 'sum pure nuclear oscillation'
2025-03-11 14:30:56.056 [CRITICAL] (          logging.py:  32) Traceback (most recent call last):
2025-03-11 14:30:56.056 [CRITICAL] (          logging.py:  32)   File "C:\Users\ejvil\miniconda3\envs\nspyre\Lib\site-packages\nspyre\gui\threadsafe.py", line 91, in _handle_error
2025-03-11 14:30:56.056 [CRITICAL] (          logging.py:  32)     raise err
2025-03-11 14:30:56.056 [CRITICAL] (          logging.py:  32)   File "C:\Users\ejvil\miniconda3\envs\nspyre\Lib\site-packages\nspyre\gui\threadsafe.py", line 171, in _run_safe
2025-03-11 14:30:56.056 [CRITICAL] (          logging.py:  32)     result = fun(*args, **kwargs)
2025-03-11 14:30:56.056 [CRITICAL] (          logging.py:  32)              ^^^^^^^^^^^^^^^^^^^^
2025-03-11 14:30:56.056 [CRITICAL] (          logging.py:  32)   File "C:\Users\ejvil\miniconda3\envs\nspyre\Lib\site-packages\nspyre\gui\widgets\flex_line_plot_3.py", line 373, in get_settings
2025-03-11 14:30:56.056 [CRITICAL] (          logging.py:  32)     settings = self.series_settings[name]
2025-03-11 14:30:56.065 [CRITICAL] (          logging.py:  32)                ~~~~~~~~~~~~~~~~~~~~^^^^^^
2025-03-11 14:30:56.065 [CRITICAL] (          logging.py:  32) KeyError: 'with pi pulse +y avg'
2025-03-11 14:30:56.065 [CRITICAL] (          logging.py:  32) Traceback (most recent call last):
2025-03-11 14:30:56.065 [CRITICAL] (          logging.py:  32)   File "C:\Users\ejvil\miniconda3\envs\nspyre\Lib\site-packages\nspyre\gui\threadsafe.py", line 91, in _handle_error
2025-03-11 14:30:56.065 [CRITICAL] (          logging.py:  32)     raise err
2025-03-11 14:30:56.065 [CRITICAL] (          logging.py:  32)   File "C:\Users\ejvil\miniconda3\envs\nspyre\Lib\site-packages\nspyre\gui\threadsafe.py", line 171, in _run_safe
2025-03-11 14:30:56.070 [CRITICAL] (          logging.py:  32)     result = fun(*args, **kwargs)
2025-03-11 14:30:56.070 [CRITICAL] (          logging.py:  32)              ^^^^^^^^^^^^^^^^^^^^
2025-03-11 14:30:56.070 [CRITICAL] (          logging.py:  32)   File "C:\Users\ejvil\miniconda3\envs\nspyre\Lib\site-packages\nspyre\gui\widgets\flex_line_plot_3.py", line 373, in get_settings
2025-03-11 14:30:56.072 [CRITICAL] (          logging.py:  32)     settings = self.series_settings[name]
2025-03-11 14:30:56.072 [CRITICAL] (          logging.py:  32)                ~~~~~~~~~~~~~~~~~~~~^^^^^^
2025-03-11 14:30:56.072 [CRITICAL] (          logging.py:  32) KeyError: 'with pi pulse +y latest'
2025-03-11 14:30:56.072 [CRITICAL] (          logging.py:  32) Traceback (most recent call last):
2025-03-11 14:30:56.072 [CRITICAL] (          logging.py:  32)   File "C:\Users\ejvil\miniconda3\envs\nspyre\Lib\site-packages\nspyre\gui\threadsafe.py", line 91, in _handle_error
2025-03-11 14:30:56.072 [CRITICAL] (          logging.py:  32)     raise err
2025-03-11 14:30:56.072 [CRITICAL] (          logging.py:  32)   File "C:\Users\ejvil\miniconda3\envs\nspyre\Lib\site-packages\nspyre\gui\threadsafe.py", line 171, in _run_safe
2025-03-11 14:30:56.074 [CRITICAL] (          logging.py:  32)     result = fun(*args, **kwargs)
2025-03-11 14:30:56.074 [CRITICAL] (          logging.py:  32)              ^^^^^^^^^^^^^^^^^^^^
2025-03-11 14:30:56.074 [CRITICAL] (          logging.py:  32)   File "C:\Users\ejvil\miniconda3\envs\nspyre\Lib\site-packages\nspyre\gui\widgets\flex_line_plot_3.py", line 373, in get_settings
2025-03-11 14:30:56.074 [CRITICAL] (          logging.py:  32)     settings = self.series_settings[name]
2025-03-11 14:30:56.074 [CRITICAL] (          logging.py:  32)                ~~~~~~~~~~~~~~~~~~~~^^^^^^
2025-03-11 14:30:56.074 [CRITICAL] (          logging.py:  32) KeyError: 'with pi pulse -y avg'
2025-03-11 14:30:56.074 [CRITICAL] (          logging.py:  32) Traceback (most recent call last):
2025-03-11 14:30:56.074 [CRITICAL] (          logging.py:  32)   File "C:\Users\ejvil\miniconda3\envs\nspyre\Lib\site-packages\nspyre\gui\threadsafe.py", line 91, in _handle_error
2025-03-11 14:30:56.075 [CRITICAL] (          logging.py:  32)     raise err
2025-03-11 14:30:56.075 [CRITICAL] (          logging.py:  32)   File "C:\Users\ejvil\miniconda3\envs\nspyre\Lib\site-packages\nspyre\gui\threadsafe.py", line 171, in _run_safe
2025-03-11 14:30:56.075 [CRITICAL] (          logging.py:  32)     result = fun(*args, **kwargs)
2025-03-11 14:30:56.075 [CRITICAL] (          logging.py:  32)              ^^^^^^^^^^^^^^^^^^^^
2025-03-11 14:30:56.075 [CRITICAL] (          logging.py:  32)   File "C:\Users\ejvil\miniconda3\envs\nspyre\Lib\site-packages\nspyre\gui\widgets\flex_line_plot_3.py", line 373, in get_settings
2025-03-11 14:30:56.075 [CRITICAL] (          logging.py:  32)     settings = self.series_settings[name]
2025-03-11 14:30:56.075 [CRITICAL] (          logging.py:  32)                ~~~~~~~~~~~~~~~~~~~~^^^^^^
2025-03-11 14:30:56.075 [CRITICAL] (          logging.py:  32) KeyError: 'with pi pulse -y latest'
2025-03-11 14:30:56.075 [CRITICAL] (          logging.py:  32) Traceback (most recent call last):
2025-03-11 14:30:56.075 [CRITICAL] (          logging.py:  32)   File "C:\Users\ejvil\miniconda3\envs\nspyre\Lib\site-packages\nspyre\gui\threadsafe.py", line 91, in _handle_error
2025-03-11 14:30:56.075 [CRITICAL] (          logging.py:  32)     raise err
2025-03-11 14:30:56.075 [CRITICAL] (          logging.py:  32)   File "C:\Users\ejvil\miniconda3\envs\nspyre\Lib\site-packages\nspyre\gui\threadsafe.py", line 171, in _run_safe
2025-03-11 14:30:56.075 [CRITICAL] (          logging.py:  32)     result = fun(*args, **kwargs)
2025-03-11 14:30:56.075 [CRITICAL] (          logging.py:  32)              ^^^^^^^^^^^^^^^^^^^^
2025-03-11 14:30:56.075 [CRITICAL] (          logging.py:  32)   File "C:\Users\ejvil\miniconda3\envs\nspyre\Lib\site-packages\nspyre\gui\widgets\flex_line_plot_3.py", line 373, in get_settings
2025-03-11 14:30:56.075 [CRITICAL] (          logging.py:  32)     settings = self.series_settings[name]
2025-03-11 14:30:56.075 [CRITICAL] (          logging.py:  32)                ~~~~~~~~~~~~~~~~~~~~^^^^^^
2025-03-11 14:30:56.075 [CRITICAL] (          logging.py:  32) KeyError: 'no pi pulse +y avg'
2025-03-11 14:30:56.075 [CRITICAL] (          logging.py:  32) Traceback (most recent call last):
2025-03-11 14:30:56.075 [CRITICAL] (          logging.py:  32)   File "C:\Users\ejvil\miniconda3\envs\nspyre\Lib\site-packages\nspyre\gui\threadsafe.py", line 91, in _handle_error
2025-03-11 14:30:56.075 [CRITICAL] (          logging.py:  32)     raise err
2025-03-11 14:30:56.075 [CRITICAL] (          logging.py:  32)   File "C:\Users\ejvil\miniconda3\envs\nspyre\Lib\site-packages\nspyre\gui\threadsafe.py", line 171, in _run_safe
2025-03-11 14:30:56.075 [CRITICAL] (          logging.py:  32)     result = fun(*args, **kwargs)
2025-03-11 14:30:56.075 [CRITICAL] (          logging.py:  32)              ^^^^^^^^^^^^^^^^^^^^
2025-03-11 14:30:56.075 [CRITICAL] (          logging.py:  32)   File "C:\Users\ejvil\miniconda3\envs\nspyre\Lib\site-packages\nspyre\gui\widgets\flex_line_plot_3.py", line 373, in get_settings
2025-03-11 14:30:56.075 [CRITICAL] (          logging.py:  32)     settings = self.series_settings[name]
2025-03-11 14:30:56.075 [CRITICAL] (          logging.py:  32)                ~~~~~~~~~~~~~~~~~~~~^^^^^^
2025-03-11 14:30:56.075 [CRITICAL] (          logging.py:  32) KeyError: 'no pi pulse +y latest'
2025-03-11 14:30:56.075 [CRITICAL] (          logging.py:  32) Traceback (most recent call last):
2025-03-11 14:30:56.075 [CRITICAL] (          logging.py:  32)   File "C:\Users\ejvil\miniconda3\envs\nspyre\Lib\site-packages\nspyre\gui\threadsafe.py", line 91, in _handle_error
2025-03-11 14:30:56.075 [CRITICAL] (          logging.py:  32)     raise err
2025-03-11 14:30:56.075 [CRITICAL] (          logging.py:  32)   File "C:\Users\ejvil\miniconda3\envs\nspyre\Lib\site-packages\nspyre\gui\threadsafe.py", line 171, in _run_safe
2025-03-11 14:30:56.075 [CRITICAL] (          logging.py:  32)     result = fun(*args, **kwargs)
2025-03-11 14:30:56.075 [CRITICAL] (          logging.py:  32)              ^^^^^^^^^^^^^^^^^^^^
2025-03-11 14:30:56.075 [CRITICAL] (          logging.py:  32)   File "C:\Users\ejvil\miniconda3\envs\nspyre\Lib\site-packages\nspyre\gui\widgets\flex_line_plot_3.py", line 373, in get_settings
2025-03-11 14:30:56.075 [CRITICAL] (          logging.py:  32)     settings = self.series_settings[name]
2025-03-11 14:30:56.075 [CRITICAL] (          logging.py:  32)                ~~~~~~~~~~~~~~~~~~~~^^^^^^
2025-03-11 14:30:56.075 [CRITICAL] (          logging.py:  32) KeyError: 'no pi pulse -y avg'
2025-03-11 14:30:56.075 [CRITICAL] (          logging.py:  32) Traceback (most recent call last):
2025-03-11 14:30:56.075 [CRITICAL] (          logging.py:  32)   File "C:\Users\ejvil\miniconda3\envs\nspyre\Lib\site-packages\nspyre\gui\threadsafe.py", line 91, in _handle_error
2025-03-11 14:30:56.075 [CRITICAL] (          logging.py:  32)     raise err
2025-03-11 14:30:56.075 [CRITICAL] (          logging.py:  32)   File "C:\Users\ejvil\miniconda3\envs\nspyre\Lib\site-packages\nspyre\gui\threadsafe.py", line 171, in _run_safe
2025-03-11 14:30:56.075 [CRITICAL] (          logging.py:  32)     result = fun(*args, **kwargs)
2025-03-11 14:30:56.085 [CRITICAL] (          logging.py:  32)              ^^^^^^^^^^^^^^^^^^^^
2025-03-11 14:30:56.085 [CRITICAL] (          logging.py:  32)   File "C:\Users\ejvil\miniconda3\envs\nspyre\Lib\site-packages\nspyre\gui\widgets\flex_line_plot_3.py", line 373, in get_settings
2025-03-11 14:30:56.085 [CRITICAL] (          logging.py:  32)     settings = self.series_settings[name]
2025-03-11 14:30:56.085 [CRITICAL] (          logging.py:  32)                ~~~~~~~~~~~~~~~~~~~~^^^^^^
2025-03-11 14:30:56.085 [CRITICAL] (          logging.py:  32) KeyError: 'no pi pulse -y latest'
2025-03-11 14:31:10.287 [    INFO] (             misc.py: 208) Running process function [<function run_experiment at 0x00000195908B4FE0>] with args: [()] kwargs: [{'exp_cls': <class 'nv_experiments_all.SpinMeasurements'>, 'fun_name': 'rabi_scan', 'constructor_args': [], 'constructor_kwargs': {}, 'queue_to_exp': <multiprocessing.queues.Queue object at 0x000001959731BA90>, 'queue_from_exp': <multiprocessing.queues.Queue object at 0x000001959732F7D0>, 'fun_args': [], 'fun_kwargs': {'runs': 120, 'iters': 100, 'start': 0.0, 'stop': 2e-07, 'num_pts': 50, 'freq': 2312000000.0, 'rf_power': 0.00075, 'pulse_axis': 'y', 'laser_power': 110, 'laser_init': 3e-05, 'laser_readout': 2.5e-06, 'sideband_freq': 30000000.0, 'sideband_power': 0.45, 'sideband': 'Lower', 'i_offset': -0.002, 'q_offset': -0.004, 'detector': 'APD', 'segment_size': 1024, 'dig_sampling_freq': 500000000.0, 'dig_amplitude': 1.0, 'read_channel': '0', 'dig_coupling': 'DC', 'dig_termination': '1M', 'pretrig_size': 32, 'dig_timeout': 5.0, 'save': False, 'dataset': 'rabi', 'filename': 'pH_7_linspace_400mV_shortspan2', 'directory': '//maurerlabnas/MaurerLab/ejvilla4/pH project/March 2025 Titration Curve/', 'seq': 'Rabi', 'fit': False, 'fit_live': False, 'fit_params': [0.02, 0.001, 200.0, 0.0, 1.0]}}].
2025-03-11 14:31:46.803 [    INFO] (             sink.py: 137) Sink connected to data server [('127.0.0.1', 30101)].
2025-03-11 14:32:12.194 [    INFO] (             misc.py: 208) Running process function [<function run_experiment at 0x00000195908B4FE0>] with args: [()] kwargs: [{'exp_cls': <class 'nv_experiments_all.SpinMeasurements'>, 'fun_name': 'MW_T1_scan', 'constructor_args': [], 'constructor_kwargs': {}, 'queue_to_exp': <multiprocessing.queues.Queue object at 0x000001959731BA90>, 'queue_from_exp': <multiprocessing.queues.Queue object at 0x000001959732F7D0>, 'fun_args': [], 'fun_kwargs': {'runs': 120, 'iters': 1000, 'start': 5e-08, 'stop': 0.02, 'num_pts': 50, 'array_type': 'geomspace', 'freq': 2312000000.0, 'rf_power': 0.00075, 'pi': 1.03e-07, 'pulse_axis': 'y', 'laser_power': 110, 'laser_init': 3e-05, 'laser_readout': 2.5e-06, 'sideband_freq': 30000000.0, 'sideband_power': 0.45, 'sideband': 'Lower', 'i_offset': -0.002, 'q_offset': -0.004, 'detector': 'APD', 'segment_size': 1024, 'dig_sampling_freq': 500000000.0, 'dig_amplitude': 1.0, 'read_channel': '0', 'dig_coupling': 'DC', 'dig_termination': '1M', 'pretrig_size': 32, 'dig_timeout': 5.0, 'save': True, 'dataset': 't1', 'filename': 'pH9', 'directory': '//maurerlabnas/MaurerLab/ejvilla4/pH project/March 2025 Titration Curve/pH 9/', 'seq': 'MW T1', 'fit': False, 'fit_live': False, 'fit_params': [0.01, 1.0, 1.0, 0.0]}}].
2025-03-11 15:08:00.568 [    INFO] (             sink.py: 137) Sink connected to data server [('127.0.0.1', 30101)].
2025-03-11 15:08:00.925 [CRITICAL] (          logging.py:  32) Traceback (most recent call last):
2025-03-11 15:08:00.925 [CRITICAL] (          logging.py:  32)   File "C:\Users\ejvil\miniconda3\envs\nspyre\Lib\site-packages\nspyre\gui\threadsafe.py", line 91, in _handle_error
2025-03-11 15:08:00.925 [CRITICAL] (          logging.py:  32)     raise err
2025-03-11 15:08:00.925 [CRITICAL] (          logging.py:  32)   File "C:\Users\ejvil\miniconda3\envs\nspyre\Lib\site-packages\nspyre\gui\threadsafe.py", line 171, in _run_safe
2025-03-11 15:08:00.925 [CRITICAL] (          logging.py:  32)     result = fun(*args, **kwargs)
2025-03-11 15:08:00.925 [CRITICAL] (          logging.py:  32)              ^^^^^^^^^^^^^^^^^^^^
2025-03-11 15:08:00.925 [CRITICAL] (          logging.py:  32)   File "C:\Users\ejvil\miniconda3\envs\nspyre\Lib\site-packages\nspyre\gui\widgets\flex_line_plot_3.py", line 373, in get_settings
2025-03-11 15:08:00.925 [CRITICAL] (          logging.py:  32)     settings = self.series_settings[name]
2025-03-11 15:08:00.925 [CRITICAL] (          logging.py:  32)                ~~~~~~~~~~~~~~~~~~~~^^^^^^
2025-03-11 15:08:00.925 [CRITICAL] (          logging.py:  32) KeyError: 'sig_latest'
2025-03-11 15:08:00.925 [CRITICAL] (          logging.py:  32) Traceback (most recent call last):
2025-03-11 15:08:00.925 [CRITICAL] (          logging.py:  32)   File "C:\Users\ejvil\miniconda3\envs\nspyre\Lib\site-packages\nspyre\gui\threadsafe.py", line 91, in _handle_error
2025-03-11 15:08:00.935 [CRITICAL] (          logging.py:  32)     raise err
2025-03-11 15:08:00.936 [CRITICAL] (          logging.py:  32)   File "C:\Users\ejvil\miniconda3\envs\nspyre\Lib\site-packages\nspyre\gui\threadsafe.py", line 171, in _run_safe
2025-03-11 15:08:00.936 [CRITICAL] (          logging.py:  32)     result = fun(*args, **kwargs)
2025-03-11 15:08:00.936 [CRITICAL] (          logging.py:  32)              ^^^^^^^^^^^^^^^^^^^^
2025-03-11 15:08:00.936 [CRITICAL] (          logging.py:  32)   File "C:\Users\ejvil\miniconda3\envs\nspyre\Lib\site-packages\nspyre\gui\widgets\flex_line_plot_3.py", line 373, in get_settings
2025-03-11 15:08:00.936 [CRITICAL] (          logging.py:  32)     settings = self.series_settings[name]
2025-03-11 15:08:00.936 [CRITICAL] (          logging.py:  32)                ~~~~~~~~~~~~~~~~~~~~^^^^^^
2025-03-11 15:08:00.936 [CRITICAL] (          logging.py:  32) KeyError: 'sig_first'
2025-03-11 15:08:00.936 [CRITICAL] (          logging.py:  32) Traceback (most recent call last):
2025-03-11 15:08:00.936 [CRITICAL] (          logging.py:  32)   File "C:\Users\ejvil\miniconda3\envs\nspyre\Lib\site-packages\nspyre\gui\threadsafe.py", line 91, in _handle_error
2025-03-11 15:08:00.936 [CRITICAL] (          logging.py:  32)     raise err
2025-03-11 15:08:00.936 [CRITICAL] (          logging.py:  32)   File "C:\Users\ejvil\miniconda3\envs\nspyre\Lib\site-packages\nspyre\gui\threadsafe.py", line 171, in _run_safe
2025-03-11 15:08:00.936 [CRITICAL] (          logging.py:  32)     result = fun(*args, **kwargs)
2025-03-11 15:08:00.936 [CRITICAL] (          logging.py:  32)              ^^^^^^^^^^^^^^^^^^^^
2025-03-11 15:08:00.936 [CRITICAL] (          logging.py:  32)   File "C:\Users\ejvil\miniconda3\envs\nspyre\Lib\site-packages\nspyre\gui\widgets\flex_line_plot_3.py", line 373, in get_settings
2025-03-11 15:08:00.936 [CRITICAL] (          logging.py:  32)     settings = self.series_settings[name]
2025-03-11 15:08:00.936 [CRITICAL] (          logging.py:  32)                ~~~~~~~~~~~~~~~~~~~~^^^^^^
2025-03-11 15:08:00.936 [CRITICAL] (          logging.py:  32) KeyError: 'sig_latest_10'
2025-03-11 15:08:00.945 [CRITICAL] (          logging.py:  32) Traceback (most recent call last):
2025-03-11 15:08:00.945 [CRITICAL] (          logging.py:  32)   File "C:\Users\ejvil\miniconda3\envs\nspyre\Lib\site-packages\nspyre\gui\threadsafe.py", line 91, in _handle_error
2025-03-11 15:08:00.945 [CRITICAL] (          logging.py:  32)     raise err
2025-03-11 15:08:00.945 [CRITICAL] (          logging.py:  32)   File "C:\Users\ejvil\miniconda3\envs\nspyre\Lib\site-packages\nspyre\gui\threadsafe.py", line 171, in _run_safe
2025-03-11 15:08:00.945 [CRITICAL] (          logging.py:  32)     result = fun(*args, **kwargs)
2025-03-11 15:08:00.945 [CRITICAL] (          logging.py:  32)              ^^^^^^^^^^^^^^^^^^^^
2025-03-11 15:08:00.945 [CRITICAL] (          logging.py:  32)   File "C:\Users\ejvil\miniconda3\envs\nspyre\Lib\site-packages\nspyre\gui\widgets\flex_line_plot_3.py", line 373, in get_settings
2025-03-11 15:08:00.945 [CRITICAL] (          logging.py:  32)     settings = self.series_settings[name]
2025-03-11 15:08:00.945 [CRITICAL] (          logging.py:  32)                ~~~~~~~~~~~~~~~~~~~~^^^^^^
2025-03-11 15:08:00.945 [CRITICAL] (          logging.py:  32) KeyError: 'bg_avg'
2025-03-11 15:08:00.945 [CRITICAL] (          logging.py:  32) Traceback (most recent call last):
2025-03-11 15:08:00.945 [CRITICAL] (          logging.py:  32)   File "C:\Users\ejvil\miniconda3\envs\nspyre\Lib\site-packages\nspyre\gui\threadsafe.py", line 91, in _handle_error
2025-03-11 15:08:00.945 [CRITICAL] (          logging.py:  32)     raise err
2025-03-11 15:08:00.945 [CRITICAL] (          logging.py:  32)   File "C:\Users\ejvil\miniconda3\envs\nspyre\Lib\site-packages\nspyre\gui\threadsafe.py", line 171, in _run_safe
2025-03-11 15:08:00.955 [CRITICAL] (          logging.py:  32)     result = fun(*args, **kwargs)
2025-03-11 15:08:00.955 [CRITICAL] (          logging.py:  32)              ^^^^^^^^^^^^^^^^^^^^
2025-03-11 15:08:00.955 [CRITICAL] (          logging.py:  32)   File "C:\Users\ejvil\miniconda3\envs\nspyre\Lib\site-packages\nspyre\gui\widgets\flex_line_plot_3.py", line 373, in get_settings
2025-03-11 15:08:00.955 [CRITICAL] (          logging.py:  32)     settings = self.series_settings[name]
2025-03-11 15:08:00.955 [CRITICAL] (          logging.py:  32)                ~~~~~~~~~~~~~~~~~~~~^^^^^^
2025-03-11 15:08:00.955 [CRITICAL] (          logging.py:  32) KeyError: 'bg_latest'
2025-03-11 15:08:21.095 [    INFO] (             sink.py: 137) Sink connected to data server [('127.0.0.1', 30101)].
2025-03-11 15:08:31.645 [    INFO] (             misc.py: 208) Running process function [<function run_experiment at 0x00000195908B4FE0>] with args: [()] kwargs: [{'exp_cls': <class 'nv_experiments_all.SpinMeasurements'>, 'fun_name': 'DEER_rabi_scan', 'constructor_args': [], 'constructor_kwargs': {}, 'queue_to_exp': <multiprocessing.queues.Queue object at 0x000001959731BA90>, 'queue_from_exp': <multiprocessing.queues.Queue object at 0x000001959732F7D0>, 'fun_args': [], 'fun_kwargs': {'runs': 120, 'iters': 1000, 'start': 3e-09, 'stop': 3e-07, 'num_pts': 100, 'tau': 8e-07, 'freq': 2312000000.0, 'rf_power': 0.00075, 'pi': 1.03e-07, 'pulse_axis': 'y', 'dark_freq': 559000000.0, 'awg_power': 0.25, 'laser_power': 110, 'laser_init': 3e-05, 'laser_readout': 2.5e-06, 'sideband_freq': 30000000.0, 'sideband_power': 0.45, 'sideband': 'Lower', 'i_offset': -0.002, 'q_offset': -0.004, 'detector': 'APD', 'segment_size': 1024, 'dig_sampling_freq': 500000000.0, 'dig_amplitude': 1.0, 'read_channel': '0', 'dig_coupling': 'DC', 'dig_termination': '1M', 'pretrig_size': 32, 'dig_timeout': 5.0, 'save': True, 'dataset': 'deer rabi', 'filename': 'pH9', 'directory': '//maurerlabnas/MaurerLab/ejvilla4/pH project/March 2025 Titration Curve/pH 9/', 'seq': 'DEER Rabi', 'fit': True, 'fit_live': True, 'fit_params': [0.1, 0.001, 100.0, 0.0, 1.0]}}].
2025-03-11 15:29:02.250 [    INFO] (             sink.py: 137) Sink connected to data server [('127.0.0.1', 30101)].
2025-03-11 15:29:12.672 [    INFO] (             misc.py: 208) Running process function [<function run_experiment at 0x00000195908B4FE0>] with args: [()] kwargs: [{'exp_cls': <class 'nv_experiments_all.SpinMeasurements'>, 'fun_name': 'DEER_scan', 'constructor_args': [], 'constructor_kwargs': {}, 'queue_to_exp': <multiprocessing.queues.Queue object at 0x000001959731BA90>, 'queue_from_exp': <multiprocessing.queues.Queue object at 0x000001959732F7D0>, 'fun_args': [], 'fun_kwargs': {'runs': 120, 'iters': 7000, 'start': 500000000.0, 'stop': 620000000.0, 'num_pts': 100, 'tau': 8e-07, 'freq': 2312000000.0, 'rf_power': 0.00075, 'pi': 1.03e-07, 'pulse_axis': 'y', 'awg_power': 0.25, 'dark_pi': 1.44e-07, 'drive_type': 'Pulsed', 'laser_power': 110, 'laser_init': 3e-05, 'laser_readout': 2.5e-06, 'sideband_freq': 30000000.0, 'sideband_power': 0.45, 'sideband': 'Lower', 'i_offset': -0.002, 'q_offset': -0.004, 'detector': 'APD', 'segment_size': 1024, 'dig_sampling_freq': 500000000.0, 'dig_amplitude': 1.0, 'read_channel': '0', 'dig_coupling': 'DC', 'dig_termination': '1M', 'pretrig_size': 32, 'dig_timeout': 5.0, 'save': True, 'dataset': 'deer', 'filename': 'pH9', 'directory': '//maurerlabnas/MaurerLab/ejvilla4/pH project/March 2025 Titration Curve/pH 9/', 'seq': 'DEER', 'fit': False, 'fit_live': False, 'fit_params': [0.1, 560.0, 10.0, 1.0]}}].
2025-03-11 15:37:42.585 [    INFO] (             sink.py: 137) Sink connected to data server [('127.0.0.1', 30101)].
2025-03-11 15:37:43.594 [CRITICAL] (          logging.py:  32) Traceback (most recent call last):
2025-03-11 15:37:43.594 [CRITICAL] (          logging.py:  32)   File "C:\Users\ejvil\miniconda3\envs\nspyre\Lib\site-packages\nspyre\gui\widgets\flex_line_plot_3.py", line 1801, in _new_source
2025-03-11 15:37:43.594 [CRITICAL] (          logging.py:  32)     self.plot_settings.sink.pop(timeout=self.timeout)
2025-03-11 15:37:43.594 [CRITICAL] (          logging.py:  32)   File "C:\Users\ejvil\miniconda3\envs\nspyre\Lib\site-packages\nspyre\data\sink.py", line 356, in pop
2025-03-11 15:37:43.594 [CRITICAL] (          logging.py:  32)     raise TimeoutError(f'{self} pop() timed out.')
2025-03-11 15:37:43.594 [CRITICAL] (          logging.py:  32) TimeoutError: Data Sink (running=True) [name=deer t1,  pop() timed out.
2025-03-11 15:37:43.594 [CRITICAL] (          logging.py:  32) 
2025-03-11 15:37:43.594 [CRITICAL] (          logging.py:  32) The above exception was the direct cause of the following exception:
2025-03-11 15:37:43.594 [CRITICAL] (          logging.py:  32) 
2025-03-11 15:37:43.594 [CRITICAL] (          logging.py:  32) Traceback (most recent call last):
2025-03-11 15:37:43.594 [CRITICAL] (          logging.py:  32)   File "C:\Users\ejvil\miniconda3\envs\nspyre\Lib\site-packages\nspyre\gui\threadsafe.py", line 91, in _handle_error
2025-03-11 15:37:43.594 [CRITICAL] (          logging.py:  32)     raise err
2025-03-11 15:37:43.599 [CRITICAL] (          logging.py:  32)   File "C:\Users\ejvil\miniconda3\envs\nspyre\Lib\site-packages\nspyre\gui\threadsafe.py", line 171, in _run_safe
2025-03-11 15:37:43.599 [CRITICAL] (          logging.py:  32)     result = fun(*args, **kwargs)
2025-03-11 15:37:43.599 [CRITICAL] (          logging.py:  32)              ^^^^^^^^^^^^^^^^^^^^
2025-03-11 15:37:43.599 [CRITICAL] (          logging.py:  32)   File "C:\Users\ejvil\miniconda3\envs\nspyre\Lib\site-packages\nspyre\gui\widgets\flex_line_plot_3.py", line 1865, in _new_source
2025-03-11 15:37:43.599 [CRITICAL] (          logging.py:  32)     raise RuntimeError(
2025-03-11 15:37:43.599 [CRITICAL] (          logging.py:  32) RuntimeError: Could not connect to new data source [deer t1]
2025-03-11 15:37:43.599 [    INFO] (        line_plot.py:  78) A plot with the name [fit] does not exist. Ignoring remove_plot request.
2025-03-11 15:37:43.599 [    INFO] (        line_plot.py:  78) A plot with the name [dark_avg] does not exist. Ignoring remove_plot request.
2025-03-11 15:37:43.599 [    INFO] (        line_plot.py:  78) A plot with the name [echo_avg] does not exist. Ignoring remove_plot request.
2025-03-11 15:37:43.604 [    INFO] (        line_plot.py:  78) A plot with the name [contrast_avg] does not exist. Ignoring remove_plot request.
2025-03-11 15:37:43.604 [    INFO] (        line_plot.py:  78) A plot with the name [contrast_latest] does not exist. Ignoring remove_plot request.
2025-03-11 15:37:43.604 [    INFO] (        line_plot.py:  78) A plot with the name [dark_sig_avg] does not exist. Ignoring remove_plot request.
2025-03-11 15:37:43.604 [    INFO] (        line_plot.py:  78) A plot with the name [dark_sig_latest] does not exist. Ignoring remove_plot request.
2025-03-11 15:37:43.604 [    INFO] (        line_plot.py:  78) A plot with the name [dark_bg_avg] does not exist. Ignoring remove_plot request.
2025-03-11 15:37:43.604 [    INFO] (        line_plot.py:  78) A plot with the name [dark_bg_latest] does not exist. Ignoring remove_plot request.
2025-03-11 15:37:43.604 [    INFO] (        line_plot.py:  78) A plot with the name [echo_sig_avg] does not exist. Ignoring remove_plot request.
2025-03-11 15:37:43.604 [    INFO] (        line_plot.py:  78) A plot with the name [echo_sig_latest] does not exist. Ignoring remove_plot request.
2025-03-11 15:37:43.604 [    INFO] (        line_plot.py:  78) A plot with the name [echo_bg_avg] does not exist. Ignoring remove_plot request.
2025-03-11 15:37:43.604 [    INFO] (        line_plot.py:  78) A plot with the name [echo_bg_latest] does not exist. Ignoring remove_plot request.
2025-03-11 15:37:44.618 [    INFO] (  _asyncio_worker.py:  89) Source [('localhost', 30101)] closed.
2025-03-11 15:37:56.869 [    INFO] (             sink.py: 137) Sink connected to data server [('127.0.0.1', 30101)].
2025-03-11 15:38:23.435 [   ERROR] (      base_events.py:1771) Task exception was never retrieved
future: <Task finished name='Task-748514' coro=<DataSink._main() done, defined at C:\Users\ejvil\miniconda3\envs\nspyre\Lib\site-packages\nspyre\data\sink.py:109> exception=RuntimeError('Maximum diff size exceeded. This is a consequence of memory build-up due to the sink not being able to keep up with the data rate. Reduce the data rate or increase the client processing throughput.') created at C:\Users\ejvil\miniconda3\envs\nspyre\Lib\asyncio\tasks.py:374>
source_traceback: Object created at (most recent call last):
  File "C:\Users\ejvil\miniconda3\envs\nspyre\Lib\threading.py", line 995, in _bootstrap
    self._bootstrap_inner()
  File "C:\Users\ejvil\miniconda3\envs\nspyre\Lib\threading.py", line 1038, in _bootstrap_inner
    self.run()
  File "C:\Users\ejvil\miniconda3\envs\nspyre\Lib\threading.py", line 975, in run
    self._target(*self._args, **self._kwargs)
  File "C:\Users\ejvil\miniconda3\envs\nspyre\Lib\site-packages\nspyre\data\_asyncio_worker.py", line 86, in _event_loop_thread
    self._event_loop.run_forever()
  File "C:\Users\ejvil\miniconda3\envs\nspyre\Lib\asyncio\base_events.py", line 607, in run_forever
    self._run_once()
  File "C:\Users\ejvil\miniconda3\envs\nspyre\Lib\asyncio\base_events.py", line 1914, in _run_once
    handle._run()
  File "C:\Users\ejvil\miniconda3\envs\nspyre\Lib\asyncio\events.py", line 80, in _run
    self._context.run(self._callback, *self._args)
  File "C:\Users\ejvil\miniconda3\envs\nspyre\Lib\site-packages\nspyre\data\_asyncio_worker.py", line 93, in _main_helper
    asyncio.create_task(self._main())
  File "C:\Users\ejvil\miniconda3\envs\nspyre\Lib\asyncio\tasks.py", line 374, in create_task
    task = loop.create_task(coro)
Traceback (most recent call last):
  File "C:\Users\ejvil\miniconda3\envs\nspyre\Lib\site-packages\nspyre\data\sink.py", line 210, in _main
    self._queue.put_nowait(pickle_diff)
  File "C:\Users\ejvil\miniconda3\envs\nspyre\Lib\asyncio\queues.py", line 143, in put_nowait
    raise QueueFull
asyncio.queues.QueueFull

The above exception was the direct cause of the following exception:

Traceback (most recent call last):
  File "C:\Users\ejvil\miniconda3\envs\nspyre\Lib\site-packages\nspyre\data\sink.py", line 219, in _main
    raise RuntimeError(
RuntimeError: Maximum diff size exceeded. This is a consequence of memory build-up due to the sink not being able to keep up with the data rate. Reduce the data rate or increase the client processing throughput.
2025-03-11 15:38:23.435 [   ERROR] (      base_events.py:1771) Task exception was never retrieved
future: <Task finished name='Task-20642' coro=<DataSink._main() done, defined at C:\Users\ejvil\miniconda3\envs\nspyre\Lib\site-packages\nspyre\data\sink.py:109> exception=RuntimeError('Maximum diff size exceeded. This is a consequence of memory build-up due to the sink not being able to keep up with the data rate. Reduce the data rate or increase the client processing throughput.') created at C:\Users\ejvil\miniconda3\envs\nspyre\Lib\asyncio\tasks.py:374>
source_traceback: Object created at (most recent call last):
  File "C:\Users\ejvil\miniconda3\envs\nspyre\Lib\threading.py", line 995, in _bootstrap
    self._bootstrap_inner()
  File "C:\Users\ejvil\miniconda3\envs\nspyre\Lib\threading.py", line 1038, in _bootstrap_inner
    self.run()
  File "C:\Users\ejvil\miniconda3\envs\nspyre\Lib\threading.py", line 975, in run
    self._target(*self._args, **self._kwargs)
  File "C:\Users\ejvil\miniconda3\envs\nspyre\Lib\site-packages\nspyre\data\_asyncio_worker.py", line 86, in _event_loop_thread
    self._event_loop.run_forever()
  File "C:\Users\ejvil\miniconda3\envs\nspyre\Lib\asyncio\base_events.py", line 607, in run_forever
    self._run_once()
  File "C:\Users\ejvil\miniconda3\envs\nspyre\Lib\asyncio\base_events.py", line 1914, in _run_once
    handle._run()
  File "C:\Users\ejvil\miniconda3\envs\nspyre\Lib\asyncio\events.py", line 80, in _run
    self._context.run(self._callback, *self._args)
  File "C:\Users\ejvil\miniconda3\envs\nspyre\Lib\site-packages\nspyre\data\_asyncio_worker.py", line 93, in _main_helper
    asyncio.create_task(self._main())
  File "C:\Users\ejvil\miniconda3\envs\nspyre\Lib\asyncio\tasks.py", line 374, in create_task
    task = loop.create_task(coro)
Traceback (most recent call last):
  File "C:\Users\ejvil\miniconda3\envs\nspyre\Lib\site-packages\nspyre\data\sink.py", line 210, in _main
    self._queue.put_nowait(pickle_diff)
  File "C:\Users\ejvil\miniconda3\envs\nspyre\Lib\asyncio\queues.py", line 143, in put_nowait
    raise QueueFull
asyncio.queues.QueueFull

The above exception was the direct cause of the following exception:

Traceback (most recent call last):
  File "C:\Users\ejvil\miniconda3\envs\nspyre\Lib\site-packages\nspyre\data\sink.py", line 219, in _main
    raise RuntimeError(
RuntimeError: Maximum diff size exceeded. This is a consequence of memory build-up due to the sink not being able to keep up with the data rate. Reduce the data rate or increase the client processing throughput.
2025-03-11 15:38:23.439 [   ERROR] (      base_events.py:1771) Task exception was never retrieved
future: <Task finished name='Task-103286' coro=<DataSink._main() done, defined at C:\Users\ejvil\miniconda3\envs\nspyre\Lib\site-packages\nspyre\data\sink.py:109> exception=RuntimeError('Maximum diff size exceeded. This is a consequence of memory build-up due to the sink not being able to keep up with the data rate. Reduce the data rate or increase the client processing throughput.') created at C:\Users\ejvil\miniconda3\envs\nspyre\Lib\asyncio\tasks.py:374>
source_traceback: Object created at (most recent call last):
  File "C:\Users\ejvil\miniconda3\envs\nspyre\Lib\threading.py", line 995, in _bootstrap
    self._bootstrap_inner()
  File "C:\Users\ejvil\miniconda3\envs\nspyre\Lib\threading.py", line 1038, in _bootstrap_inner
    self.run()
  File "C:\Users\ejvil\miniconda3\envs\nspyre\Lib\threading.py", line 975, in run
    self._target(*self._args, **self._kwargs)
  File "C:\Users\ejvil\miniconda3\envs\nspyre\Lib\site-packages\nspyre\data\_asyncio_worker.py", line 86, in _event_loop_thread
    self._event_loop.run_forever()
  File "C:\Users\ejvil\miniconda3\envs\nspyre\Lib\asyncio\base_events.py", line 607, in run_forever
    self._run_once()
  File "C:\Users\ejvil\miniconda3\envs\nspyre\Lib\asyncio\base_events.py", line 1914, in _run_once
    handle._run()
  File "C:\Users\ejvil\miniconda3\envs\nspyre\Lib\asyncio\events.py", line 80, in _run
    self._context.run(self._callback, *self._args)
  File "C:\Users\ejvil\miniconda3\envs\nspyre\Lib\site-packages\nspyre\data\_asyncio_worker.py", line 93, in _main_helper
    asyncio.create_task(self._main())
  File "C:\Users\ejvil\miniconda3\envs\nspyre\Lib\asyncio\tasks.py", line 374, in create_task
    task = loop.create_task(coro)
Traceback (most recent call last):
  File "C:\Users\ejvil\miniconda3\envs\nspyre\Lib\site-packages\nspyre\data\sink.py", line 210, in _main
    self._queue.put_nowait(pickle_diff)
  File "C:\Users\ejvil\miniconda3\envs\nspyre\Lib\asyncio\queues.py", line 143, in put_nowait
    raise QueueFull
asyncio.queues.QueueFull

The above exception was the direct cause of the following exception:

Traceback (most recent call last):
  File "C:\Users\ejvil\miniconda3\envs\nspyre\Lib\site-packages\nspyre\data\sink.py", line 219, in _main
    raise RuntimeError(
RuntimeError: Maximum diff size exceeded. This is a consequence of memory build-up due to the sink not being able to keep up with the data rate. Reduce the data rate or increase the client processing throughput.
2025-03-11 15:38:23.439 [   ERROR] (      base_events.py:1771) Task exception was never retrieved
future: <Task finished name='Task-50185' coro=<DataSink._main() done, defined at C:\Users\ejvil\miniconda3\envs\nspyre\Lib\site-packages\nspyre\data\sink.py:109> exception=RuntimeError('Maximum diff size exceeded. This is a consequence of memory build-up due to the sink not being able to keep up with the data rate. Reduce the data rate or increase the client processing throughput.') created at C:\Users\ejvil\miniconda3\envs\nspyre\Lib\asyncio\tasks.py:374>
source_traceback: Object created at (most recent call last):
  File "C:\Users\ejvil\miniconda3\envs\nspyre\Lib\threading.py", line 995, in _bootstrap
    self._bootstrap_inner()
  File "C:\Users\ejvil\miniconda3\envs\nspyre\Lib\threading.py", line 1038, in _bootstrap_inner
    self.run()
  File "C:\Users\ejvil\miniconda3\envs\nspyre\Lib\threading.py", line 975, in run
    self._target(*self._args, **self._kwargs)
  File "C:\Users\ejvil\miniconda3\envs\nspyre\Lib\site-packages\nspyre\data\_asyncio_worker.py", line 86, in _event_loop_thread
    self._event_loop.run_forever()
  File "C:\Users\ejvil\miniconda3\envs\nspyre\Lib\asyncio\base_events.py", line 607, in run_forever
    self._run_once()
  File "C:\Users\ejvil\miniconda3\envs\nspyre\Lib\asyncio\base_events.py", line 1914, in _run_once
    handle._run()
  File "C:\Users\ejvil\miniconda3\envs\nspyre\Lib\asyncio\events.py", line 80, in _run
    self._context.run(self._callback, *self._args)
  File "C:\Users\ejvil\miniconda3\envs\nspyre\Lib\site-packages\nspyre\data\_asyncio_worker.py", line 93, in _main_helper
    asyncio.create_task(self._main())
  File "C:\Users\ejvil\miniconda3\envs\nspyre\Lib\asyncio\tasks.py", line 374, in create_task
    task = loop.create_task(coro)
Traceback (most recent call last):
  File "C:\Users\ejvil\miniconda3\envs\nspyre\Lib\site-packages\nspyre\data\sink.py", line 210, in _main
    self._queue.put_nowait(pickle_diff)
  File "C:\Users\ejvil\miniconda3\envs\nspyre\Lib\asyncio\queues.py", line 143, in put_nowait
    raise QueueFull
asyncio.queues.QueueFull

The above exception was the direct cause of the following exception:

Traceback (most recent call last):
  File "C:\Users\ejvil\miniconda3\envs\nspyre\Lib\site-packages\nspyre\data\sink.py", line 219, in _main
    raise RuntimeError(
RuntimeError: Maximum diff size exceeded. This is a consequence of memory build-up due to the sink not being able to keep up with the data rate. Reduce the data rate or increase the client processing throughput.
2025-03-11 15:46:43.304 [   ERROR] (      base_events.py:1771) Task exception was never retrieved
future: <Task finished name='Task-762940' coro=<DataSink._main() done, defined at C:\Users\ejvil\miniconda3\envs\nspyre\Lib\site-packages\nspyre\data\sink.py:109> exception=RuntimeError('Maximum diff size exceeded. This is a consequence of memory build-up due to the sink not being able to keep up with the data rate. Reduce the data rate or increase the client processing throughput.') created at C:\Users\ejvil\miniconda3\envs\nspyre\Lib\asyncio\tasks.py:374>
source_traceback: Object created at (most recent call last):
  File "C:\Users\ejvil\miniconda3\envs\nspyre\Lib\threading.py", line 995, in _bootstrap
    self._bootstrap_inner()
  File "C:\Users\ejvil\miniconda3\envs\nspyre\Lib\threading.py", line 1038, in _bootstrap_inner
    self.run()
  File "C:\Users\ejvil\miniconda3\envs\nspyre\Lib\threading.py", line 975, in run
    self._target(*self._args, **self._kwargs)
  File "C:\Users\ejvil\miniconda3\envs\nspyre\Lib\site-packages\nspyre\data\_asyncio_worker.py", line 86, in _event_loop_thread
    self._event_loop.run_forever()
  File "C:\Users\ejvil\miniconda3\envs\nspyre\Lib\asyncio\base_events.py", line 607, in run_forever
    self._run_once()
  File "C:\Users\ejvil\miniconda3\envs\nspyre\Lib\asyncio\base_events.py", line 1914, in _run_once
    handle._run()
  File "C:\Users\ejvil\miniconda3\envs\nspyre\Lib\asyncio\events.py", line 80, in _run
    self._context.run(self._callback, *self._args)
  File "C:\Users\ejvil\miniconda3\envs\nspyre\Lib\site-packages\nspyre\data\_asyncio_worker.py", line 93, in _main_helper
    asyncio.create_task(self._main())
  File "C:\Users\ejvil\miniconda3\envs\nspyre\Lib\asyncio\tasks.py", line 374, in create_task
    task = loop.create_task(coro)
Traceback (most recent call last):
  File "C:\Users\ejvil\miniconda3\envs\nspyre\Lib\site-packages\nspyre\data\sink.py", line 210, in _main
    self._queue.put_nowait(pickle_diff)
  File "C:\Users\ejvil\miniconda3\envs\nspyre\Lib\asyncio\queues.py", line 143, in put_nowait
    raise QueueFull
asyncio.queues.QueueFull

The above exception was the direct cause of the following exception:

Traceback (most recent call last):
  File "C:\Users\ejvil\miniconda3\envs\nspyre\Lib\site-packages\nspyre\data\sink.py", line 219, in _main
    raise RuntimeError(
RuntimeError: Maximum diff size exceeded. This is a consequence of memory build-up due to the sink not being able to keep up with the data rate. Reduce the data rate or increase the client processing throughput.
2025-03-11 16:21:27.430 [    INFO] (             sink.py: 137) Sink connected to data server [('127.0.0.1', 30101)].
2025-03-11 16:21:36.062 [    INFO] (             misc.py: 208) Running process function [<function run_experiment at 0x00000195908B4FE0>] with args: [()] kwargs: [{'exp_cls': <class 'nv_experiments_all.SpinMeasurements'>, 'fun_name': 'DEER_FID_scan', 'constructor_args': [], 'constructor_kwargs': {}, 'queue_to_exp': <multiprocessing.queues.Queue object at 0x000001959731BA90>, 'queue_from_exp': <multiprocessing.queues.Queue object at 0x000001959732F7D0>, 'fun_args': [], 'fun_kwargs': {'runs': 120, 'iters': 6000, 'start': 5e-08, 'stop': 2e-05, 'num_pts': 50, 'array_type': 'geomspace', 'freq': 2312000000.0, 'rf_power': 0.00075, 'pi': 1.03e-07, 'pulse_axis': 'y', 'dark_freq': 559000000.0, 'awg_power': 0.25, 'dark_pi': 1.44e-07, 'n': 1, 'laser_power': 110, 'laser_init': 3e-05, 'laser_readout': 2.5e-06, 'sideband_freq': 30000000.0, 'sideband_power': 0.45, 'sideband': 'Lower', 'i_offset': -0.002, 'q_offset': -0.004, 'detector': 'APD', 'segment_size': 1024, 'dig_sampling_freq': 500000000.0, 'dig_amplitude': 1.0, 'read_channel': '0', 'dig_coupling': 'DC', 'dig_termination': '1M', 'pretrig_size': 32, 'dig_timeout': 5.0, 'save': True, 'dataset': 'fid', 'filename': 'pH9', 'directory': '//maurerlabnas/MaurerLab/ejvilla4/pH project/March 2025 Titration Curve/pH 9/', 'seq': 'DEER FID', 'fit': False, 'fit_live': False, 'fit_params': [0.0]}}].
2025-03-11 16:28:50.781 [   ERROR] (      base_events.py:1771) Task exception was never retrieved
future: <Task finished name='Task-50771' coro=<DataSink._main() done, defined at C:\Users\ejvil\miniconda3\envs\nspyre\Lib\site-packages\nspyre\data\sink.py:109> exception=RuntimeError('Maximum diff size exceeded. This is a consequence of memory build-up due to the sink not being able to keep up with the data rate. Reduce the data rate or increase the client processing throughput.') created at C:\Users\ejvil\miniconda3\envs\nspyre\Lib\asyncio\tasks.py:374>
source_traceback: Object created at (most recent call last):
  File "C:\Users\ejvil\miniconda3\envs\nspyre\Lib\threading.py", line 995, in _bootstrap
    self._bootstrap_inner()
  File "C:\Users\ejvil\miniconda3\envs\nspyre\Lib\threading.py", line 1038, in _bootstrap_inner
    self.run()
  File "C:\Users\ejvil\miniconda3\envs\nspyre\Lib\threading.py", line 975, in run
    self._target(*self._args, **self._kwargs)
  File "C:\Users\ejvil\miniconda3\envs\nspyre\Lib\site-packages\nspyre\data\_asyncio_worker.py", line 86, in _event_loop_thread
    self._event_loop.run_forever()
  File "C:\Users\ejvil\miniconda3\envs\nspyre\Lib\asyncio\base_events.py", line 607, in run_forever
    self._run_once()
  File "C:\Users\ejvil\miniconda3\envs\nspyre\Lib\asyncio\base_events.py", line 1914, in _run_once
    handle._run()
  File "C:\Users\ejvil\miniconda3\envs\nspyre\Lib\asyncio\events.py", line 80, in _run
    self._context.run(self._callback, *self._args)
  File "C:\Users\ejvil\miniconda3\envs\nspyre\Lib\site-packages\nspyre\data\_asyncio_worker.py", line 93, in _main_helper
    asyncio.create_task(self._main())
  File "C:\Users\ejvil\miniconda3\envs\nspyre\Lib\asyncio\tasks.py", line 374, in create_task
    task = loop.create_task(coro)
Traceback (most recent call last):
  File "C:\Users\ejvil\miniconda3\envs\nspyre\Lib\site-packages\nspyre\data\sink.py", line 210, in _main
    self._queue.put_nowait(pickle_diff)
  File "C:\Users\ejvil\miniconda3\envs\nspyre\Lib\asyncio\queues.py", line 143, in put_nowait
    raise QueueFull
asyncio.queues.QueueFull

The above exception was the direct cause of the following exception:

Traceback (most recent call last):
  File "C:\Users\ejvil\miniconda3\envs\nspyre\Lib\site-packages\nspyre\data\sink.py", line 219, in _main
    raise RuntimeError(
RuntimeError: Maximum diff size exceeded. This is a consequence of memory build-up due to the sink not being able to keep up with the data rate. Reduce the data rate or increase the client processing throughput.
2025-03-11 17:09:56.904 [    INFO] (             misc.py: 208) Running process function [<function run_experiment at 0x00000195908B4FE0>] with args: [()] kwargs: [{'exp_cls': <class 'nv_experiments_all.SpinMeasurements'>, 'fun_name': 'odmr_scan', 'constructor_args': [], 'constructor_kwargs': {}, 'queue_to_exp': <multiprocessing.queues.Queue object at 0x000001959731BA90>, 'queue_from_exp': <multiprocessing.queues.Queue object at 0x000001959732F7D0>, 'fun_args': [], 'fun_kwargs': {'runs': 480, 'iters': 100, 'num_pts': 50, 'center_freq': 2310000000.0, 'half_span_sideband_freq': 10000000.0, 'rf_power': 0.0001, 'probe': 2.5e-05, 'laser_power': 110, 'laser_init': 3e-05, 'laser_readout': 2.5e-06, 'sideband_freq': 30000000.0, 'sideband_power': 0.15, 'sideband': 'Lower', 'i_offset': -0.002, 'q_offset': -0.004, 'detector': 'APD', 'segment_size': 1024, 'dig_sampling_freq': 500000000.0, 'dig_amplitude': 1.0, 'read_channel': '0', 'dig_coupling': 'DC', 'dig_termination': '1M', 'pretrig_size': 32, 'dig_timeout': 5.0, 'save': False, 'dataset': 'odmr', 'filename': 'pH11', 'directory': '//maurerlabnas/MaurerLab/ejvilla4/pH project/March 2025 Titration Curve/pH 9/', 'seq': 'CW ODMR', 'fit': False, 'fit_live': False, 'fit_params': [0.01, 2.0, 0.006, 1.0]}}].
2025-03-11 17:10:08.121 [    INFO] (             sink.py: 137) Sink connected to data server [('127.0.0.1', 30101)].
2025-03-11 17:10:08.203 [CRITICAL] (          logging.py:  32) Traceback (most recent call last):
2025-03-11 17:10:08.203 [CRITICAL] (          logging.py:  32)   File "C:\Users\ejvil\miniconda3\envs\nspyre\Lib\site-packages\nspyre\gui\threadsafe.py", line 91, in _handle_error
2025-03-11 17:10:08.203 [CRITICAL] (          logging.py:  32)     raise err
2025-03-11 17:10:08.203 [CRITICAL] (          logging.py:  32)   File "C:\Users\ejvil\miniconda3\envs\nspyre\Lib\site-packages\nspyre\gui\threadsafe.py", line 171, in _run_safe
2025-03-11 17:10:08.203 [CRITICAL] (          logging.py:  32)     result = fun(*args, **kwargs)
2025-03-11 17:10:08.213 [CRITICAL] (          logging.py:  32)              ^^^^^^^^^^^^^^^^^^^^
2025-03-11 17:10:08.213 [CRITICAL] (          logging.py:  32)   File "C:\Users\ejvil\miniconda3\envs\nspyre\Lib\site-packages\nspyre\gui\widgets\flex_line_plot_3.py", line 373, in get_settings
2025-03-11 17:10:08.213 [CRITICAL] (          logging.py:  32)     settings = self.series_settings[name]
2025-03-11 17:10:08.213 [CRITICAL] (          logging.py:  32)                ~~~~~~~~~~~~~~~~~~~~^^^^^^
2025-03-11 17:10:08.213 [CRITICAL] (          logging.py:  32) KeyError: 'contrast_latest'
2025-03-11 17:10:08.213 [CRITICAL] (          logging.py:  32) Traceback (most recent call last):
2025-03-11 17:10:08.213 [CRITICAL] (          logging.py:  32)   File "C:\Users\ejvil\miniconda3\envs\nspyre\Lib\site-packages\nspyre\gui\threadsafe.py", line 91, in _handle_error
2025-03-11 17:10:08.213 [CRITICAL] (          logging.py:  32)     raise err
2025-03-11 17:10:08.213 [CRITICAL] (          logging.py:  32)   File "C:\Users\ejvil\miniconda3\envs\nspyre\Lib\site-packages\nspyre\gui\threadsafe.py", line 171, in _run_safe
2025-03-11 17:10:08.213 [CRITICAL] (          logging.py:  32)     result = fun(*args, **kwargs)
2025-03-11 17:10:08.213 [CRITICAL] (          logging.py:  32)              ^^^^^^^^^^^^^^^^^^^^
2025-03-11 17:10:08.213 [CRITICAL] (          logging.py:  32)   File "C:\Users\ejvil\miniconda3\envs\nspyre\Lib\site-packages\nspyre\gui\widgets\flex_line_plot_3.py", line 373, in get_settings
2025-03-11 17:10:08.213 [CRITICAL] (          logging.py:  32)     settings = self.series_settings[name]
2025-03-11 17:10:08.213 [CRITICAL] (          logging.py:  32)                ~~~~~~~~~~~~~~~~~~~~^^^^^^
2025-03-11 17:10:08.213 [CRITICAL] (          logging.py:  32) KeyError: 'dark_sig_avg'
2025-03-11 17:10:08.213 [CRITICAL] (          logging.py:  32) Traceback (most recent call last):
2025-03-11 17:10:08.223 [CRITICAL] (          logging.py:  32)   File "C:\Users\ejvil\miniconda3\envs\nspyre\Lib\site-packages\nspyre\gui\threadsafe.py", line 91, in _handle_error
2025-03-11 17:10:08.223 [CRITICAL] (          logging.py:  32)     raise err
2025-03-11 17:10:08.223 [CRITICAL] (          logging.py:  32)   File "C:\Users\ejvil\miniconda3\envs\nspyre\Lib\site-packages\nspyre\gui\threadsafe.py", line 171, in _run_safe
2025-03-11 17:10:08.223 [CRITICAL] (          logging.py:  32)     result = fun(*args, **kwargs)
2025-03-11 17:10:08.223 [CRITICAL] (          logging.py:  32)              ^^^^^^^^^^^^^^^^^^^^
2025-03-11 17:10:08.223 [CRITICAL] (          logging.py:  32)   File "C:\Users\ejvil\miniconda3\envs\nspyre\Lib\site-packages\nspyre\gui\widgets\flex_line_plot_3.py", line 373, in get_settings
2025-03-11 17:10:08.223 [CRITICAL] (          logging.py:  32)     settings = self.series_settings[name]
2025-03-11 17:10:08.223 [CRITICAL] (          logging.py:  32)                ~~~~~~~~~~~~~~~~~~~~^^^^^^
2025-03-11 17:10:08.223 [CRITICAL] (          logging.py:  32) KeyError: 'dark_sig_latest'
2025-03-11 17:10:08.223 [CRITICAL] (          logging.py:  32) Traceback (most recent call last):
2025-03-11 17:10:08.223 [CRITICAL] (          logging.py:  32)   File "C:\Users\ejvil\miniconda3\envs\nspyre\Lib\site-packages\nspyre\gui\threadsafe.py", line 91, in _handle_error
2025-03-11 17:10:08.223 [CRITICAL] (          logging.py:  32)     raise err
2025-03-11 17:10:08.223 [CRITICAL] (          logging.py:  32)   File "C:\Users\ejvil\miniconda3\envs\nspyre\Lib\site-packages\nspyre\gui\threadsafe.py", line 171, in _run_safe
2025-03-11 17:10:08.223 [CRITICAL] (          logging.py:  32)     result = fun(*args, **kwargs)
2025-03-11 17:10:08.223 [CRITICAL] (          logging.py:  32)              ^^^^^^^^^^^^^^^^^^^^
2025-03-11 17:10:08.223 [CRITICAL] (          logging.py:  32)   File "C:\Users\ejvil\miniconda3\envs\nspyre\Lib\site-packages\nspyre\gui\widgets\flex_line_plot_3.py", line 373, in get_settings
2025-03-11 17:10:08.234 [CRITICAL] (          logging.py:  32)     settings = self.series_settings[name]
2025-03-11 17:10:08.234 [CRITICAL] (          logging.py:  32)                ~~~~~~~~~~~~~~~~~~~~^^^^^^
2025-03-11 17:10:08.234 [CRITICAL] (          logging.py:  32) KeyError: 'dark_bg_avg'
2025-03-11 17:10:08.234 [CRITICAL] (          logging.py:  32) Traceback (most recent call last):
2025-03-11 17:10:08.234 [CRITICAL] (          logging.py:  32)   File "C:\Users\ejvil\miniconda3\envs\nspyre\Lib\site-packages\nspyre\gui\threadsafe.py", line 91, in _handle_error
2025-03-11 17:10:08.234 [CRITICAL] (          logging.py:  32)     raise err
2025-03-11 17:10:08.234 [CRITICAL] (          logging.py:  32)   File "C:\Users\ejvil\miniconda3\envs\nspyre\Lib\site-packages\nspyre\gui\threadsafe.py", line 171, in _run_safe
2025-03-11 17:10:08.234 [CRITICAL] (          logging.py:  32)     result = fun(*args, **kwargs)
2025-03-11 17:10:08.234 [CRITICAL] (          logging.py:  32)              ^^^^^^^^^^^^^^^^^^^^
2025-03-11 17:10:08.234 [CRITICAL] (          logging.py:  32)   File "C:\Users\ejvil\miniconda3\envs\nspyre\Lib\site-packages\nspyre\gui\widgets\flex_line_plot_3.py", line 373, in get_settings
2025-03-11 17:10:08.234 [CRITICAL] (          logging.py:  32)     settings = self.series_settings[name]
2025-03-11 17:10:08.234 [CRITICAL] (          logging.py:  32)                ~~~~~~~~~~~~~~~~~~~~^^^^^^
2025-03-11 17:10:08.234 [CRITICAL] (          logging.py:  32) KeyError: 'dark_bg_latest'
2025-03-11 17:10:08.234 [CRITICAL] (          logging.py:  32) Traceback (most recent call last):
2025-03-11 17:10:08.234 [CRITICAL] (          logging.py:  32)   File "C:\Users\ejvil\miniconda3\envs\nspyre\Lib\site-packages\nspyre\gui\threadsafe.py", line 91, in _handle_error
2025-03-11 17:10:08.234 [CRITICAL] (          logging.py:  32)     raise err
2025-03-11 17:10:08.234 [CRITICAL] (          logging.py:  32)   File "C:\Users\ejvil\miniconda3\envs\nspyre\Lib\site-packages\nspyre\gui\threadsafe.py", line 171, in _run_safe
2025-03-11 17:10:08.244 [CRITICAL] (          logging.py:  32)     result = fun(*args, **kwargs)
2025-03-11 17:10:08.244 [CRITICAL] (          logging.py:  32)              ^^^^^^^^^^^^^^^^^^^^
2025-03-11 17:10:08.244 [CRITICAL] (          logging.py:  32)   File "C:\Users\ejvil\miniconda3\envs\nspyre\Lib\site-packages\nspyre\gui\widgets\flex_line_plot_3.py", line 373, in get_settings
2025-03-11 17:10:08.244 [CRITICAL] (          logging.py:  32)     settings = self.series_settings[name]
2025-03-11 17:10:08.244 [CRITICAL] (          logging.py:  32)                ~~~~~~~~~~~~~~~~~~~~^^^^^^
2025-03-11 17:10:08.244 [CRITICAL] (          logging.py:  32) KeyError: 'echo_sig_avg'
2025-03-11 17:10:08.244 [CRITICAL] (          logging.py:  32) Traceback (most recent call last):
2025-03-11 17:10:08.244 [CRITICAL] (          logging.py:  32)   File "C:\Users\ejvil\miniconda3\envs\nspyre\Lib\site-packages\nspyre\gui\threadsafe.py", line 91, in _handle_error
2025-03-11 17:10:08.244 [CRITICAL] (          logging.py:  32)     raise err
2025-03-11 17:10:08.244 [CRITICAL] (          logging.py:  32)   File "C:\Users\ejvil\miniconda3\envs\nspyre\Lib\site-packages\nspyre\gui\threadsafe.py", line 171, in _run_safe
2025-03-11 17:10:08.244 [CRITICAL] (          logging.py:  32)     result = fun(*args, **kwargs)
2025-03-11 17:10:08.244 [CRITICAL] (          logging.py:  32)              ^^^^^^^^^^^^^^^^^^^^
2025-03-11 17:10:08.244 [CRITICAL] (          logging.py:  32)   File "C:\Users\ejvil\miniconda3\envs\nspyre\Lib\site-packages\nspyre\gui\widgets\flex_line_plot_3.py", line 373, in get_settings
2025-03-11 17:10:08.244 [CRITICAL] (          logging.py:  32)     settings = self.series_settings[name]
2025-03-11 17:10:08.244 [CRITICAL] (          logging.py:  32)                ~~~~~~~~~~~~~~~~~~~~^^^^^^
2025-03-11 17:10:08.244 [CRITICAL] (          logging.py:  32) KeyError: 'echo_sig_latest'
2025-03-11 17:10:08.244 [CRITICAL] (          logging.py:  32) Traceback (most recent call last):
2025-03-11 17:10:08.244 [CRITICAL] (          logging.py:  32)   File "C:\Users\ejvil\miniconda3\envs\nspyre\Lib\site-packages\nspyre\gui\threadsafe.py", line 91, in _handle_error
2025-03-11 17:10:08.244 [CRITICAL] (          logging.py:  32)     raise err
2025-03-11 17:10:08.244 [CRITICAL] (          logging.py:  32)   File "C:\Users\ejvil\miniconda3\envs\nspyre\Lib\site-packages\nspyre\gui\threadsafe.py", line 171, in _run_safe
2025-03-11 17:10:08.244 [CRITICAL] (          logging.py:  32)     result = fun(*args, **kwargs)
2025-03-11 17:10:08.244 [CRITICAL] (          logging.py:  32)              ^^^^^^^^^^^^^^^^^^^^
2025-03-11 17:10:08.244 [CRITICAL] (          logging.py:  32)   File "C:\Users\ejvil\miniconda3\envs\nspyre\Lib\site-packages\nspyre\gui\widgets\flex_line_plot_3.py", line 373, in get_settings
2025-03-11 17:10:08.244 [CRITICAL] (          logging.py:  32)     settings = self.series_settings[name]
2025-03-11 17:10:08.244 [CRITICAL] (          logging.py:  32)                ~~~~~~~~~~~~~~~~~~~~^^^^^^
2025-03-11 17:10:08.244 [CRITICAL] (          logging.py:  32) KeyError: 'echo_bg_avg'
2025-03-11 17:10:08.244 [CRITICAL] (          logging.py:  32) Traceback (most recent call last):
2025-03-11 17:10:08.244 [CRITICAL] (          logging.py:  32)   File "C:\Users\ejvil\miniconda3\envs\nspyre\Lib\site-packages\nspyre\gui\threadsafe.py", line 91, in _handle_error
2025-03-11 17:10:08.244 [CRITICAL] (          logging.py:  32)     raise err
2025-03-11 17:10:08.244 [CRITICAL] (          logging.py:  32)   File "C:\Users\ejvil\miniconda3\envs\nspyre\Lib\site-packages\nspyre\gui\threadsafe.py", line 171, in _run_safe
2025-03-11 17:10:08.244 [CRITICAL] (          logging.py:  32)     result = fun(*args, **kwargs)
2025-03-11 17:10:08.244 [CRITICAL] (          logging.py:  32)              ^^^^^^^^^^^^^^^^^^^^
2025-03-11 17:10:08.244 [CRITICAL] (          logging.py:  32)   File "C:\Users\ejvil\miniconda3\envs\nspyre\Lib\site-packages\nspyre\gui\widgets\flex_line_plot_3.py", line 373, in get_settings
2025-03-11 17:10:08.244 [CRITICAL] (          logging.py:  32)     settings = self.series_settings[name]
2025-03-11 17:10:08.244 [CRITICAL] (          logging.py:  32)                ~~~~~~~~~~~~~~~~~~~~^^^^^^
2025-03-11 17:10:08.244 [CRITICAL] (          logging.py:  32) KeyError: 'echo_bg_latest'
2025-03-11 17:10:24.108 [    INFO] ( flex_line_plot_3.py: 445) The plot [div_avg] is already shown. Ignoring show_plot request.
2025-03-11 17:10:55.278 [    INFO] (             sink.py: 137) Sink connected to data server [('127.0.0.1', 30101)].
2025-03-11 17:12:49.929 [    INFO] (             sink.py: 137) Sink connected to data server [('127.0.0.1', 30101)].
2025-03-11 17:13:03.020 [    INFO] (             misc.py: 208) Running process function [<function run_experiment at 0x00000195908B4FE0>] with args: [()] kwargs: [{'exp_cls': <class 'nv_experiments_all.SpinMeasurements'>, 'fun_name': 'rabi_scan', 'constructor_args': [], 'constructor_kwargs': {}, 'queue_to_exp': <multiprocessing.queues.Queue object at 0x000001959731BA90>, 'queue_from_exp': <multiprocessing.queues.Queue object at 0x000001959732F7D0>, 'fun_args': [], 'fun_kwargs': {'runs': 120, 'iters': 100, 'start': 0.0, 'stop': 2e-07, 'num_pts': 50, 'freq': 2312000000.0, 'rf_power': 0.00075, 'pulse_axis': 'y', 'laser_power': 110, 'laser_init': 3e-05, 'laser_readout': 2.5e-06, 'sideband_freq': 30000000.0, 'sideband_power': 0.45, 'sideband': 'Lower', 'i_offset': -0.002, 'q_offset': -0.004, 'detector': 'APD', 'segment_size': 1024, 'dig_sampling_freq': 500000000.0, 'dig_amplitude': 1.0, 'read_channel': '0', 'dig_coupling': 'DC', 'dig_termination': '1M', 'pretrig_size': 32, 'dig_timeout': 5.0, 'save': True, 'dataset': 'rabi', 'filename': 'pH11', 'directory': '//maurerlabnas/MaurerLab/ejvilla4/pH project/March 2025 Titration Curve/pH 9/', 'seq': 'Rabi', 'fit': False, 'fit_live': False, 'fit_params': [0.02, 0.001, 200.0, 0.0, 1.0]}}].
2025-03-11 17:13:20.199 [    INFO] (             misc.py: 208) Running process function [<function run_experiment at 0x00000195908B4FE0>] with args: [()] kwargs: [{'exp_cls': <class 'nv_experiments_all.SpinMeasurements'>, 'fun_name': 'rabi_scan', 'constructor_args': [], 'constructor_kwargs': {}, 'queue_to_exp': <multiprocessing.queues.Queue object at 0x000001959731BA90>, 'queue_from_exp': <multiprocessing.queues.Queue object at 0x000001959732F7D0>, 'fun_args': [], 'fun_kwargs': {'runs': 120, 'iters': 100, 'start': 0.0, 'stop': 2e-07, 'num_pts': 50, 'freq': 2312000000.0, 'rf_power': 0.00075, 'pulse_axis': 'y', 'laser_power': 110, 'laser_init': 3e-05, 'laser_readout': 2.5e-06, 'sideband_freq': 30000000.0, 'sideband_power': 0.45, 'sideband': 'Lower', 'i_offset': -0.002, 'q_offset': -0.004, 'detector': 'APD', 'segment_size': 1024, 'dig_sampling_freq': 500000000.0, 'dig_amplitude': 1.0, 'read_channel': '0', 'dig_coupling': 'DC', 'dig_termination': '1M', 'pretrig_size': 32, 'dig_timeout': 5.0, 'save': True, 'dataset': 'rabi', 'filename': 'pH11', 'directory': '//maurerlabnas/MaurerLab/ejvilla4/pH project/March 2025 Titration Curve/pH 11/', 'seq': 'Rabi', 'fit': False, 'fit_live': False, 'fit_params': [0.02, 0.001, 200.0, 0.0, 1.0]}}].
2025-03-11 17:13:58.364 [    INFO] (             sink.py: 137) Sink connected to data server [('127.0.0.1', 30101)].
2025-03-11 17:14:20.481 [    INFO] (             misc.py: 208) Running process function [<function run_experiment at 0x00000195908B4FE0>] with args: [()] kwargs: [{'exp_cls': <class 'nv_experiments_all.SpinMeasurements'>, 'fun_name': 'MW_T1_scan', 'constructor_args': [], 'constructor_kwargs': {}, 'queue_to_exp': <multiprocessing.queues.Queue object at 0x000001959731BA90>, 'queue_from_exp': <multiprocessing.queues.Queue object at 0x000001959732F7D0>, 'fun_args': [], 'fun_kwargs': {'runs': 120, 'iters': 1000, 'start': 5e-08, 'stop': 0.02, 'num_pts': 50, 'array_type': 'geomspace', 'freq': 2312000000.0, 'rf_power': 0.00075, 'pi': 1.03e-07, 'pulse_axis': 'y', 'laser_power': 110, 'laser_init': 3e-05, 'laser_readout': 2.5e-06, 'sideband_freq': 30000000.0, 'sideband_power': 0.45, 'sideband': 'Lower', 'i_offset': -0.002, 'q_offset': -0.004, 'detector': 'APD', 'segment_size': 1024, 'dig_sampling_freq': 500000000.0, 'dig_amplitude': 1.0, 'read_channel': '0', 'dig_coupling': 'DC', 'dig_termination': '1M', 'pretrig_size': 32, 'dig_timeout': 5.0, 'save': True, 'dataset': 't1', 'filename': 'pH11', 'directory': '//maurerlabnas/MaurerLab/ejvilla4/pH project/March 2025 Titration Curve/pH 11/', 'seq': 'MW T1', 'fit': False, 'fit_live': False, 'fit_params': [0.01, 1.0, 1.0, 0.0]}}].
2025-03-11 17:16:17.553 [    INFO] (             misc.py: 208) Running process function [<function run_experiment at 0x00000195908B4FE0>] with args: [()] kwargs: [{'exp_cls': <class 'nv_experiments_all.SpinMeasurements'>, 'fun_name': 'MW_T1_scan', 'constructor_args': [], 'constructor_kwargs': {}, 'queue_to_exp': <multiprocessing.queues.Queue object at 0x000001959731BA90>, 'queue_from_exp': <multiprocessing.queues.Queue object at 0x000001959732F7D0>, 'fun_args': [], 'fun_kwargs': {'runs': 120, 'iters': 1000, 'start': 5e-08, 'stop': 0.012, 'num_pts': 50, 'array_type': 'geomspace', 'freq': 2312000000.0, 'rf_power': 0.00075, 'pi': 1.03e-07, 'pulse_axis': 'y', 'laser_power': 110, 'laser_init': 3e-05, 'laser_readout': 2.5e-06, 'sideband_freq': 30000000.0, 'sideband_power': 0.45, 'sideband': 'Lower', 'i_offset': -0.002, 'q_offset': -0.004, 'detector': 'APD', 'segment_size': 1024, 'dig_sampling_freq': 500000000.0, 'dig_amplitude': 1.0, 'read_channel': '0', 'dig_coupling': 'DC', 'dig_termination': '1M', 'pretrig_size': 32, 'dig_timeout': 5.0, 'save': True, 'dataset': 't1', 'filename': 'pH11', 'directory': '//maurerlabnas/MaurerLab/ejvilla4/pH project/March 2025 Titration Curve/pH 11/', 'seq': 'MW T1', 'fit': True, 'fit_live': True, 'fit_params': [0.01, 1.0, 1.0, 0.0]}}].
2025-03-11 17:20:52.011 [    INFO] (             misc.py: 208) Running process function [<function run_experiment at 0x00000195908B4FE0>] with args: [()] kwargs: [{'exp_cls': <class 'nv_experiments_all.SpinMeasurements'>, 'fun_name': 'MW_T1_scan', 'constructor_args': [], 'constructor_kwargs': {}, 'queue_to_exp': <multiprocessing.queues.Queue object at 0x000001959731BA90>, 'queue_from_exp': <multiprocessing.queues.Queue object at 0x000001959732F7D0>, 'fun_args': [], 'fun_kwargs': {'runs': 120, 'iters': 1000, 'start': 5e-08, 'stop': 0.02, 'num_pts': 50, 'array_type': 'geomspace', 'freq': 2312000000.0, 'rf_power': 0.00075, 'pi': 1.03e-07, 'pulse_axis': 'y', 'laser_power': 110, 'laser_init': 3e-05, 'laser_readout': 2.5e-06, 'sideband_freq': 30000000.0, 'sideband_power': 0.45, 'sideband': 'Lower', 'i_offset': -0.002, 'q_offset': -0.004, 'detector': 'APD', 'segment_size': 1024, 'dig_sampling_freq': 500000000.0, 'dig_amplitude': 1.0, 'read_channel': '0', 'dig_coupling': 'DC', 'dig_termination': '1M', 'pretrig_size': 32, 'dig_timeout': 5.0, 'save': True, 'dataset': 't1', 'filename': 'pH11', 'directory': '//maurerlabnas/MaurerLab/ejvilla4/pH project/March 2025 Titration Curve/pH 11/', 'seq': 'MW T1', 'fit': True, 'fit_live': True, 'fit_params': [0.01, 1.0, 1.0, 0.0]}}].
2025-03-11 17:28:02.084 [    INFO] ( flex_line_plot_3.py: 445) The plot [fit] is already shown. Ignoring show_plot request.
2025-03-11 17:31:28.454 [    INFO] ( flex_line_plot_3.py: 445) The plot [diff_latest] is already shown. Ignoring show_plot request.
2025-03-11 18:20:47.568 [    INFO] (             sink.py: 137) Sink connected to data server [('127.0.0.1', 30101)].
2025-03-11 18:20:48.075 [CRITICAL] (          logging.py:  32) Traceback (most recent call last):
2025-03-11 18:20:48.075 [CRITICAL] (          logging.py:  32)   File "C:\Users\ejvil\miniconda3\envs\nspyre\Lib\site-packages\nspyre\gui\threadsafe.py", line 91, in _handle_error
2025-03-11 18:20:48.076 [CRITICAL] (          logging.py:  32)     raise err
2025-03-11 18:20:48.077 [CRITICAL] (          logging.py:  32)   File "C:\Users\ejvil\miniconda3\envs\nspyre\Lib\site-packages\nspyre\gui\threadsafe.py", line 171, in _run_safe
2025-03-11 18:20:48.077 [CRITICAL] (          logging.py:  32)     result = fun(*args, **kwargs)
2025-03-11 18:20:48.078 [CRITICAL] (          logging.py:  32)              ^^^^^^^^^^^^^^^^^^^^
2025-03-11 18:20:48.078 [CRITICAL] (          logging.py:  32)   File "C:\Users\ejvil\miniconda3\envs\nspyre\Lib\site-packages\nspyre\gui\widgets\flex_line_plot_3.py", line 373, in get_settings
2025-03-11 18:20:48.079 [CRITICAL] (          logging.py:  32)     settings = self.series_settings[name]
2025-03-11 18:20:48.079 [CRITICAL] (          logging.py:  32)                ~~~~~~~~~~~~~~~~~~~~^^^^^^
2025-03-11 18:20:48.079 [CRITICAL] (          logging.py:  32) KeyError: 'diff_avg'
2025-03-11 18:20:48.081 [CRITICAL] (          logging.py:  32) Traceback (most recent call last):
2025-03-11 18:20:48.081 [CRITICAL] (          logging.py:  32)   File "C:\Users\ejvil\miniconda3\envs\nspyre\Lib\site-packages\nspyre\gui\threadsafe.py", line 91, in _handle_error
2025-03-11 18:20:48.081 [CRITICAL] (          logging.py:  32)     raise err
2025-03-11 18:20:48.081 [CRITICAL] (          logging.py:  32)   File "C:\Users\ejvil\miniconda3\envs\nspyre\Lib\site-packages\nspyre\gui\threadsafe.py", line 171, in _run_safe
2025-03-11 18:20:48.082 [CRITICAL] (          logging.py:  32)     result = fun(*args, **kwargs)
2025-03-11 18:20:48.082 [CRITICAL] (          logging.py:  32)              ^^^^^^^^^^^^^^^^^^^^
2025-03-11 18:20:48.082 [CRITICAL] (          logging.py:  32)   File "C:\Users\ejvil\miniconda3\envs\nspyre\Lib\site-packages\nspyre\gui\widgets\flex_line_plot_3.py", line 373, in get_settings
2025-03-11 18:20:48.084 [CRITICAL] (          logging.py:  32)     settings = self.series_settings[name]
2025-03-11 18:20:48.085 [CRITICAL] (          logging.py:  32)                ~~~~~~~~~~~~~~~~~~~~^^^^^^
2025-03-11 18:20:48.085 [CRITICAL] (          logging.py:  32) KeyError: 'diff_latest'
2025-03-11 18:20:48.087 [CRITICAL] (          logging.py:  32) Traceback (most recent call last):
2025-03-11 18:20:48.087 [CRITICAL] (          logging.py:  32)   File "C:\Users\ejvil\miniconda3\envs\nspyre\Lib\site-packages\nspyre\gui\threadsafe.py", line 91, in _handle_error
2025-03-11 18:20:48.088 [CRITICAL] (          logging.py:  32)     raise err
2025-03-11 18:20:48.088 [CRITICAL] (          logging.py:  32)   File "C:\Users\ejvil\miniconda3\envs\nspyre\Lib\site-packages\nspyre\gui\threadsafe.py", line 171, in _run_safe
2025-03-11 18:20:48.089 [CRITICAL] (          logging.py:  32)     result = fun(*args, **kwargs)
2025-03-11 18:20:48.089 [CRITICAL] (          logging.py:  32)              ^^^^^^^^^^^^^^^^^^^^
2025-03-11 18:20:48.090 [CRITICAL] (          logging.py:  32)   File "C:\Users\ejvil\miniconda3\envs\nspyre\Lib\site-packages\nspyre\gui\widgets\flex_line_plot_3.py", line 373, in get_settings
2025-03-11 18:20:48.092 [CRITICAL] (          logging.py:  32)     settings = self.series_settings[name]
2025-03-11 18:20:48.092 [CRITICAL] (          logging.py:  32)                ~~~~~~~~~~~~~~~~~~~~^^^^^^
2025-03-11 18:20:48.093 [CRITICAL] (          logging.py:  32) KeyError: 'sig_avg'
2025-03-11 18:20:48.094 [CRITICAL] (          logging.py:  32) Traceback (most recent call last):
2025-03-11 18:20:48.094 [CRITICAL] (          logging.py:  32)   File "C:\Users\ejvil\miniconda3\envs\nspyre\Lib\site-packages\nspyre\gui\threadsafe.py", line 91, in _handle_error
2025-03-11 18:20:48.096 [CRITICAL] (          logging.py:  32)     raise err
2025-03-11 18:20:48.096 [CRITICAL] (          logging.py:  32)   File "C:\Users\ejvil\miniconda3\envs\nspyre\Lib\site-packages\nspyre\gui\threadsafe.py", line 171, in _run_safe
2025-03-11 18:20:48.098 [CRITICAL] (          logging.py:  32)     result = fun(*args, **kwargs)
2025-03-11 18:20:48.098 [CRITICAL] (          logging.py:  32)              ^^^^^^^^^^^^^^^^^^^^
2025-03-11 18:20:48.098 [CRITICAL] (          logging.py:  32)   File "C:\Users\ejvil\miniconda3\envs\nspyre\Lib\site-packages\nspyre\gui\widgets\flex_line_plot_3.py", line 373, in get_settings
2025-03-11 18:20:48.099 [CRITICAL] (          logging.py:  32)     settings = self.series_settings[name]
2025-03-11 18:20:48.100 [CRITICAL] (          logging.py:  32)                ~~~~~~~~~~~~~~~~~~~~^^^^^^
2025-03-11 18:20:48.101 [CRITICAL] (          logging.py:  32) KeyError: 'sig_latest'
2025-03-11 18:20:48.103 [CRITICAL] (          logging.py:  32) Traceback (most recent call last):
2025-03-11 18:20:48.104 [CRITICAL] (          logging.py:  32)   File "C:\Users\ejvil\miniconda3\envs\nspyre\Lib\site-packages\nspyre\gui\threadsafe.py", line 91, in _handle_error
2025-03-11 18:20:48.105 [CRITICAL] (          logging.py:  32)     raise err
2025-03-11 18:20:48.106 [CRITICAL] (          logging.py:  32)   File "C:\Users\ejvil\miniconda3\envs\nspyre\Lib\site-packages\nspyre\gui\threadsafe.py", line 171, in _run_safe
2025-03-11 18:20:48.108 [CRITICAL] (          logging.py:  32)     result = fun(*args, **kwargs)
2025-03-11 18:20:48.108 [CRITICAL] (          logging.py:  32)              ^^^^^^^^^^^^^^^^^^^^
2025-03-11 18:20:48.110 [CRITICAL] (          logging.py:  32)   File "C:\Users\ejvil\miniconda3\envs\nspyre\Lib\site-packages\nspyre\gui\widgets\flex_line_plot_3.py", line 373, in get_settings
2025-03-11 18:20:48.111 [CRITICAL] (          logging.py:  32)     settings = self.series_settings[name]
2025-03-11 18:20:48.112 [CRITICAL] (          logging.py:  32)                ~~~~~~~~~~~~~~~~~~~~^^^^^^
2025-03-11 18:20:48.112 [CRITICAL] (          logging.py:  32) KeyError: 'sig_first'
2025-03-11 18:20:48.113 [CRITICAL] (          logging.py:  32) Traceback (most recent call last):
2025-03-11 18:20:48.114 [CRITICAL] (          logging.py:  32)   File "C:\Users\ejvil\miniconda3\envs\nspyre\Lib\site-packages\nspyre\gui\threadsafe.py", line 91, in _handle_error
2025-03-11 18:20:48.115 [CRITICAL] (          logging.py:  32)     raise err
2025-03-11 18:20:48.116 [CRITICAL] (          logging.py:  32)   File "C:\Users\ejvil\miniconda3\envs\nspyre\Lib\site-packages\nspyre\gui\threadsafe.py", line 171, in _run_safe
2025-03-11 18:20:48.117 [CRITICAL] (          logging.py:  32)     result = fun(*args, **kwargs)
2025-03-11 18:20:48.118 [CRITICAL] (          logging.py:  32)              ^^^^^^^^^^^^^^^^^^^^
2025-03-11 18:20:48.119 [CRITICAL] (          logging.py:  32)   File "C:\Users\ejvil\miniconda3\envs\nspyre\Lib\site-packages\nspyre\gui\widgets\flex_line_plot_3.py", line 373, in get_settings
2025-03-11 18:20:48.120 [CRITICAL] (          logging.py:  32)     settings = self.series_settings[name]
2025-03-11 18:20:48.120 [CRITICAL] (          logging.py:  32)                ~~~~~~~~~~~~~~~~~~~~^^^^^^
2025-03-11 18:20:48.120 [CRITICAL] (          logging.py:  32) KeyError: 'sig_latest_10'
2025-03-11 18:20:48.120 [CRITICAL] (          logging.py:  32) Traceback (most recent call last):
2025-03-11 18:20:48.122 [CRITICAL] (          logging.py:  32)   File "C:\Users\ejvil\miniconda3\envs\nspyre\Lib\site-packages\nspyre\gui\threadsafe.py", line 91, in _handle_error
2025-03-11 18:20:48.122 [CRITICAL] (          logging.py:  32)     raise err
2025-03-11 18:20:48.122 [CRITICAL] (          logging.py:  32)   File "C:\Users\ejvil\miniconda3\envs\nspyre\Lib\site-packages\nspyre\gui\threadsafe.py", line 171, in _run_safe
2025-03-11 18:20:48.123 [CRITICAL] (          logging.py:  32)     result = fun(*args, **kwargs)
2025-03-11 18:20:48.123 [CRITICAL] (          logging.py:  32)              ^^^^^^^^^^^^^^^^^^^^
2025-03-11 18:20:48.123 [CRITICAL] (          logging.py:  32)   File "C:\Users\ejvil\miniconda3\envs\nspyre\Lib\site-packages\nspyre\gui\widgets\flex_line_plot_3.py", line 373, in get_settings
2025-03-11 18:20:48.124 [CRITICAL] (          logging.py:  32)     settings = self.series_settings[name]
2025-03-11 18:20:48.124 [CRITICAL] (          logging.py:  32)                ~~~~~~~~~~~~~~~~~~~~^^^^^^
2025-03-11 18:20:48.124 [CRITICAL] (          logging.py:  32) KeyError: 'bg_avg'
2025-03-11 18:20:48.124 [CRITICAL] (          logging.py:  32) Traceback (most recent call last):
2025-03-11 18:20:48.124 [CRITICAL] (          logging.py:  32)   File "C:\Users\ejvil\miniconda3\envs\nspyre\Lib\site-packages\nspyre\gui\threadsafe.py", line 91, in _handle_error
2025-03-11 18:20:48.125 [CRITICAL] (          logging.py:  32)     raise err
2025-03-11 18:20:48.125 [CRITICAL] (          logging.py:  32)   File "C:\Users\ejvil\miniconda3\envs\nspyre\Lib\site-packages\nspyre\gui\threadsafe.py", line 171, in _run_safe
2025-03-11 18:20:48.126 [CRITICAL] (          logging.py:  32)     result = fun(*args, **kwargs)
2025-03-11 18:20:48.126 [CRITICAL] (          logging.py:  32)              ^^^^^^^^^^^^^^^^^^^^
2025-03-11 18:20:48.126 [CRITICAL] (          logging.py:  32)   File "C:\Users\ejvil\miniconda3\envs\nspyre\Lib\site-packages\nspyre\gui\widgets\flex_line_plot_3.py", line 373, in get_settings
2025-03-11 18:20:48.126 [CRITICAL] (          logging.py:  32)     settings = self.series_settings[name]
2025-03-11 18:20:48.127 [CRITICAL] (          logging.py:  32)                ~~~~~~~~~~~~~~~~~~~~^^^^^^
2025-03-11 18:20:48.127 [CRITICAL] (          logging.py:  32) KeyError: 'bg_latest'
2025-03-11 18:21:21.844 [    INFO] (             misc.py: 208) Running process function [<function run_experiment at 0x00000195908B4FE0>] with args: [()] kwargs: [{'exp_cls': <class 'nv_experiments_all.SpinMeasurements'>, 'fun_name': 'DEER_scan', 'constructor_args': [], 'constructor_kwargs': {}, 'queue_to_exp': <multiprocessing.queues.Queue object at 0x000001959731BA90>, 'queue_from_exp': <multiprocessing.queues.Queue object at 0x000001959732F7D0>, 'fun_args': [], 'fun_kwargs': {'runs': 120, 'iters': 7000, 'start': 500000000.0, 'stop': 620000000.0, 'num_pts': 100, 'tau': 8e-07, 'freq': 2312000000.0, 'rf_power': 0.00075, 'pi': 1.03e-07, 'pulse_axis': 'y', 'awg_power': 0.25, 'dark_pi': 1.44e-07, 'drive_type': 'Pulsed', 'laser_power': 110, 'laser_init': 3e-05, 'laser_readout': 2.5e-06, 'sideband_freq': 30000000.0, 'sideband_power': 0.45, 'sideband': 'Lower', 'i_offset': -0.002, 'q_offset': -0.004, 'detector': 'APD', 'segment_size': 1024, 'dig_sampling_freq': 500000000.0, 'dig_amplitude': 1.0, 'read_channel': '0', 'dig_coupling': 'DC', 'dig_termination': '1M', 'pretrig_size': 32, 'dig_timeout': 5.0, 'save': True, 'dataset': 'deer', 'filename': 'pH11', 'directory': '//maurerlabnas/MaurerLab/ejvilla4/pH project/March 2025 Titration Curve/pH 11/', 'seq': 'DEER', 'fit': False, 'fit_live': False, 'fit_params': [0.1, 560.0, 10.0, 1.0]}}].
2025-03-11 18:30:30.984 [   ERROR] (      base_events.py:1771) Task exception was never retrieved
future: <Task finished name='Task-774105' coro=<DataSink._main() done, defined at C:\Users\ejvil\miniconda3\envs\nspyre\Lib\site-packages\nspyre\data\sink.py:109> exception=RuntimeError('Maximum diff size exceeded. This is a consequence of memory build-up due to the sink not being able to keep up with the data rate. Reduce the data rate or increase the client processing throughput.') created at C:\Users\ejvil\miniconda3\envs\nspyre\Lib\asyncio\tasks.py:374>
source_traceback: Object created at (most recent call last):
  File "C:\Users\ejvil\miniconda3\envs\nspyre\Lib\threading.py", line 995, in _bootstrap
    self._bootstrap_inner()
  File "C:\Users\ejvil\miniconda3\envs\nspyre\Lib\threading.py", line 1038, in _bootstrap_inner
    self.run()
  File "C:\Users\ejvil\miniconda3\envs\nspyre\Lib\threading.py", line 975, in run
    self._target(*self._args, **self._kwargs)
  File "C:\Users\ejvil\miniconda3\envs\nspyre\Lib\site-packages\nspyre\data\_asyncio_worker.py", line 86, in _event_loop_thread
    self._event_loop.run_forever()
  File "C:\Users\ejvil\miniconda3\envs\nspyre\Lib\asyncio\base_events.py", line 607, in run_forever
    self._run_once()
  File "C:\Users\ejvil\miniconda3\envs\nspyre\Lib\asyncio\base_events.py", line 1914, in _run_once
    handle._run()
  File "C:\Users\ejvil\miniconda3\envs\nspyre\Lib\asyncio\events.py", line 80, in _run
    self._context.run(self._callback, *self._args)
  File "C:\Users\ejvil\miniconda3\envs\nspyre\Lib\site-packages\nspyre\data\_asyncio_worker.py", line 93, in _main_helper
    asyncio.create_task(self._main())
  File "C:\Users\ejvil\miniconda3\envs\nspyre\Lib\asyncio\tasks.py", line 374, in create_task
    task = loop.create_task(coro)
Traceback (most recent call last):
  File "C:\Users\ejvil\miniconda3\envs\nspyre\Lib\site-packages\nspyre\data\sink.py", line 210, in _main
    self._queue.put_nowait(pickle_diff)
  File "C:\Users\ejvil\miniconda3\envs\nspyre\Lib\asyncio\queues.py", line 143, in put_nowait
    raise QueueFull
asyncio.queues.QueueFull

The above exception was the direct cause of the following exception:

Traceback (most recent call last):
  File "C:\Users\ejvil\miniconda3\envs\nspyre\Lib\site-packages\nspyre\data\sink.py", line 219, in _main
    raise RuntimeError(
RuntimeError: Maximum diff size exceeded. This is a consequence of memory build-up due to the sink not being able to keep up with the data rate. Reduce the data rate or increase the client processing throughput.
2025-03-11 20:07:53.091 [    INFO] (             sink.py: 137) Sink connected to data server [('127.0.0.1', 30101)].
2025-03-11 20:08:11.104 [    INFO] (             misc.py: 208) Running process function [<function run_experiment at 0x00000195908B4FE0>] with args: [()] kwargs: [{'exp_cls': <class 'nv_experiments_all.SpinMeasurements'>, 'fun_name': 'DEER_rabi_scan', 'constructor_args': [], 'constructor_kwargs': {}, 'queue_to_exp': <multiprocessing.queues.Queue object at 0x000001959731BA90>, 'queue_from_exp': <multiprocessing.queues.Queue object at 0x000001959732F7D0>, 'fun_args': [], 'fun_kwargs': {'runs': 120, 'iters': 1000, 'start': 3e-09, 'stop': 3e-07, 'num_pts': 100, 'tau': 8e-07, 'freq': 2312000000.0, 'rf_power': 0.00075, 'pi': 1.03e-07, 'pulse_axis': 'y', 'dark_freq': 559000000.0, 'awg_power': 0.4, 'laser_power': 110, 'laser_init': 3e-05, 'laser_readout': 2.5e-06, 'sideband_freq': 30000000.0, 'sideband_power': 0.45, 'sideband': 'Lower', 'i_offset': -0.002, 'q_offset': -0.004, 'detector': 'APD', 'segment_size': 1024, 'dig_sampling_freq': 500000000.0, 'dig_amplitude': 1.0, 'read_channel': '0', 'dig_coupling': 'DC', 'dig_termination': '1M', 'pretrig_size': 32, 'dig_timeout': 5.0, 'save': False, 'dataset': 'deer rabi', 'filename': 'pH11', 'directory': '//maurerlabnas/MaurerLab/ejvilla4/pH project/March 2025 Titration Curve/pH 11/', 'seq': 'DEER Rabi', 'fit': True, 'fit_live': True, 'fit_params': [0.1, 0.001, 100.0, 0.0, 1.0]}}].
2025-03-11 20:09:45.368 [   ERROR] (      base_events.py:1771) Task exception was never retrieved
future: <Task finished name='Task-16704' coro=<DataSink._main() done, defined at C:\Users\ejvil\miniconda3\envs\nspyre\Lib\site-packages\nspyre\data\sink.py:109> exception=RuntimeError('Maximum diff size exceeded. This is a consequence of memory build-up due to the sink not being able to keep up with the data rate. Reduce the data rate or increase the client processing throughput.') created at C:\Users\ejvil\miniconda3\envs\nspyre\Lib\asyncio\tasks.py:374>
source_traceback: Object created at (most recent call last):
  File "C:\Users\ejvil\miniconda3\envs\nspyre\Lib\threading.py", line 995, in _bootstrap
    self._bootstrap_inner()
  File "C:\Users\ejvil\miniconda3\envs\nspyre\Lib\threading.py", line 1038, in _bootstrap_inner
    self.run()
  File "C:\Users\ejvil\miniconda3\envs\nspyre\Lib\threading.py", line 975, in run
    self._target(*self._args, **self._kwargs)
  File "C:\Users\ejvil\miniconda3\envs\nspyre\Lib\site-packages\nspyre\data\_asyncio_worker.py", line 86, in _event_loop_thread
    self._event_loop.run_forever()
  File "C:\Users\ejvil\miniconda3\envs\nspyre\Lib\asyncio\base_events.py", line 607, in run_forever
    self._run_once()
  File "C:\Users\ejvil\miniconda3\envs\nspyre\Lib\asyncio\base_events.py", line 1914, in _run_once
    handle._run()
  File "C:\Users\ejvil\miniconda3\envs\nspyre\Lib\asyncio\events.py", line 80, in _run
    self._context.run(self._callback, *self._args)
  File "C:\Users\ejvil\miniconda3\envs\nspyre\Lib\site-packages\nspyre\data\_asyncio_worker.py", line 93, in _main_helper
    asyncio.create_task(self._main())
  File "C:\Users\ejvil\miniconda3\envs\nspyre\Lib\asyncio\tasks.py", line 374, in create_task
    task = loop.create_task(coro)
Traceback (most recent call last):
  File "C:\Users\ejvil\miniconda3\envs\nspyre\Lib\site-packages\nspyre\data\sink.py", line 210, in _main
    self._queue.put_nowait(pickle_diff)
  File "C:\Users\ejvil\miniconda3\envs\nspyre\Lib\asyncio\queues.py", line 143, in put_nowait
    raise QueueFull
asyncio.queues.QueueFull

The above exception was the direct cause of the following exception:

Traceback (most recent call last):
  File "C:\Users\ejvil\miniconda3\envs\nspyre\Lib\site-packages\nspyre\data\sink.py", line 219, in _main
    raise RuntimeError(
RuntimeError: Maximum diff size exceeded. This is a consequence of memory build-up due to the sink not being able to keep up with the data rate. Reduce the data rate or increase the client processing throughput.
2025-03-11 20:09:45.370 [   ERROR] (      base_events.py:1771) Task exception was never retrieved
future: <Task finished name='Task-76928' coro=<DataSink._main() done, defined at C:\Users\ejvil\miniconda3\envs\nspyre\Lib\site-packages\nspyre\data\sink.py:109> exception=RuntimeError('Maximum diff size exceeded. This is a consequence of memory build-up due to the sink not being able to keep up with the data rate. Reduce the data rate or increase the client processing throughput.') created at C:\Users\ejvil\miniconda3\envs\nspyre\Lib\asyncio\tasks.py:374>
source_traceback: Object created at (most recent call last):
  File "C:\Users\ejvil\miniconda3\envs\nspyre\Lib\threading.py", line 995, in _bootstrap
    self._bootstrap_inner()
  File "C:\Users\ejvil\miniconda3\envs\nspyre\Lib\threading.py", line 1038, in _bootstrap_inner
    self.run()
  File "C:\Users\ejvil\miniconda3\envs\nspyre\Lib\threading.py", line 975, in run
    self._target(*self._args, **self._kwargs)
  File "C:\Users\ejvil\miniconda3\envs\nspyre\Lib\site-packages\nspyre\data\_asyncio_worker.py", line 86, in _event_loop_thread
    self._event_loop.run_forever()
  File "C:\Users\ejvil\miniconda3\envs\nspyre\Lib\asyncio\base_events.py", line 607, in run_forever
    self._run_once()
  File "C:\Users\ejvil\miniconda3\envs\nspyre\Lib\asyncio\base_events.py", line 1914, in _run_once
    handle._run()
  File "C:\Users\ejvil\miniconda3\envs\nspyre\Lib\asyncio\events.py", line 80, in _run
    self._context.run(self._callback, *self._args)
  File "C:\Users\ejvil\miniconda3\envs\nspyre\Lib\site-packages\nspyre\data\_asyncio_worker.py", line 93, in _main_helper
    asyncio.create_task(self._main())
  File "C:\Users\ejvil\miniconda3\envs\nspyre\Lib\asyncio\tasks.py", line 374, in create_task
    task = loop.create_task(coro)
Traceback (most recent call last):
  File "C:\Users\ejvil\miniconda3\envs\nspyre\Lib\site-packages\nspyre\data\sink.py", line 210, in _main
    self._queue.put_nowait(pickle_diff)
  File "C:\Users\ejvil\miniconda3\envs\nspyre\Lib\asyncio\queues.py", line 143, in put_nowait
    raise QueueFull
asyncio.queues.QueueFull

The above exception was the direct cause of the following exception:

Traceback (most recent call last):
  File "C:\Users\ejvil\miniconda3\envs\nspyre\Lib\site-packages\nspyre\data\sink.py", line 219, in _main
    raise RuntimeError(
RuntimeError: Maximum diff size exceeded. This is a consequence of memory build-up due to the sink not being able to keep up with the data rate. Reduce the data rate or increase the client processing throughput.
2025-03-11 20:11:44.589 [   ERROR] (      base_events.py:1771) Task exception was never retrieved
future: <Task finished name='Task-107629' coro=<DataSink._main() done, defined at C:\Users\ejvil\miniconda3\envs\nspyre\Lib\site-packages\nspyre\data\sink.py:109> exception=RuntimeError('Maximum diff size exceeded. This is a consequence of memory build-up due to the sink not being able to keep up with the data rate. Reduce the data rate or increase the client processing throughput.') created at C:\Users\ejvil\miniconda3\envs\nspyre\Lib\asyncio\tasks.py:374>
source_traceback: Object created at (most recent call last):
  File "C:\Users\ejvil\miniconda3\envs\nspyre\Lib\threading.py", line 995, in _bootstrap
    self._bootstrap_inner()
  File "C:\Users\ejvil\miniconda3\envs\nspyre\Lib\threading.py", line 1038, in _bootstrap_inner
    self.run()
  File "C:\Users\ejvil\miniconda3\envs\nspyre\Lib\threading.py", line 975, in run
    self._target(*self._args, **self._kwargs)
  File "C:\Users\ejvil\miniconda3\envs\nspyre\Lib\site-packages\nspyre\data\_asyncio_worker.py", line 86, in _event_loop_thread
    self._event_loop.run_forever()
  File "C:\Users\ejvil\miniconda3\envs\nspyre\Lib\asyncio\base_events.py", line 607, in run_forever
    self._run_once()
  File "C:\Users\ejvil\miniconda3\envs\nspyre\Lib\asyncio\base_events.py", line 1914, in _run_once
    handle._run()
  File "C:\Users\ejvil\miniconda3\envs\nspyre\Lib\asyncio\events.py", line 80, in _run
    self._context.run(self._callback, *self._args)
  File "C:\Users\ejvil\miniconda3\envs\nspyre\Lib\site-packages\nspyre\data\_asyncio_worker.py", line 93, in _main_helper
    asyncio.create_task(self._main())
  File "C:\Users\ejvil\miniconda3\envs\nspyre\Lib\asyncio\tasks.py", line 374, in create_task
    task = loop.create_task(coro)
Traceback (most recent call last):
  File "C:\Users\ejvil\miniconda3\envs\nspyre\Lib\site-packages\nspyre\data\sink.py", line 210, in _main
    self._queue.put_nowait(pickle_diff)
  File "C:\Users\ejvil\miniconda3\envs\nspyre\Lib\asyncio\queues.py", line 143, in put_nowait
    raise QueueFull
asyncio.queues.QueueFull

The above exception was the direct cause of the following exception:

Traceback (most recent call last):
  File "C:\Users\ejvil\miniconda3\envs\nspyre\Lib\site-packages\nspyre\data\sink.py", line 219, in _main
    raise RuntimeError(
RuntimeError: Maximum diff size exceeded. This is a consequence of memory build-up due to the sink not being able to keep up with the data rate. Reduce the data rate or increase the client processing throughput.
2025-03-11 20:12:55.617 [    INFO] (             sink.py: 137) Sink connected to data server [('127.0.0.1', 30101)].
2025-03-11 20:12:56.627 [CRITICAL] (          logging.py:  32) Traceback (most recent call last):
2025-03-11 20:12:56.629 [CRITICAL] (          logging.py:  32)   File "C:\Users\ejvil\miniconda3\envs\nspyre\Lib\site-packages\nspyre\gui\widgets\flex_line_plot_3.py", line 1801, in _new_source
2025-03-11 20:12:56.630 [CRITICAL] (          logging.py:  32)     self.plot_settings.sink.pop(timeout=self.timeout)
2025-03-11 20:12:56.630 [CRITICAL] (          logging.py:  32)   File "C:\Users\ejvil\miniconda3\envs\nspyre\Lib\site-packages\nspyre\data\sink.py", line 356, in pop
2025-03-11 20:12:56.631 [CRITICAL] (          logging.py:  32)     raise TimeoutError(f'{self} pop() timed out.')
2025-03-11 20:12:56.631 [CRITICAL] (          logging.py:  32) TimeoutError: Data Sink (running=True) [name=deer t1,  pop() timed out.
2025-03-11 20:12:56.631 [CRITICAL] (          logging.py:  32) 
2025-03-11 20:12:56.632 [CRITICAL] (          logging.py:  32) The above exception was the direct cause of the following exception:
2025-03-11 20:12:56.632 [CRITICAL] (          logging.py:  32) 
2025-03-11 20:12:56.632 [CRITICAL] (          logging.py:  32) Traceback (most recent call last):
2025-03-11 20:12:56.632 [CRITICAL] (          logging.py:  32)   File "C:\Users\ejvil\miniconda3\envs\nspyre\Lib\site-packages\nspyre\gui\threadsafe.py", line 91, in _handle_error
2025-03-11 20:12:56.634 [CRITICAL] (          logging.py:  32)     raise err
2025-03-11 20:12:56.634 [CRITICAL] (          logging.py:  32)   File "C:\Users\ejvil\miniconda3\envs\nspyre\Lib\site-packages\nspyre\gui\threadsafe.py", line 171, in _run_safe
2025-03-11 20:12:56.634 [CRITICAL] (          logging.py:  32)     result = fun(*args, **kwargs)
2025-03-11 20:12:56.635 [CRITICAL] (          logging.py:  32)              ^^^^^^^^^^^^^^^^^^^^
2025-03-11 20:12:56.635 [CRITICAL] (          logging.py:  32)   File "C:\Users\ejvil\miniconda3\envs\nspyre\Lib\site-packages\nspyre\gui\widgets\flex_line_plot_3.py", line 1865, in _new_source
2025-03-11 20:12:56.636 [CRITICAL] (          logging.py:  32)     raise RuntimeError(
2025-03-11 20:12:56.636 [CRITICAL] (          logging.py:  32) RuntimeError: Could not connect to new data source [deer t1]
2025-03-11 20:12:56.637 [    INFO] (        line_plot.py:  78) A plot with the name [fit] does not exist. Ignoring remove_plot request.
2025-03-11 20:12:56.637 [    INFO] (        line_plot.py:  78) A plot with the name [dark_avg] does not exist. Ignoring remove_plot request.
2025-03-11 20:12:56.638 [    INFO] (        line_plot.py:  78) A plot with the name [echo_avg] does not exist. Ignoring remove_plot request.
2025-03-11 20:12:56.639 [    INFO] (        line_plot.py:  78) A plot with the name [contrast_avg] does not exist. Ignoring remove_plot request.
2025-03-11 20:12:56.641 [    INFO] (        line_plot.py:  78) A plot with the name [contrast_latest] does not exist. Ignoring remove_plot request.
2025-03-11 20:12:56.642 [    INFO] (        line_plot.py:  78) A plot with the name [dark_sig_avg] does not exist. Ignoring remove_plot request.
2025-03-11 20:12:56.643 [    INFO] (        line_plot.py:  78) A plot with the name [dark_sig_latest] does not exist. Ignoring remove_plot request.
2025-03-11 20:12:56.644 [    INFO] (        line_plot.py:  78) A plot with the name [dark_bg_avg] does not exist. Ignoring remove_plot request.
2025-03-11 20:12:56.645 [    INFO] (        line_plot.py:  78) A plot with the name [dark_bg_latest] does not exist. Ignoring remove_plot request.
2025-03-11 20:12:56.645 [    INFO] (        line_plot.py:  78) A plot with the name [echo_sig_avg] does not exist. Ignoring remove_plot request.
2025-03-11 20:12:56.646 [    INFO] (        line_plot.py:  78) A plot with the name [echo_sig_latest] does not exist. Ignoring remove_plot request.
2025-03-11 20:12:56.647 [    INFO] (        line_plot.py:  78) A plot with the name [echo_bg_avg] does not exist. Ignoring remove_plot request.
2025-03-11 20:12:56.647 [    INFO] (        line_plot.py:  78) A plot with the name [echo_bg_latest] does not exist. Ignoring remove_plot request.
2025-03-11 20:12:57.657 [CRITICAL] (          logging.py:  32) Traceback (most recent call last):
2025-03-11 20:12:57.657 [CRITICAL] (          logging.py:  32)   File "C:\Users\ejvil\miniconda3\envs\nspyre\Lib\site-packages\nspyre\gui\threadsafe.py", line 91, in _handle_error
2025-03-11 20:12:57.658 [CRITICAL] (          logging.py:  32)     raise err
2025-03-11 20:12:57.658 [CRITICAL] (          logging.py:  32)   File "C:\Users\ejvil\miniconda3\envs\nspyre\Lib\site-packages\nspyre\gui\threadsafe.py", line 171, in _run_safe
2025-03-11 20:12:57.659 [CRITICAL] (          logging.py:  32)     result = fun(*args, **kwargs)
2025-03-11 20:12:57.659 [CRITICAL] (          logging.py:  32)              ^^^^^^^^^^^^^^^^^^^^
2025-03-11 20:12:57.659 [CRITICAL] (          logging.py:  32)   File "C:\Users\ejvil\miniconda3\envs\nspyre\Lib\site-packages\nspyre\gui\widgets\flex_line_plot_3.py", line 373, in get_settings
2025-03-11 20:12:57.660 [CRITICAL] (          logging.py:  32)     settings = self.series_settings[name]
2025-03-11 20:12:57.660 [CRITICAL] (          logging.py:  32)                ~~~~~~~~~~~~~~~~~~~~^^^^^^
2025-03-11 20:12:57.660 [CRITICAL] (          logging.py:  32) KeyError: 'dark_avg'
2025-03-11 20:12:57.660 [CRITICAL] (          logging.py:  32) Traceback (most recent call last):
2025-03-11 20:12:57.661 [CRITICAL] (          logging.py:  32)   File "C:\Users\ejvil\miniconda3\envs\nspyre\Lib\site-packages\nspyre\gui\threadsafe.py", line 91, in _handle_error
2025-03-11 20:12:57.661 [CRITICAL] (          logging.py:  32)     raise err
2025-03-11 20:12:57.661 [CRITICAL] (          logging.py:  32)   File "C:\Users\ejvil\miniconda3\envs\nspyre\Lib\site-packages\nspyre\gui\threadsafe.py", line 171, in _run_safe
2025-03-11 20:12:57.662 [CRITICAL] (          logging.py:  32)     result = fun(*args, **kwargs)
2025-03-11 20:12:57.662 [CRITICAL] (          logging.py:  32)              ^^^^^^^^^^^^^^^^^^^^
2025-03-11 20:12:57.662 [CRITICAL] (          logging.py:  32)   File "C:\Users\ejvil\miniconda3\envs\nspyre\Lib\site-packages\nspyre\gui\widgets\flex_line_plot_3.py", line 373, in get_settings
2025-03-11 20:12:57.663 [CRITICAL] (          logging.py:  32)     settings = self.series_settings[name]
2025-03-11 20:12:57.663 [CRITICAL] (          logging.py:  32)                ~~~~~~~~~~~~~~~~~~~~^^^^^^
2025-03-11 20:12:57.663 [CRITICAL] (          logging.py:  32) KeyError: 'echo_avg'
2025-03-11 20:12:57.664 [CRITICAL] (          logging.py:  32) Traceback (most recent call last):
2025-03-11 20:12:57.664 [CRITICAL] (          logging.py:  32)   File "C:\Users\ejvil\miniconda3\envs\nspyre\Lib\site-packages\nspyre\gui\threadsafe.py", line 91, in _handle_error
2025-03-11 20:12:57.664 [CRITICAL] (          logging.py:  32)     raise err
2025-03-11 20:12:57.664 [CRITICAL] (          logging.py:  32)   File "C:\Users\ejvil\miniconda3\envs\nspyre\Lib\site-packages\nspyre\gui\threadsafe.py", line 171, in _run_safe
2025-03-11 20:12:57.665 [CRITICAL] (          logging.py:  32)     result = fun(*args, **kwargs)
2025-03-11 20:12:57.665 [CRITICAL] (          logging.py:  32)              ^^^^^^^^^^^^^^^^^^^^
2025-03-11 20:12:57.665 [CRITICAL] (          logging.py:  32)   File "C:\Users\ejvil\miniconda3\envs\nspyre\Lib\site-packages\nspyre\gui\widgets\flex_line_plot_3.py", line 373, in get_settings
2025-03-11 20:12:57.666 [CRITICAL] (          logging.py:  32)     settings = self.series_settings[name]
2025-03-11 20:12:57.666 [CRITICAL] (          logging.py:  32)                ~~~~~~~~~~~~~~~~~~~~^^^^^^
2025-03-11 20:12:57.666 [CRITICAL] (          logging.py:  32) KeyError: 'contrast_avg'
2025-03-11 20:12:57.666 [CRITICAL] (          logging.py:  32) Traceback (most recent call last):
2025-03-11 20:12:57.666 [CRITICAL] (          logging.py:  32)   File "C:\Users\ejvil\miniconda3\envs\nspyre\Lib\site-packages\nspyre\gui\threadsafe.py", line 91, in _handle_error
2025-03-11 20:12:57.667 [CRITICAL] (          logging.py:  32)     raise err
2025-03-11 20:12:57.667 [CRITICAL] (          logging.py:  32)   File "C:\Users\ejvil\miniconda3\envs\nspyre\Lib\site-packages\nspyre\gui\threadsafe.py", line 171, in _run_safe
2025-03-11 20:12:57.667 [CRITICAL] (          logging.py:  32)     result = fun(*args, **kwargs)
2025-03-11 20:12:57.668 [CRITICAL] (          logging.py:  32)              ^^^^^^^^^^^^^^^^^^^^
2025-03-11 20:12:57.668 [CRITICAL] (          logging.py:  32)   File "C:\Users\ejvil\miniconda3\envs\nspyre\Lib\site-packages\nspyre\gui\widgets\flex_line_plot_3.py", line 373, in get_settings
2025-03-11 20:12:57.668 [CRITICAL] (          logging.py:  32)     settings = self.series_settings[name]
2025-03-11 20:12:57.669 [CRITICAL] (          logging.py:  32)                ~~~~~~~~~~~~~~~~~~~~^^^^^^
2025-03-11 20:12:57.669 [CRITICAL] (          logging.py:  32) KeyError: 'contrast_latest'
2025-03-11 20:12:57.669 [CRITICAL] (          logging.py:  32) Traceback (most recent call last):
2025-03-11 20:12:57.669 [CRITICAL] (          logging.py:  32)   File "C:\Users\ejvil\miniconda3\envs\nspyre\Lib\site-packages\nspyre\gui\threadsafe.py", line 91, in _handle_error
2025-03-11 20:12:57.670 [CRITICAL] (          logging.py:  32)     raise err
2025-03-11 20:12:57.670 [CRITICAL] (          logging.py:  32)   File "C:\Users\ejvil\miniconda3\envs\nspyre\Lib\site-packages\nspyre\gui\threadsafe.py", line 171, in _run_safe
2025-03-11 20:12:57.670 [CRITICAL] (          logging.py:  32)     result = fun(*args, **kwargs)
2025-03-11 20:12:57.671 [CRITICAL] (          logging.py:  32)              ^^^^^^^^^^^^^^^^^^^^
2025-03-11 20:12:57.671 [CRITICAL] (          logging.py:  32)   File "C:\Users\ejvil\miniconda3\envs\nspyre\Lib\site-packages\nspyre\gui\widgets\flex_line_plot_3.py", line 373, in get_settings
2025-03-11 20:12:57.671 [CRITICAL] (          logging.py:  32)     settings = self.series_settings[name]
2025-03-11 20:12:57.671 [CRITICAL] (          logging.py:  32)                ~~~~~~~~~~~~~~~~~~~~^^^^^^
2025-03-11 20:12:57.672 [CRITICAL] (          logging.py:  32) KeyError: 'dark_sig_avg'
2025-03-11 20:12:57.672 [CRITICAL] (          logging.py:  32) Traceback (most recent call last):
2025-03-11 20:12:57.672 [CRITICAL] (          logging.py:  32)   File "C:\Users\ejvil\miniconda3\envs\nspyre\Lib\site-packages\nspyre\gui\threadsafe.py", line 91, in _handle_error
2025-03-11 20:12:57.672 [CRITICAL] (          logging.py:  32)     raise err
2025-03-11 20:12:57.672 [CRITICAL] (          logging.py:  32)   File "C:\Users\ejvil\miniconda3\envs\nspyre\Lib\site-packages\nspyre\gui\threadsafe.py", line 171, in _run_safe
2025-03-11 20:12:57.673 [CRITICAL] (          logging.py:  32)     result = fun(*args, **kwargs)
2025-03-11 20:12:57.673 [CRITICAL] (          logging.py:  32)              ^^^^^^^^^^^^^^^^^^^^
2025-03-11 20:12:57.673 [CRITICAL] (          logging.py:  32)   File "C:\Users\ejvil\miniconda3\envs\nspyre\Lib\site-packages\nspyre\gui\widgets\flex_line_plot_3.py", line 373, in get_settings
2025-03-11 20:12:57.674 [CRITICAL] (          logging.py:  32)     settings = self.series_settings[name]
2025-03-11 20:12:57.674 [CRITICAL] (          logging.py:  32)                ~~~~~~~~~~~~~~~~~~~~^^^^^^
2025-03-11 20:12:57.674 [CRITICAL] (          logging.py:  32) KeyError: 'dark_sig_latest'
2025-03-11 20:12:57.674 [CRITICAL] (          logging.py:  32) Traceback (most recent call last):
2025-03-11 20:12:57.674 [CRITICAL] (          logging.py:  32)   File "C:\Users\ejvil\miniconda3\envs\nspyre\Lib\site-packages\nspyre\gui\threadsafe.py", line 91, in _handle_error
2025-03-11 20:12:57.675 [CRITICAL] (          logging.py:  32)     raise err
2025-03-11 20:12:57.675 [CRITICAL] (          logging.py:  32)   File "C:\Users\ejvil\miniconda3\envs\nspyre\Lib\site-packages\nspyre\gui\threadsafe.py", line 171, in _run_safe
2025-03-11 20:12:57.675 [CRITICAL] (          logging.py:  32)     result = fun(*args, **kwargs)
2025-03-11 20:12:57.676 [CRITICAL] (          logging.py:  32)              ^^^^^^^^^^^^^^^^^^^^
2025-03-11 20:12:57.676 [CRITICAL] (          logging.py:  32)   File "C:\Users\ejvil\miniconda3\envs\nspyre\Lib\site-packages\nspyre\gui\widgets\flex_line_plot_3.py", line 373, in get_settings
2025-03-11 20:12:57.677 [CRITICAL] (          logging.py:  32)     settings = self.series_settings[name]
2025-03-11 20:12:57.677 [CRITICAL] (          logging.py:  32)                ~~~~~~~~~~~~~~~~~~~~^^^^^^
2025-03-11 20:12:57.678 [CRITICAL] (          logging.py:  32) KeyError: 'dark_bg_avg'
2025-03-11 20:12:57.683 [    INFO] (  _asyncio_worker.py:  89) Source [('localhost', 30101)] closed.
2025-03-11 20:12:57.683 [CRITICAL] (          logging.py:  32) Traceback (most recent call last):
2025-03-11 20:12:57.684 [CRITICAL] (          logging.py:  32)   File "C:\Users\ejvil\miniconda3\envs\nspyre\Lib\site-packages\nspyre\gui\threadsafe.py", line 91, in _handle_error
2025-03-11 20:12:57.684 [CRITICAL] (          logging.py:  32)     raise err
2025-03-11 20:12:57.684 [CRITICAL] (          logging.py:  32)   File "C:\Users\ejvil\miniconda3\envs\nspyre\Lib\site-packages\nspyre\gui\threadsafe.py", line 171, in _run_safe
2025-03-11 20:12:57.686 [CRITICAL] (          logging.py:  32)     result = fun(*args, **kwargs)
2025-03-11 20:12:57.686 [CRITICAL] (          logging.py:  32)              ^^^^^^^^^^^^^^^^^^^^
2025-03-11 20:12:57.686 [CRITICAL] (          logging.py:  32)   File "C:\Users\ejvil\miniconda3\envs\nspyre\Lib\site-packages\nspyre\gui\widgets\flex_line_plot_3.py", line 373, in get_settings
2025-03-11 20:12:57.687 [CRITICAL] (          logging.py:  32)     settings = self.series_settings[name]
2025-03-11 20:12:57.687 [CRITICAL] (          logging.py:  32)                ~~~~~~~~~~~~~~~~~~~~^^^^^^
2025-03-11 20:12:57.687 [CRITICAL] (          logging.py:  32) KeyError: 'dark_bg_latest'
2025-03-11 20:12:57.687 [CRITICAL] (          logging.py:  32) Traceback (most recent call last):
2025-03-11 20:12:57.688 [CRITICAL] (          logging.py:  32)   File "C:\Users\ejvil\miniconda3\envs\nspyre\Lib\site-packages\nspyre\gui\threadsafe.py", line 91, in _handle_error
2025-03-11 20:12:57.688 [CRITICAL] (          logging.py:  32)     raise err
2025-03-11 20:12:57.688 [CRITICAL] (          logging.py:  32)   File "C:\Users\ejvil\miniconda3\envs\nspyre\Lib\site-packages\nspyre\gui\threadsafe.py", line 171, in _run_safe
2025-03-11 20:12:57.689 [CRITICAL] (          logging.py:  32)     result = fun(*args, **kwargs)
2025-03-11 20:12:57.689 [CRITICAL] (          logging.py:  32)              ^^^^^^^^^^^^^^^^^^^^
2025-03-11 20:12:57.689 [CRITICAL] (          logging.py:  32)   File "C:\Users\ejvil\miniconda3\envs\nspyre\Lib\site-packages\nspyre\gui\widgets\flex_line_plot_3.py", line 373, in get_settings
2025-03-11 20:12:57.690 [CRITICAL] (          logging.py:  32)     settings = self.series_settings[name]
2025-03-11 20:12:57.690 [CRITICAL] (          logging.py:  32)                ~~~~~~~~~~~~~~~~~~~~^^^^^^
2025-03-11 20:12:57.690 [CRITICAL] (          logging.py:  32) KeyError: 'echo_sig_avg'
2025-03-11 20:12:57.690 [CRITICAL] (          logging.py:  32) Traceback (most recent call last):
2025-03-11 20:12:57.690 [CRITICAL] (          logging.py:  32)   File "C:\Users\ejvil\miniconda3\envs\nspyre\Lib\site-packages\nspyre\gui\threadsafe.py", line 91, in _handle_error
2025-03-11 20:12:57.691 [CRITICAL] (          logging.py:  32)     raise err
2025-03-11 20:12:57.691 [CRITICAL] (          logging.py:  32)   File "C:\Users\ejvil\miniconda3\envs\nspyre\Lib\site-packages\nspyre\gui\threadsafe.py", line 171, in _run_safe
2025-03-11 20:12:57.692 [CRITICAL] (          logging.py:  32)     result = fun(*args, **kwargs)
2025-03-11 20:12:57.692 [CRITICAL] (          logging.py:  32)              ^^^^^^^^^^^^^^^^^^^^
2025-03-11 20:12:57.692 [CRITICAL] (          logging.py:  32)   File "C:\Users\ejvil\miniconda3\envs\nspyre\Lib\site-packages\nspyre\gui\widgets\flex_line_plot_3.py", line 373, in get_settings
2025-03-11 20:12:57.693 [CRITICAL] (          logging.py:  32)     settings = self.series_settings[name]
2025-03-11 20:12:57.693 [CRITICAL] (          logging.py:  32)                ~~~~~~~~~~~~~~~~~~~~^^^^^^
2025-03-11 20:12:57.693 [CRITICAL] (          logging.py:  32) KeyError: 'echo_sig_latest'
2025-03-11 20:12:57.694 [CRITICAL] (          logging.py:  32) Traceback (most recent call last):
2025-03-11 20:12:57.694 [CRITICAL] (          logging.py:  32)   File "C:\Users\ejvil\miniconda3\envs\nspyre\Lib\site-packages\nspyre\gui\threadsafe.py", line 91, in _handle_error
2025-03-11 20:12:57.694 [CRITICAL] (          logging.py:  32)     raise err
2025-03-11 20:12:57.694 [CRITICAL] (          logging.py:  32)   File "C:\Users\ejvil\miniconda3\envs\nspyre\Lib\site-packages\nspyre\gui\threadsafe.py", line 171, in _run_safe
2025-03-11 20:12:57.695 [CRITICAL] (          logging.py:  32)     result = fun(*args, **kwargs)
2025-03-11 20:12:57.695 [CRITICAL] (          logging.py:  32)              ^^^^^^^^^^^^^^^^^^^^
2025-03-11 20:12:57.695 [CRITICAL] (          logging.py:  32)   File "C:\Users\ejvil\miniconda3\envs\nspyre\Lib\site-packages\nspyre\gui\widgets\flex_line_plot_3.py", line 373, in get_settings
2025-03-11 20:12:57.696 [CRITICAL] (          logging.py:  32)     settings = self.series_settings[name]
2025-03-11 20:12:57.696 [CRITICAL] (          logging.py:  32)                ~~~~~~~~~~~~~~~~~~~~^^^^^^
2025-03-11 20:12:57.696 [CRITICAL] (          logging.py:  32) KeyError: 'echo_bg_avg'
2025-03-11 20:12:57.696 [CRITICAL] (          logging.py:  32) Traceback (most recent call last):
2025-03-11 20:12:57.696 [CRITICAL] (          logging.py:  32)   File "C:\Users\ejvil\miniconda3\envs\nspyre\Lib\site-packages\nspyre\gui\threadsafe.py", line 91, in _handle_error
2025-03-11 20:12:57.697 [CRITICAL] (          logging.py:  32)     raise err
2025-03-11 20:12:57.697 [CRITICAL] (          logging.py:  32)   File "C:\Users\ejvil\miniconda3\envs\nspyre\Lib\site-packages\nspyre\gui\threadsafe.py", line 171, in _run_safe
2025-03-11 20:12:57.698 [CRITICAL] (          logging.py:  32)     result = fun(*args, **kwargs)
2025-03-11 20:12:57.698 [CRITICAL] (          logging.py:  32)              ^^^^^^^^^^^^^^^^^^^^
2025-03-11 20:12:57.698 [CRITICAL] (          logging.py:  32)   File "C:\Users\ejvil\miniconda3\envs\nspyre\Lib\site-packages\nspyre\gui\widgets\flex_line_plot_3.py", line 373, in get_settings
2025-03-11 20:12:57.699 [CRITICAL] (          logging.py:  32)     settings = self.series_settings[name]
2025-03-11 20:12:57.699 [CRITICAL] (          logging.py:  32)                ~~~~~~~~~~~~~~~~~~~~^^^^^^
2025-03-11 20:12:57.699 [CRITICAL] (          logging.py:  32) KeyError: 'echo_bg_latest'
2025-03-11 20:13:28.192 [    INFO] (             misc.py: 208) Running process function [<function run_experiment at 0x00000195908B4FE0>] with args: [()] kwargs: [{'exp_cls': <class 'nv_experiments_all.SpinMeasurements'>, 'fun_name': 'DEER_T1_scan', 'constructor_args': [], 'constructor_kwargs': {}, 'queue_to_exp': <multiprocessing.queues.Queue object at 0x000001959731BA90>, 'queue_from_exp': <multiprocessing.queues.Queue object at 0x000001959732F7D0>, 'fun_args': [], 'fun_kwargs': {'runs': 120, 'iters': 100000, 'start': 5e-08, 'stop': 4e-05, 'num_pts': 100, 'array_type': 'linspace', 'tau': 8e-07, 'freq': 2312000000.0, 'rf_power': 0.00075, 'pi': 1.03e-07, 'pulse_axis': 'y', 'dark_freq': 559000000.0, 'dark_pi': 1.05e-07, 'awg_power': 0.4, 'laser_power': 110, 'laser_init': 3e-05, 'laser_readout': 2.5e-06, 'sideband_freq': 30000000.0, 'sideband_power': 0.45, 'sideband': 'Lower', 'i_offset': -0.002, 'q_offset': -0.004, 'detector': 'APD', 'segment_size': 1024, 'dig_sampling_freq': 500000000.0, 'dig_amplitude': 1.0, 'read_channel': '0', 'dig_coupling': 'DC', 'dig_termination': '1M', 'pretrig_size': 32, 'dig_timeout': 5.0, 'save': True, 'dataset': 'deer t1', 'filename': 'pH11', 'directory': '//maurerlabnas/MaurerLab/ejvilla4/pH project/March 2025 Titration Curve/pH 11/', 'seq': 'DEER T1', 'fit': False, 'fit_live': False, 'fit_params': [0.0]}}].
2025-03-11 20:15:11.689 [    INFO] (             sink.py: 137) Sink connected to data server [('127.0.0.1', 30101)].
2025-03-11 20:15:25.039 [    INFO] (             sink.py: 137) Sink connected to data server [('127.0.0.1', 30101)].
2025-03-11 20:15:35.327 [    INFO] (             sink.py: 137) Sink connected to data server [('127.0.0.1', 30101)].
2025-03-11 20:33:07.780 [   ERROR] (      base_events.py:1771) Task exception was never retrieved
future: <Task finished name='Task-112237' coro=<DataSink._main() done, defined at C:\Users\ejvil\miniconda3\envs\nspyre\Lib\site-packages\nspyre\data\sink.py:109> exception=RuntimeError('Maximum diff size exceeded. This is a consequence of memory build-up due to the sink not being able to keep up with the data rate. Reduce the data rate or increase the client processing throughput.') created at C:\Users\ejvil\miniconda3\envs\nspyre\Lib\asyncio\tasks.py:374>
source_traceback: Object created at (most recent call last):
  File "C:\Users\ejvil\miniconda3\envs\nspyre\Lib\threading.py", line 995, in _bootstrap
    self._bootstrap_inner()
  File "C:\Users\ejvil\miniconda3\envs\nspyre\Lib\threading.py", line 1038, in _bootstrap_inner
    self.run()
  File "C:\Users\ejvil\miniconda3\envs\nspyre\Lib\threading.py", line 975, in run
    self._target(*self._args, **self._kwargs)
  File "C:\Users\ejvil\miniconda3\envs\nspyre\Lib\site-packages\nspyre\data\_asyncio_worker.py", line 86, in _event_loop_thread
    self._event_loop.run_forever()
  File "C:\Users\ejvil\miniconda3\envs\nspyre\Lib\asyncio\base_events.py", line 607, in run_forever
    self._run_once()
  File "C:\Users\ejvil\miniconda3\envs\nspyre\Lib\asyncio\base_events.py", line 1914, in _run_once
    handle._run()
  File "C:\Users\ejvil\miniconda3\envs\nspyre\Lib\asyncio\events.py", line 80, in _run
    self._context.run(self._callback, *self._args)
  File "C:\Users\ejvil\miniconda3\envs\nspyre\Lib\site-packages\nspyre\data\_asyncio_worker.py", line 93, in _main_helper
    asyncio.create_task(self._main())
  File "C:\Users\ejvil\miniconda3\envs\nspyre\Lib\asyncio\tasks.py", line 374, in create_task
    task = loop.create_task(coro)
Traceback (most recent call last):
  File "C:\Users\ejvil\miniconda3\envs\nspyre\Lib\site-packages\nspyre\data\sink.py", line 210, in _main
    self._queue.put_nowait(pickle_diff)
  File "C:\Users\ejvil\miniconda3\envs\nspyre\Lib\asyncio\queues.py", line 143, in put_nowait
    raise QueueFull
asyncio.queues.QueueFull

The above exception was the direct cause of the following exception:

Traceback (most recent call last):
  File "C:\Users\ejvil\miniconda3\envs\nspyre\Lib\site-packages\nspyre\data\sink.py", line 219, in _main
    raise RuntimeError(
RuntimeError: Maximum diff size exceeded. This is a consequence of memory build-up due to the sink not being able to keep up with the data rate. Reduce the data rate or increase the client processing throughput.
2025-03-11 20:34:55.578 [   ERROR] (      base_events.py:1771) Task exception was never retrieved
future: <Task finished name='Task-962497' coro=<DataSink._main() done, defined at C:\Users\ejvil\miniconda3\envs\nspyre\Lib\site-packages\nspyre\data\sink.py:109> exception=RuntimeError('Maximum diff size exceeded. This is a consequence of memory build-up due to the sink not being able to keep up with the data rate. Reduce the data rate or increase the client processing throughput.') created at C:\Users\ejvil\miniconda3\envs\nspyre\Lib\asyncio\tasks.py:374>
source_traceback: Object created at (most recent call last):
  File "C:\Users\ejvil\miniconda3\envs\nspyre\Lib\threading.py", line 995, in _bootstrap
    self._bootstrap_inner()
  File "C:\Users\ejvil\miniconda3\envs\nspyre\Lib\threading.py", line 1038, in _bootstrap_inner
    self.run()
  File "C:\Users\ejvil\miniconda3\envs\nspyre\Lib\threading.py", line 975, in run
    self._target(*self._args, **self._kwargs)
  File "C:\Users\ejvil\miniconda3\envs\nspyre\Lib\site-packages\nspyre\data\_asyncio_worker.py", line 86, in _event_loop_thread
    self._event_loop.run_forever()
  File "C:\Users\ejvil\miniconda3\envs\nspyre\Lib\asyncio\base_events.py", line 607, in run_forever
    self._run_once()
  File "C:\Users\ejvil\miniconda3\envs\nspyre\Lib\asyncio\base_events.py", line 1914, in _run_once
    handle._run()
  File "C:\Users\ejvil\miniconda3\envs\nspyre\Lib\asyncio\events.py", line 80, in _run
    self._context.run(self._callback, *self._args)
  File "C:\Users\ejvil\miniconda3\envs\nspyre\Lib\site-packages\nspyre\data\_asyncio_worker.py", line 93, in _main_helper
    asyncio.create_task(self._main())
  File "C:\Users\ejvil\miniconda3\envs\nspyre\Lib\asyncio\tasks.py", line 374, in create_task
    task = loop.create_task(coro)
Traceback (most recent call last):
  File "C:\Users\ejvil\miniconda3\envs\nspyre\Lib\site-packages\nspyre\data\sink.py", line 210, in _main
    self._queue.put_nowait(pickle_diff)
  File "C:\Users\ejvil\miniconda3\envs\nspyre\Lib\asyncio\queues.py", line 143, in put_nowait
    raise QueueFull
asyncio.queues.QueueFull

The above exception was the direct cause of the following exception:

Traceback (most recent call last):
  File "C:\Users\ejvil\miniconda3\envs\nspyre\Lib\site-packages\nspyre\data\sink.py", line 219, in _main
    raise RuntimeError(
RuntimeError: Maximum diff size exceeded. This is a consequence of memory build-up due to the sink not being able to keep up with the data rate. Reduce the data rate or increase the client processing throughput.
2025-03-11 20:35:05.894 [   ERROR] (      base_events.py:1771) Task exception was never retrieved
future: <Task finished name='Task-962646' coro=<DataSink._main() done, defined at C:\Users\ejvil\miniconda3\envs\nspyre\Lib\site-packages\nspyre\data\sink.py:109> exception=RuntimeError('Maximum diff size exceeded. This is a consequence of memory build-up due to the sink not being able to keep up with the data rate. Reduce the data rate or increase the client processing throughput.') created at C:\Users\ejvil\miniconda3\envs\nspyre\Lib\asyncio\tasks.py:374>
source_traceback: Object created at (most recent call last):
  File "C:\Users\ejvil\miniconda3\envs\nspyre\Lib\threading.py", line 995, in _bootstrap
    self._bootstrap_inner()
  File "C:\Users\ejvil\miniconda3\envs\nspyre\Lib\threading.py", line 1038, in _bootstrap_inner
    self.run()
  File "C:\Users\ejvil\miniconda3\envs\nspyre\Lib\threading.py", line 975, in run
    self._target(*self._args, **self._kwargs)
  File "C:\Users\ejvil\miniconda3\envs\nspyre\Lib\site-packages\nspyre\data\_asyncio_worker.py", line 86, in _event_loop_thread
    self._event_loop.run_forever()
  File "C:\Users\ejvil\miniconda3\envs\nspyre\Lib\asyncio\base_events.py", line 607, in run_forever
    self._run_once()
  File "C:\Users\ejvil\miniconda3\envs\nspyre\Lib\asyncio\base_events.py", line 1914, in _run_once
    handle._run()
  File "C:\Users\ejvil\miniconda3\envs\nspyre\Lib\asyncio\events.py", line 80, in _run
    self._context.run(self._callback, *self._args)
  File "C:\Users\ejvil\miniconda3\envs\nspyre\Lib\site-packages\nspyre\data\_asyncio_worker.py", line 93, in _main_helper
    asyncio.create_task(self._main())
  File "C:\Users\ejvil\miniconda3\envs\nspyre\Lib\asyncio\tasks.py", line 374, in create_task
    task = loop.create_task(coro)
Traceback (most recent call last):
  File "C:\Users\ejvil\miniconda3\envs\nspyre\Lib\site-packages\nspyre\data\sink.py", line 210, in _main
    self._queue.put_nowait(pickle_diff)
  File "C:\Users\ejvil\miniconda3\envs\nspyre\Lib\asyncio\queues.py", line 143, in put_nowait
    raise QueueFull
asyncio.queues.QueueFull

The above exception was the direct cause of the following exception:

Traceback (most recent call last):
  File "C:\Users\ejvil\miniconda3\envs\nspyre\Lib\site-packages\nspyre\data\sink.py", line 219, in _main
    raise RuntimeError(
RuntimeError: Maximum diff size exceeded. This is a consequence of memory build-up due to the sink not being able to keep up with the data rate. Reduce the data rate or increase the client processing throughput.
2025-03-12 10:21:08.450 [    INFO] (             sink.py: 137) Sink connected to data server [('127.0.0.1', 30101)].
2025-03-12 10:21:11.588 [ WARNING] (      base_events.py:1917) Executing <Task pending name='Task-1413620' coro=<DataSink._main() running at C:\Users\ejvil\miniconda3\envs\nspyre\Lib\site-packages\nspyre\data\sink.py:178> wait_for=<Future pending cb=[Task.task_wakeup()] created at C:\Users\ejvil\miniconda3\envs\nspyre\Lib\asyncio\base_events.py:427> created at C:\Users\ejvil\miniconda3\envs\nspyre\Lib\asyncio\tasks.py:374> took 0.359 seconds
2025-03-12 10:21:11.703 [ WARNING] (      base_events.py:1917) Executing <Task pending name='Task-1413664' coro=<DataSink._pop() running at C:\Users\ejvil\miniconda3\envs\nspyre\Lib\site-packages\nspyre\data\sink.py:248> wait_for=<Future pending cb=[Task.task_wakeup()] created at C:\Users\ejvil\miniconda3\envs\nspyre\Lib\asyncio\base_events.py:427> cb=[_chain_future.<locals>._call_set_state() at C:\Users\ejvil\miniconda3\envs\nspyre\Lib\asyncio\futures.py:394] created at C:\Users\ejvil\miniconda3\envs\nspyre\Lib\asyncio\tasks.py:670> took 0.109 seconds
2025-03-12 10:25:03.385 [    INFO] (             save.py:  72) Saved data set [deer t1] to [//maurerlabnas/MaurerLab/ejvilla4/pH project/March 2025 Titration Curve/pH 11/25_03_12/deer t1/deer t1_pH11.json.json].
2025-03-12 10:25:03.389 [    INFO] (  _asyncio_worker.py:  89) Source [('localhost', 30101)] closed.
2025-03-12 10:27:38.599 [    INFO] (             sink.py: 137) Sink connected to data server [('127.0.0.1', 30101)].
2025-03-12 10:27:38.677 [CRITICAL] (          logging.py:  32) Traceback (most recent call last):
2025-03-12 10:27:38.677 [CRITICAL] (          logging.py:  32)   File "C:\Users\ejvil\miniconda3\envs\nspyre\Lib\site-packages\nspyre\gui\threadsafe.py", line 91, in _handle_error
2025-03-12 10:27:38.677 [CRITICAL] (          logging.py:  32)     raise err
2025-03-12 10:27:38.677 [CRITICAL] (          logging.py:  32)   File "C:\Users\ejvil\miniconda3\envs\nspyre\Lib\site-packages\nspyre\gui\threadsafe.py", line 171, in _run_safe
2025-03-12 10:27:38.681 [CRITICAL] (          logging.py:  32)     result = fun(*args, **kwargs)
2025-03-12 10:27:38.681 [CRITICAL] (          logging.py:  32)              ^^^^^^^^^^^^^^^^^^^^
2025-03-12 10:27:38.681 [CRITICAL] (          logging.py:  32)   File "C:\Users\ejvil\miniconda3\envs\nspyre\Lib\site-packages\nspyre\gui\widgets\flex_line_plot_3.py", line 373, in get_settings
2025-03-12 10:27:38.681 [CRITICAL] (          logging.py:  32)     settings = self.series_settings[name]
2025-03-12 10:27:38.681 [CRITICAL] (          logging.py:  32)                ~~~~~~~~~~~~~~~~~~~~^^^^^^
2025-03-12 10:27:38.681 [CRITICAL] (          logging.py:  32) KeyError: 'diff overall surface T1 decay'
2025-03-12 10:27:38.681 [CRITICAL] (          logging.py:  32) Traceback (most recent call last):
2025-03-12 10:27:38.681 [CRITICAL] (          logging.py:  32)   File "C:\Users\ejvil\miniconda3\envs\nspyre\Lib\site-packages\nspyre\gui\threadsafe.py", line 91, in _handle_error
2025-03-12 10:27:38.681 [CRITICAL] (          logging.py:  32)     raise err
2025-03-12 10:27:38.681 [CRITICAL] (          logging.py:  32)   File "C:\Users\ejvil\miniconda3\envs\nspyre\Lib\site-packages\nspyre\gui\threadsafe.py", line 171, in _run_safe
2025-03-12 10:27:38.687 [CRITICAL] (          logging.py:  32)     result = fun(*args, **kwargs)
2025-03-12 10:27:38.687 [CRITICAL] (          logging.py:  32)              ^^^^^^^^^^^^^^^^^^^^
2025-03-12 10:27:38.688 [CRITICAL] (          logging.py:  32)   File "C:\Users\ejvil\miniconda3\envs\nspyre\Lib\site-packages\nspyre\gui\widgets\flex_line_plot_3.py", line 373, in get_settings
2025-03-12 10:27:38.688 [CRITICAL] (          logging.py:  32)     settings = self.series_settings[name]
2025-03-12 10:27:38.688 [CRITICAL] (          logging.py:  32)                ~~~~~~~~~~~~~~~~~~~~^^^^^^
2025-03-12 10:27:38.688 [CRITICAL] (          logging.py:  32) KeyError: 'diff nuclear oscillation with pi pulse'
2025-03-12 10:27:38.688 [CRITICAL] (          logging.py:  32) Traceback (most recent call last):
2025-03-12 10:27:38.688 [CRITICAL] (          logging.py:  32)   File "C:\Users\ejvil\miniconda3\envs\nspyre\Lib\site-packages\nspyre\gui\threadsafe.py", line 91, in _handle_error
2025-03-12 10:27:38.688 [CRITICAL] (          logging.py:  32)     raise err
2025-03-12 10:27:38.688 [CRITICAL] (          logging.py:  32)   File "C:\Users\ejvil\miniconda3\envs\nspyre\Lib\site-packages\nspyre\gui\threadsafe.py", line 171, in _run_safe
2025-03-12 10:27:38.688 [CRITICAL] (          logging.py:  32)     result = fun(*args, **kwargs)
2025-03-12 10:27:38.688 [CRITICAL] (          logging.py:  32)              ^^^^^^^^^^^^^^^^^^^^
2025-03-12 10:27:38.688 [CRITICAL] (          logging.py:  32)   File "C:\Users\ejvil\miniconda3\envs\nspyre\Lib\site-packages\nspyre\gui\widgets\flex_line_plot_3.py", line 373, in get_settings
2025-03-12 10:27:38.688 [CRITICAL] (          logging.py:  32)     settings = self.series_settings[name]
2025-03-12 10:27:38.688 [CRITICAL] (          logging.py:  32)                ~~~~~~~~~~~~~~~~~~~~^^^^^^
2025-03-12 10:27:38.688 [CRITICAL] (          logging.py:  32) KeyError: 'diff nuclear oscillation no pi pulse'
2025-03-12 10:27:38.688 [CRITICAL] (          logging.py:  32) Traceback (most recent call last):
2025-03-12 10:27:38.688 [CRITICAL] (          logging.py:  32)   File "C:\Users\ejvil\miniconda3\envs\nspyre\Lib\site-packages\nspyre\gui\threadsafe.py", line 91, in _handle_error
2025-03-12 10:27:38.698 [CRITICAL] (          logging.py:  32)     raise err
2025-03-12 10:27:38.698 [CRITICAL] (          logging.py:  32)   File "C:\Users\ejvil\miniconda3\envs\nspyre\Lib\site-packages\nspyre\gui\threadsafe.py", line 171, in _run_safe
2025-03-12 10:27:38.698 [CRITICAL] (          logging.py:  32)     result = fun(*args, **kwargs)
2025-03-12 10:27:38.698 [CRITICAL] (          logging.py:  32)              ^^^^^^^^^^^^^^^^^^^^
2025-03-12 10:27:38.698 [CRITICAL] (          logging.py:  32)   File "C:\Users\ejvil\miniconda3\envs\nspyre\Lib\site-packages\nspyre\gui\widgets\flex_line_plot_3.py", line 373, in get_settings
2025-03-12 10:27:38.698 [CRITICAL] (          logging.py:  32)     settings = self.series_settings[name]
2025-03-12 10:27:38.698 [CRITICAL] (          logging.py:  32)                ~~~~~~~~~~~~~~~~~~~~^^^^^^
2025-03-12 10:27:38.698 [CRITICAL] (          logging.py:  32) KeyError: 'sum pure nuclear oscillation'
2025-03-12 10:27:38.704 [CRITICAL] (          logging.py:  32) Traceback (most recent call last):
2025-03-12 10:27:38.705 [CRITICAL] (          logging.py:  32)   File "C:\Users\ejvil\miniconda3\envs\nspyre\Lib\site-packages\nspyre\gui\threadsafe.py", line 91, in _handle_error
2025-03-12 10:27:38.705 [CRITICAL] (          logging.py:  32)     raise err
2025-03-12 10:27:38.706 [CRITICAL] (          logging.py:  32)   File "C:\Users\ejvil\miniconda3\envs\nspyre\Lib\site-packages\nspyre\gui\threadsafe.py", line 171, in _run_safe
2025-03-12 10:27:38.706 [CRITICAL] (          logging.py:  32)     result = fun(*args, **kwargs)
2025-03-12 10:27:38.706 [CRITICAL] (          logging.py:  32)              ^^^^^^^^^^^^^^^^^^^^
2025-03-12 10:27:38.708 [CRITICAL] (          logging.py:  32)   File "C:\Users\ejvil\miniconda3\envs\nspyre\Lib\site-packages\nspyre\gui\widgets\flex_line_plot_3.py", line 373, in get_settings
2025-03-12 10:27:38.708 [CRITICAL] (          logging.py:  32)     settings = self.series_settings[name]
2025-03-12 10:27:38.708 [CRITICAL] (          logging.py:  32)                ~~~~~~~~~~~~~~~~~~~~^^^^^^
2025-03-12 10:27:38.708 [CRITICAL] (          logging.py:  32) KeyError: 'with pi pulse +y avg'
2025-03-12 10:27:38.708 [CRITICAL] (          logging.py:  32) Traceback (most recent call last):
2025-03-12 10:27:38.708 [CRITICAL] (          logging.py:  32)   File "C:\Users\ejvil\miniconda3\envs\nspyre\Lib\site-packages\nspyre\gui\threadsafe.py", line 91, in _handle_error
2025-03-12 10:27:38.708 [CRITICAL] (          logging.py:  32)     raise err
2025-03-12 10:27:38.708 [CRITICAL] (          logging.py:  32)   File "C:\Users\ejvil\miniconda3\envs\nspyre\Lib\site-packages\nspyre\gui\threadsafe.py", line 171, in _run_safe
2025-03-12 10:27:38.708 [CRITICAL] (          logging.py:  32)     result = fun(*args, **kwargs)
2025-03-12 10:27:38.708 [CRITICAL] (          logging.py:  32)              ^^^^^^^^^^^^^^^^^^^^
2025-03-12 10:27:38.708 [CRITICAL] (          logging.py:  32)   File "C:\Users\ejvil\miniconda3\envs\nspyre\Lib\site-packages\nspyre\gui\widgets\flex_line_plot_3.py", line 373, in get_settings
2025-03-12 10:27:38.708 [CRITICAL] (          logging.py:  32)     settings = self.series_settings[name]
2025-03-12 10:27:38.708 [CRITICAL] (          logging.py:  32)                ~~~~~~~~~~~~~~~~~~~~^^^^^^
2025-03-12 10:27:38.708 [CRITICAL] (          logging.py:  32) KeyError: 'with pi pulse +y latest'
2025-03-12 10:27:38.708 [CRITICAL] (          logging.py:  32) Traceback (most recent call last):
2025-03-12 10:27:38.708 [CRITICAL] (          logging.py:  32)   File "C:\Users\ejvil\miniconda3\envs\nspyre\Lib\site-packages\nspyre\gui\threadsafe.py", line 91, in _handle_error
2025-03-12 10:27:38.708 [CRITICAL] (          logging.py:  32)     raise err
2025-03-12 10:27:38.708 [CRITICAL] (          logging.py:  32)   File "C:\Users\ejvil\miniconda3\envs\nspyre\Lib\site-packages\nspyre\gui\threadsafe.py", line 171, in _run_safe
2025-03-12 10:27:38.708 [CRITICAL] (          logging.py:  32)     result = fun(*args, **kwargs)
2025-03-12 10:27:38.708 [CRITICAL] (          logging.py:  32)              ^^^^^^^^^^^^^^^^^^^^
2025-03-12 10:27:38.708 [CRITICAL] (          logging.py:  32)   File "C:\Users\ejvil\miniconda3\envs\nspyre\Lib\site-packages\nspyre\gui\widgets\flex_line_plot_3.py", line 373, in get_settings
2025-03-12 10:27:38.708 [CRITICAL] (          logging.py:  32)     settings = self.series_settings[name]
2025-03-12 10:27:38.708 [CRITICAL] (          logging.py:  32)                ~~~~~~~~~~~~~~~~~~~~^^^^^^
2025-03-12 10:27:38.708 [CRITICAL] (          logging.py:  32) KeyError: 'with pi pulse -y avg'
2025-03-12 10:27:38.708 [CRITICAL] (          logging.py:  32) Traceback (most recent call last):
2025-03-12 10:27:38.708 [CRITICAL] (          logging.py:  32)   File "C:\Users\ejvil\miniconda3\envs\nspyre\Lib\site-packages\nspyre\gui\threadsafe.py", line 91, in _handle_error
2025-03-12 10:27:38.708 [CRITICAL] (          logging.py:  32)     raise err
2025-03-12 10:27:38.708 [CRITICAL] (          logging.py:  32)   File "C:\Users\ejvil\miniconda3\envs\nspyre\Lib\site-packages\nspyre\gui\threadsafe.py", line 171, in _run_safe
2025-03-12 10:27:38.708 [CRITICAL] (          logging.py:  32)     result = fun(*args, **kwargs)
2025-03-12 10:27:38.718 [CRITICAL] (          logging.py:  32)              ^^^^^^^^^^^^^^^^^^^^
2025-03-12 10:27:38.718 [CRITICAL] (          logging.py:  32)   File "C:\Users\ejvil\miniconda3\envs\nspyre\Lib\site-packages\nspyre\gui\widgets\flex_line_plot_3.py", line 373, in get_settings
2025-03-12 10:27:38.718 [CRITICAL] (          logging.py:  32)     settings = self.series_settings[name]
2025-03-12 10:27:38.718 [CRITICAL] (          logging.py:  32)                ~~~~~~~~~~~~~~~~~~~~^^^^^^
2025-03-12 10:27:38.718 [CRITICAL] (          logging.py:  32) KeyError: 'with pi pulse -y latest'
2025-03-12 10:27:38.718 [CRITICAL] (          logging.py:  32) Traceback (most recent call last):
2025-03-12 10:27:38.718 [CRITICAL] (          logging.py:  32)   File "C:\Users\ejvil\miniconda3\envs\nspyre\Lib\site-packages\nspyre\gui\threadsafe.py", line 91, in _handle_error
2025-03-12 10:27:38.718 [CRITICAL] (          logging.py:  32)     raise err
2025-03-12 10:27:38.718 [CRITICAL] (          logging.py:  32)   File "C:\Users\ejvil\miniconda3\envs\nspyre\Lib\site-packages\nspyre\gui\threadsafe.py", line 171, in _run_safe
2025-03-12 10:27:38.718 [CRITICAL] (          logging.py:  32)     result = fun(*args, **kwargs)
2025-03-12 10:27:38.718 [CRITICAL] (          logging.py:  32)              ^^^^^^^^^^^^^^^^^^^^
2025-03-12 10:27:38.718 [CRITICAL] (          logging.py:  32)   File "C:\Users\ejvil\miniconda3\envs\nspyre\Lib\site-packages\nspyre\gui\widgets\flex_line_plot_3.py", line 373, in get_settings
2025-03-12 10:27:38.718 [CRITICAL] (          logging.py:  32)     settings = self.series_settings[name]
2025-03-12 10:27:38.718 [CRITICAL] (          logging.py:  32)                ~~~~~~~~~~~~~~~~~~~~^^^^^^
2025-03-12 10:27:38.718 [CRITICAL] (          logging.py:  32) KeyError: 'no pi pulse +y avg'
2025-03-12 10:27:38.718 [CRITICAL] (          logging.py:  32) Traceback (most recent call last):
2025-03-12 10:27:38.718 [CRITICAL] (          logging.py:  32)   File "C:\Users\ejvil\miniconda3\envs\nspyre\Lib\site-packages\nspyre\gui\threadsafe.py", line 91, in _handle_error
2025-03-12 10:27:38.718 [CRITICAL] (          logging.py:  32)     raise err
2025-03-12 10:27:38.718 [CRITICAL] (          logging.py:  32)   File "C:\Users\ejvil\miniconda3\envs\nspyre\Lib\site-packages\nspyre\gui\threadsafe.py", line 171, in _run_safe
2025-03-12 10:27:38.718 [CRITICAL] (          logging.py:  32)     result = fun(*args, **kwargs)
2025-03-12 10:27:38.718 [CRITICAL] (          logging.py:  32)              ^^^^^^^^^^^^^^^^^^^^
2025-03-12 10:27:38.718 [CRITICAL] (          logging.py:  32)   File "C:\Users\ejvil\miniconda3\envs\nspyre\Lib\site-packages\nspyre\gui\widgets\flex_line_plot_3.py", line 373, in get_settings
2025-03-12 10:27:38.718 [CRITICAL] (          logging.py:  32)     settings = self.series_settings[name]
2025-03-12 10:27:38.718 [CRITICAL] (          logging.py:  32)                ~~~~~~~~~~~~~~~~~~~~^^^^^^
2025-03-12 10:27:38.718 [CRITICAL] (          logging.py:  32) KeyError: 'no pi pulse +y latest'
2025-03-12 10:27:38.718 [CRITICAL] (          logging.py:  32) Traceback (most recent call last):
2025-03-12 10:27:38.718 [CRITICAL] (          logging.py:  32)   File "C:\Users\ejvil\miniconda3\envs\nspyre\Lib\site-packages\nspyre\gui\threadsafe.py", line 91, in _handle_error
2025-03-12 10:27:38.718 [CRITICAL] (          logging.py:  32)     raise err
2025-03-12 10:27:38.718 [CRITICAL] (          logging.py:  32)   File "C:\Users\ejvil\miniconda3\envs\nspyre\Lib\site-packages\nspyre\gui\threadsafe.py", line 171, in _run_safe
2025-03-12 10:27:38.718 [CRITICAL] (          logging.py:  32)     result = fun(*args, **kwargs)
2025-03-12 10:27:38.718 [CRITICAL] (          logging.py:  32)              ^^^^^^^^^^^^^^^^^^^^
2025-03-12 10:27:38.718 [CRITICAL] (          logging.py:  32)   File "C:\Users\ejvil\miniconda3\envs\nspyre\Lib\site-packages\nspyre\gui\widgets\flex_line_plot_3.py", line 373, in get_settings
2025-03-12 10:27:38.718 [CRITICAL] (          logging.py:  32)     settings = self.series_settings[name]
2025-03-12 10:27:38.718 [CRITICAL] (          logging.py:  32)                ~~~~~~~~~~~~~~~~~~~~^^^^^^
2025-03-12 10:27:38.718 [CRITICAL] (          logging.py:  32) KeyError: 'no pi pulse -y avg'
2025-03-12 10:27:38.718 [CRITICAL] (          logging.py:  32) Traceback (most recent call last):
2025-03-12 10:27:38.718 [CRITICAL] (          logging.py:  32)   File "C:\Users\ejvil\miniconda3\envs\nspyre\Lib\site-packages\nspyre\gui\threadsafe.py", line 91, in _handle_error
2025-03-12 10:27:38.718 [CRITICAL] (          logging.py:  32)     raise err
2025-03-12 10:27:38.718 [CRITICAL] (          logging.py:  32)   File "C:\Users\ejvil\miniconda3\envs\nspyre\Lib\site-packages\nspyre\gui\threadsafe.py", line 171, in _run_safe
2025-03-12 10:27:38.718 [CRITICAL] (          logging.py:  32)     result = fun(*args, **kwargs)
2025-03-12 10:27:38.718 [CRITICAL] (          logging.py:  32)              ^^^^^^^^^^^^^^^^^^^^
2025-03-12 10:27:38.718 [CRITICAL] (          logging.py:  32)   File "C:\Users\ejvil\miniconda3\envs\nspyre\Lib\site-packages\nspyre\gui\widgets\flex_line_plot_3.py", line 373, in get_settings
2025-03-12 10:27:38.718 [CRITICAL] (          logging.py:  32)     settings = self.series_settings[name]
2025-03-12 10:27:38.718 [CRITICAL] (          logging.py:  32)                ~~~~~~~~~~~~~~~~~~~~^^^^^^
2025-03-12 10:27:38.718 [CRITICAL] (          logging.py:  32) KeyError: 'no pi pulse -y latest'
2025-03-12 10:28:00.406 [    INFO] (             misc.py: 208) Running process function [<function run_experiment at 0x00000195908B4FE0>] with args: [()] kwargs: [{'exp_cls': <class 'nv_experiments_all.SpinMeasurements'>, 'fun_name': 'rabi_scan', 'constructor_args': [], 'constructor_kwargs': {}, 'queue_to_exp': <multiprocessing.queues.Queue object at 0x00000195A18A7190>, 'queue_from_exp': <multiprocessing.queues.Queue object at 0x00000195A18A6A90>, 'fun_args': [], 'fun_kwargs': {'runs': 120, 'iters': 100, 'start': 0.0, 'stop': 2e-07, 'num_pts': 50, 'freq': 2312000000.0, 'rf_power': 0.00075, 'pulse_axis': 'y', 'laser_power': 110, 'laser_init': 3e-05, 'laser_readout': 2.5e-06, 'sideband_freq': 30000000.0, 'sideband_power': 0.45, 'sideband': 'Lower', 'i_offset': -0.002, 'q_offset': -0.004, 'detector': 'APD', 'segment_size': 1024, 'dig_sampling_freq': 500000000.0, 'dig_amplitude': 1.0, 'read_channel': '0', 'dig_coupling': 'DC', 'dig_termination': '1M', 'pretrig_size': 32, 'dig_timeout': 5.0, 'save': False, 'dataset': 'rabi', 'filename': '', 'directory': '', 'seq': 'Rabi', 'fit': False, 'fit_live': False, 'fit_params': [0.02, 0.001, 200.0, 0.0, 1.0]}}].
2025-03-12 10:28:49.241 [    INFO] (             sink.py: 137) Sink connected to data server [('127.0.0.1', 30101)].
2025-03-12 10:28:59.888 [    INFO] (             misc.py: 208) Running process function [<function run_experiment at 0x00000195908B4FE0>] with args: [()] kwargs: [{'exp_cls': <class 'nv_experiments_all.SpinMeasurements'>, 'fun_name': 'odmr_scan', 'constructor_args': [], 'constructor_kwargs': {}, 'queue_to_exp': <multiprocessing.queues.Queue object at 0x00000195A18A7190>, 'queue_from_exp': <multiprocessing.queues.Queue object at 0x00000195A18A6A90>, 'fun_args': [], 'fun_kwargs': {'runs': 120, 'iters': 10, 'num_pts': 50, 'center_freq': 2312000000.0, 'half_span_sideband_freq': 100000000.0, 'rf_power': 0.0001, 'probe': 2.5e-05, 'laser_power': 110, 'laser_init': 3e-05, 'laser_readout': 2.5e-06, 'sideband_freq': 30000000.0, 'sideband_power': 0.15, 'sideband': 'Lower', 'i_offset': -0.002, 'q_offset': -0.004, 'detector': 'APD', 'segment_size': 1024, 'dig_sampling_freq': 500000000.0, 'dig_amplitude': 1.0, 'read_channel': '0', 'dig_coupling': 'DC', 'dig_termination': '1M', 'pretrig_size': 32, 'dig_timeout': 5.0, 'save': False, 'dataset': 'odmr', 'filename': '', 'directory': '', 'seq': 'CW ODMR', 'fit': False, 'fit_live': False, 'fit_params': [0.01, 2.0, 0.006, 1.0]}}].
2025-03-12 10:29:16.874 [    INFO] (             misc.py: 208) Running process function [<function run_experiment at 0x00000195908B4FE0>] with args: [()] kwargs: [{'exp_cls': <class 'nv_experiments_all.SpinMeasurements'>, 'fun_name': 'odmr_scan', 'constructor_args': [], 'constructor_kwargs': {}, 'queue_to_exp': <multiprocessing.queues.Queue object at 0x00000195A18A7190>, 'queue_from_exp': <multiprocessing.queues.Queue object at 0x00000195A18A6A90>, 'fun_args': [], 'fun_kwargs': {'runs': 120, 'iters': 1000, 'num_pts': 50, 'center_freq': 2312000000.0, 'half_span_sideband_freq': 20000000.0, 'rf_power': 0.0001, 'probe': 2.5e-05, 'laser_power': 110, 'laser_init': 3e-05, 'laser_readout': 2.5e-06, 'sideband_freq': 30000000.0, 'sideband_power': 0.15, 'sideband': 'Lower', 'i_offset': -0.002, 'q_offset': -0.004, 'detector': 'APD', 'segment_size': 1024, 'dig_sampling_freq': 500000000.0, 'dig_amplitude': 1.0, 'read_channel': '0', 'dig_coupling': 'DC', 'dig_termination': '1M', 'pretrig_size': 32, 'dig_timeout': 5.0, 'save': False, 'dataset': 'odmr', 'filename': '', 'directory': '', 'seq': 'CW ODMR', 'fit': False, 'fit_live': False, 'fit_params': [0.01, 2.0, 0.006, 1.0]}}].
2025-03-12 10:29:41.601 [    INFO] (             sink.py: 137) Sink connected to data server [('127.0.0.1', 30101)].
2025-03-12 10:29:51.092 [    INFO] (             misc.py: 208) Running process function [<function run_experiment at 0x00000195908B4FE0>] with args: [()] kwargs: [{'exp_cls': <class 'nv_experiments_all.SpinMeasurements'>, 'fun_name': 'odmr_scan', 'constructor_args': [], 'constructor_kwargs': {}, 'queue_to_exp': <multiprocessing.queues.Queue object at 0x00000195A18A7190>, 'queue_from_exp': <multiprocessing.queues.Queue object at 0x00000195A18A6A90>, 'fun_args': [], 'fun_kwargs': {'runs': 120, 'iters': 1000, 'num_pts': 50, 'center_freq': 2312000000.0, 'half_span_sideband_freq': 20000000.0, 'rf_power': 0.0001, 'probe': 2.5e-05, 'laser_power': 110, 'laser_init': 1e-05, 'laser_readout': 2.5e-06, 'sideband_freq': 30000000.0, 'sideband_power': 0.15, 'sideband': 'Lower', 'i_offset': -0.002, 'q_offset': -0.004, 'detector': 'APD', 'segment_size': 1024, 'dig_sampling_freq': 500000000.0, 'dig_amplitude': 1.0, 'read_channel': '0', 'dig_coupling': 'DC', 'dig_termination': '1M', 'pretrig_size': 32, 'dig_timeout': 5.0, 'save': False, 'dataset': 'odmr', 'filename': '', 'directory': '', 'seq': 'CW ODMR', 'fit': False, 'fit_live': False, 'fit_params': [0.01, 2.0, 0.006, 1.0]}}].
2025-03-12 10:30:04.871 [    INFO] (             misc.py: 208) Running process function [<function run_experiment at 0x00000195908B4FE0>] with args: [()] kwargs: [{'exp_cls': <class 'nv_experiments_all.SpinMeasurements'>, 'fun_name': 'rabi_scan', 'constructor_args': [], 'constructor_kwargs': {}, 'queue_to_exp': <multiprocessing.queues.Queue object at 0x00000195A18A7190>, 'queue_from_exp': <multiprocessing.queues.Queue object at 0x00000195A18A6A90>, 'fun_args': [], 'fun_kwargs': {'runs': 120, 'iters': 100, 'start': 0.0, 'stop': 2e-07, 'num_pts': 50, 'freq': 2312000000.0, 'rf_power': 0.00075, 'pulse_axis': 'y', 'laser_power': 110, 'laser_init': 1e-05, 'laser_readout': 2.5e-06, 'sideband_freq': 30000000.0, 'sideband_power': 0.45, 'sideband': 'Lower', 'i_offset': -0.002, 'q_offset': -0.004, 'detector': 'APD', 'segment_size': 1024, 'dig_sampling_freq': 500000000.0, 'dig_amplitude': 1.0, 'read_channel': '0', 'dig_coupling': 'DC', 'dig_termination': '1M', 'pretrig_size': 32, 'dig_timeout': 5.0, 'save': False, 'dataset': 'rabi', 'filename': '', 'directory': '', 'seq': 'Rabi', 'fit': False, 'fit_live': False, 'fit_params': [0.02, 0.001, 200.0, 0.0, 1.0]}}].
2025-03-12 10:30:19.506 [    INFO] (             misc.py: 208) Running process function [<function run_experiment at 0x00000195908B4FE0>] with args: [()] kwargs: [{'exp_cls': <class 'nv_experiments_all.SpinMeasurements'>, 'fun_name': 'rabi_scan', 'constructor_args': [], 'constructor_kwargs': {}, 'queue_to_exp': <multiprocessing.queues.Queue object at 0x00000195A18A7190>, 'queue_from_exp': <multiprocessing.queues.Queue object at 0x00000195A18A6A90>, 'fun_args': [], 'fun_kwargs': {'runs': 120, 'iters': 100, 'start': 0.0, 'stop': 2e-07, 'num_pts': 50, 'freq': 2312000000.0, 'rf_power': 0.00075, 'pulse_axis': 'y', 'laser_power': 110, 'laser_init': 6e-06, 'laser_readout': 2.5e-06, 'sideband_freq': 30000000.0, 'sideband_power': 0.45, 'sideband': 'Lower', 'i_offset': -0.002, 'q_offset': -0.004, 'detector': 'APD', 'segment_size': 1024, 'dig_sampling_freq': 500000000.0, 'dig_amplitude': 1.0, 'read_channel': '0', 'dig_coupling': 'DC', 'dig_termination': '1M', 'pretrig_size': 32, 'dig_timeout': 5.0, 'save': False, 'dataset': 'rabi', 'filename': '', 'directory': '', 'seq': 'Rabi', 'fit': False, 'fit_live': False, 'fit_params': [0.02, 0.001, 200.0, 0.0, 1.0]}}].
2025-03-12 10:30:41.846 [    INFO] (             misc.py: 208) Running process function [<function run_experiment at 0x00000195908B4FE0>] with args: [()] kwargs: [{'exp_cls': <class 'nv_experiments_all.SpinMeasurements'>, 'fun_name': 'rabi_scan', 'constructor_args': [], 'constructor_kwargs': {}, 'queue_to_exp': <multiprocessing.queues.Queue object at 0x00000195A18A7190>, 'queue_from_exp': <multiprocessing.queues.Queue object at 0x00000195A18A6A90>, 'fun_args': [], 'fun_kwargs': {'runs': 120, 'iters': 100, 'start': 0.0, 'stop': 2e-07, 'num_pts': 50, 'freq': 2312000000.0, 'rf_power': 0.00075, 'pulse_axis': 'y', 'laser_power': 110, 'laser_init': 1e-05, 'laser_readout': 2.5e-06, 'sideband_freq': 30000000.0, 'sideband_power': 0.45, 'sideband': 'Lower', 'i_offset': -0.002, 'q_offset': -0.004, 'detector': 'APD', 'segment_size': 1024, 'dig_sampling_freq': 500000000.0, 'dig_amplitude': 1.0, 'read_channel': '0', 'dig_coupling': 'DC', 'dig_termination': '1M', 'pretrig_size': 32, 'dig_timeout': 5.0, 'save': False, 'dataset': 'rabi', 'filename': '', 'directory': '', 'seq': 'Rabi', 'fit': False, 'fit_live': False, 'fit_params': [0.02, 0.001, 200.0, 0.0, 1.0]}}].
2025-03-12 10:31:08.922 [    INFO] (             sink.py: 137) Sink connected to data server [('127.0.0.1', 30101)].
2025-03-12 10:31:09.228 [ WARNING] (      base_events.py:1917) Executing <Task pending name='Task-1422811' coro=<DataSink._main() running at C:\Users\ejvil\miniconda3\envs\nspyre\Lib\site-packages\nspyre\data\sink.py:178> wait_for=<Future pending cb=[Task.task_wakeup()] created at C:\Users\ejvil\miniconda3\envs\nspyre\Lib\asyncio\base_events.py:427> created at C:\Users\ejvil\miniconda3\envs\nspyre\Lib\asyncio\tasks.py:374> took 0.110 seconds
2025-03-12 10:31:09.294 [CRITICAL] (          logging.py:  32) Traceback (most recent call last):
2025-03-12 10:31:09.297 [CRITICAL] (          logging.py:  32)   File "C:\Users\ejvil\miniconda3\envs\nspyre\Lib\site-packages\nspyre\gui\threadsafe.py", line 91, in _handle_error
2025-03-12 10:31:09.297 [CRITICAL] (          logging.py:  32)     raise err
2025-03-12 10:31:09.297 [CRITICAL] (          logging.py:  32)   File "C:\Users\ejvil\miniconda3\envs\nspyre\Lib\site-packages\nspyre\gui\threadsafe.py", line 171, in _run_safe
2025-03-12 10:31:09.297 [CRITICAL] (          logging.py:  32)     result = fun(*args, **kwargs)
2025-03-12 10:31:09.297 [CRITICAL] (          logging.py:  32)              ^^^^^^^^^^^^^^^^^^^^
2025-03-12 10:31:09.297 [CRITICAL] (          logging.py:  32)   File "C:\Users\ejvil\miniconda3\envs\nspyre\Lib\site-packages\nspyre\gui\widgets\flex_line_plot_3.py", line 373, in get_settings
2025-03-12 10:31:09.297 [CRITICAL] (          logging.py:  32)     settings = self.series_settings[name]
2025-03-12 10:31:09.297 [CRITICAL] (          logging.py:  32)                ~~~~~~~~~~~~~~~~~~~~^^^^^^
2025-03-12 10:31:09.297 [CRITICAL] (          logging.py:  32) KeyError: 'div_latest'
2025-03-12 10:31:09.302 [CRITICAL] (          logging.py:  32) Traceback (most recent call last):
2025-03-12 10:31:09.302 [CRITICAL] (          logging.py:  32)   File "C:\Users\ejvil\miniconda3\envs\nspyre\Lib\site-packages\nspyre\gui\threadsafe.py", line 91, in _handle_error
2025-03-12 10:31:09.302 [CRITICAL] (          logging.py:  32)     raise err
2025-03-12 10:31:09.302 [CRITICAL] (          logging.py:  32)   File "C:\Users\ejvil\miniconda3\envs\nspyre\Lib\site-packages\nspyre\gui\threadsafe.py", line 171, in _run_safe
2025-03-12 10:31:09.302 [CRITICAL] (          logging.py:  32)     result = fun(*args, **kwargs)
2025-03-12 10:31:09.307 [CRITICAL] (          logging.py:  32)              ^^^^^^^^^^^^^^^^^^^^
2025-03-12 10:31:09.307 [CRITICAL] (          logging.py:  32)   File "C:\Users\ejvil\miniconda3\envs\nspyre\Lib\site-packages\nspyre\gui\widgets\flex_line_plot_3.py", line 373, in get_settings
2025-03-12 10:31:09.307 [CRITICAL] (          logging.py:  32)     settings = self.series_settings[name]
2025-03-12 10:31:09.307 [CRITICAL] (          logging.py:  32)                ~~~~~~~~~~~~~~~~~~~~^^^^^^
2025-03-12 10:31:09.307 [CRITICAL] (          logging.py:  32) KeyError: 'sig_avg'
2025-03-12 10:31:09.307 [CRITICAL] (          logging.py:  32) Traceback (most recent call last):
2025-03-12 10:31:09.307 [CRITICAL] (          logging.py:  32)   File "C:\Users\ejvil\miniconda3\envs\nspyre\Lib\site-packages\nspyre\gui\threadsafe.py", line 91, in _handle_error
2025-03-12 10:31:09.307 [CRITICAL] (          logging.py:  32)     raise err
2025-03-12 10:31:09.307 [CRITICAL] (          logging.py:  32)   File "C:\Users\ejvil\miniconda3\envs\nspyre\Lib\site-packages\nspyre\gui\threadsafe.py", line 171, in _run_safe
2025-03-12 10:31:09.314 [CRITICAL] (          logging.py:  32)     result = fun(*args, **kwargs)
2025-03-12 10:31:09.314 [CRITICAL] (          logging.py:  32)              ^^^^^^^^^^^^^^^^^^^^
2025-03-12 10:31:09.314 [CRITICAL] (          logging.py:  32)   File "C:\Users\ejvil\miniconda3\envs\nspyre\Lib\site-packages\nspyre\gui\widgets\flex_line_plot_3.py", line 373, in get_settings
2025-03-12 10:31:09.317 [CRITICAL] (          logging.py:  32)     settings = self.series_settings[name]
2025-03-12 10:31:09.317 [CRITICAL] (          logging.py:  32)                ~~~~~~~~~~~~~~~~~~~~^^^^^^
2025-03-12 10:31:09.317 [CRITICAL] (          logging.py:  32) KeyError: 'sig_latest'
2025-03-12 10:31:09.317 [CRITICAL] (          logging.py:  32) Traceback (most recent call last):
2025-03-12 10:31:09.317 [CRITICAL] (          logging.py:  32)   File "C:\Users\ejvil\miniconda3\envs\nspyre\Lib\site-packages\nspyre\gui\threadsafe.py", line 91, in _handle_error
2025-03-12 10:31:09.317 [CRITICAL] (          logging.py:  32)     raise err
2025-03-12 10:31:09.317 [CRITICAL] (          logging.py:  32)   File "C:\Users\ejvil\miniconda3\envs\nspyre\Lib\site-packages\nspyre\gui\threadsafe.py", line 171, in _run_safe
2025-03-12 10:31:09.317 [CRITICAL] (          logging.py:  32)     result = fun(*args, **kwargs)
2025-03-12 10:31:09.317 [CRITICAL] (          logging.py:  32)              ^^^^^^^^^^^^^^^^^^^^
2025-03-12 10:31:09.317 [CRITICAL] (          logging.py:  32)   File "C:\Users\ejvil\miniconda3\envs\nspyre\Lib\site-packages\nspyre\gui\widgets\flex_line_plot_3.py", line 373, in get_settings
2025-03-12 10:31:09.317 [CRITICAL] (          logging.py:  32)     settings = self.series_settings[name]
2025-03-12 10:31:09.317 [CRITICAL] (          logging.py:  32)                ~~~~~~~~~~~~~~~~~~~~^^^^^^
2025-03-12 10:31:09.317 [CRITICAL] (          logging.py:  32) KeyError: 'sig_first'
2025-03-12 10:31:09.317 [CRITICAL] (          logging.py:  32) Traceback (most recent call last):
2025-03-12 10:31:09.317 [CRITICAL] (          logging.py:  32)   File "C:\Users\ejvil\miniconda3\envs\nspyre\Lib\site-packages\nspyre\gui\threadsafe.py", line 91, in _handle_error
2025-03-12 10:31:09.317 [CRITICAL] (          logging.py:  32)     raise err
2025-03-12 10:31:09.317 [CRITICAL] (          logging.py:  32)   File "C:\Users\ejvil\miniconda3\envs\nspyre\Lib\site-packages\nspyre\gui\threadsafe.py", line 171, in _run_safe
2025-03-12 10:31:09.327 [CRITICAL] (          logging.py:  32)     result = fun(*args, **kwargs)
2025-03-12 10:31:09.327 [CRITICAL] (          logging.py:  32)              ^^^^^^^^^^^^^^^^^^^^
2025-03-12 10:31:09.327 [CRITICAL] (          logging.py:  32)   File "C:\Users\ejvil\miniconda3\envs\nspyre\Lib\site-packages\nspyre\gui\widgets\flex_line_plot_3.py", line 373, in get_settings
2025-03-12 10:31:09.327 [CRITICAL] (          logging.py:  32)     settings = self.series_settings[name]
2025-03-12 10:31:09.327 [CRITICAL] (          logging.py:  32)                ~~~~~~~~~~~~~~~~~~~~^^^^^^
2025-03-12 10:31:09.327 [CRITICAL] (          logging.py:  32) KeyError: 'sig_latest_10'
2025-03-12 10:31:09.327 [CRITICAL] (          logging.py:  32) Traceback (most recent call last):
2025-03-12 10:31:09.327 [CRITICAL] (          logging.py:  32)   File "C:\Users\ejvil\miniconda3\envs\nspyre\Lib\site-packages\nspyre\gui\threadsafe.py", line 91, in _handle_error
2025-03-12 10:31:09.327 [CRITICAL] (          logging.py:  32)     raise err
2025-03-12 10:31:09.327 [CRITICAL] (          logging.py:  32)   File "C:\Users\ejvil\miniconda3\envs\nspyre\Lib\site-packages\nspyre\gui\threadsafe.py", line 171, in _run_safe
2025-03-12 10:31:09.327 [CRITICAL] (          logging.py:  32)     result = fun(*args, **kwargs)
2025-03-12 10:31:09.327 [CRITICAL] (          logging.py:  32)              ^^^^^^^^^^^^^^^^^^^^
2025-03-12 10:31:09.327 [CRITICAL] (          logging.py:  32)   File "C:\Users\ejvil\miniconda3\envs\nspyre\Lib\site-packages\nspyre\gui\widgets\flex_line_plot_3.py", line 373, in get_settings
2025-03-12 10:31:09.327 [CRITICAL] (          logging.py:  32)     settings = self.series_settings[name]
2025-03-12 10:31:09.337 [CRITICAL] (          logging.py:  32)                ~~~~~~~~~~~~~~~~~~~~^^^^^^
2025-03-12 10:31:09.337 [CRITICAL] (          logging.py:  32) KeyError: 'bg_avg'
2025-03-12 10:31:09.337 [CRITICAL] (          logging.py:  32) Traceback (most recent call last):
2025-03-12 10:31:09.337 [CRITICAL] (          logging.py:  32)   File "C:\Users\ejvil\miniconda3\envs\nspyre\Lib\site-packages\nspyre\gui\threadsafe.py", line 91, in _handle_error
2025-03-12 10:31:09.337 [CRITICAL] (          logging.py:  32)     raise err
2025-03-12 10:31:09.337 [CRITICAL] (          logging.py:  32)   File "C:\Users\ejvil\miniconda3\envs\nspyre\Lib\site-packages\nspyre\gui\threadsafe.py", line 171, in _run_safe
2025-03-12 10:31:09.337 [CRITICAL] (          logging.py:  32)     result = fun(*args, **kwargs)
2025-03-12 10:31:09.337 [CRITICAL] (          logging.py:  32)              ^^^^^^^^^^^^^^^^^^^^
2025-03-12 10:31:09.337 [CRITICAL] (          logging.py:  32)   File "C:\Users\ejvil\miniconda3\envs\nspyre\Lib\site-packages\nspyre\gui\widgets\flex_line_plot_3.py", line 373, in get_settings
2025-03-12 10:31:09.337 [CRITICAL] (          logging.py:  32)     settings = self.series_settings[name]
2025-03-12 10:31:09.337 [CRITICAL] (          logging.py:  32)                ~~~~~~~~~~~~~~~~~~~~^^^^^^
2025-03-12 10:31:09.337 [CRITICAL] (          logging.py:  32) KeyError: 'bg_latest'
2025-03-12 10:31:20.160 [    INFO] (             misc.py: 208) Running process function [<function run_experiment at 0x00000195908B4FE0>] with args: [()] kwargs: [{'exp_cls': <class 'nv_experiments_all.SpinMeasurements'>, 'fun_name': 'DEER_FID_scan', 'constructor_args': [], 'constructor_kwargs': {}, 'queue_to_exp': <multiprocessing.queues.Queue object at 0x00000195A18A7190>, 'queue_from_exp': <multiprocessing.queues.Queue object at 0x00000195A18A6A90>, 'fun_args': [], 'fun_kwargs': {'runs': 120, 'iters': 10, 'start': 5e-08, 'stop': 2e-05, 'num_pts': 100, 'array_type': 'geomspace', 'freq': 2312000000.0, 'rf_power': 0.00075, 'pi': 1.03e-07, 'pulse_axis': 'y', 'dark_freq': 559000000.0, 'awg_power': 0.25, 'dark_pi': 1.44e-07, 'n': 1, 'laser_power': 110, 'laser_init': 3e-05, 'laser_readout': 2.5e-06, 'sideband_freq': 30000000.0, 'sideband_power': 0.45, 'sideband': 'Lower', 'i_offset': -0.002, 'q_offset': -0.004, 'detector': 'APD', 'segment_size': 1024, 'dig_sampling_freq': 500000000.0, 'dig_amplitude': 1.0, 'read_channel': '0', 'dig_coupling': 'DC', 'dig_termination': '1M', 'pretrig_size': 32, 'dig_timeout': 5.0, 'save': False, 'dataset': 'fid', 'filename': '', 'directory': '', 'seq': 'DEER FID', 'fit': False, 'fit_live': False, 'fit_params': [0.0]}}].
2025-03-12 10:31:47.973 [    INFO] (          gateway.py: 173) Gateway disconnected from server at localhost:42068
